Contract_ID,Collection_Period,Domain_Type,Deployment_Gas,Owner_Gas,User_Gas,Admin_Gas,Mean_Gas,Vulnerability_Count,Vulnerability_Score,Fairness_Variance,Loop_Gas_Share,Storage_Gas_Share,Runtime_ms,Anomaly_Flag
C_2025_00001,Nov-2025,Marketplace,115960.57,48893.89,105199.7,55712.79,69935.46,0,0.0,0.359,0.358,0.556,87.64,0
C_2025_00002,Nov-2025,DeFi,153688.19,56139.48,68869.66,72305.62,65771.59,1,0.2,0.106,0.359,0.568,56.73,0
C_2025_00003,Nov-2025,Token,44099.61,57602.96,268382.991935819,65940.48,71491.78,3,0.0,0.3357620909520558,0.365,0.587,65.08,1
C_2025_00004,Nov-2025,DeFi,120557.88,54781.76,102359.99,62284.99,73142.25,0,0.0,0.286,0.38,0.567,43.58,0
C_2025_00005,Nov-2025,NFT,162994.92,57579.52,76406.51,67580.69,67188.91,1,0.2,0.114,0.375,0.553,90.01,0
C_2025_00006,Nov-2025,Wallet,119870.54,40233.25,64583.4,44579.54,49798.73,1,0.2,0.213,0.398,0.628,91.67,0
C_2025_00007,Nov-2025,Token,66749.11,57054.09,136840.61,53368.22,82420.97,0,0.0,0.467,0.352,0.583,61.38,0
C_2025_00008,Nov-2025,Energy,119284.41,45694.87,76026.17,46260.29,55993.78,1,0.2,0.253,0.39,0.557,94.28,0
C_2025_00009,Nov-2025,Token,59584.62,54893.41,66266.16,67309.45,62823.01,3,0.6,0.09,0.368,0.562,87.47,0
C_2025_00010,Nov-2025,DeFi,107377.7,58797.18,75414.78,60231.41,64814.45,2,0.4,0.116,0.394,0.597,46.58,0
C_2025_00011,Nov-2025,Marketplace,121675.56,56364.76,108764.85,68110.44,77746.68,2,0.4,0.289,0.351,0.561,41.73,0
C_2025_00012,Nov-2025,DeFi,108718.74,58339.93,108578.89,73684.89,80201.24,1,0.2,0.262,0.388,0.573,44.23,0
C_2025_00013,Nov-2025,Energy,100298.08,45985.94,110762.06,56252.22,71000.08,3,0.6,0.4,0.395,0.604,84.41,0
C_2025_00014,Nov-2025,Token,62525.69,55385.0,74385.8,54896.18,61555.66,3,0.6,0.147,0.376,0.592,52.22,0
C_2025_00015,Nov-2025,Wallet,105887.43,43581.78,105719.93,44857.91,64719.87,2,0.4,0.448,0.399,0.646,53.85,0
C_2025_00016,Nov-2025,NFT,136624.58,49787.89,78181.56,45543.71,57837.72,2,0.4,0.251,0.364,0.641,53.18,0
C_2025_00017,Nov-2025,Marketplace,109583.46,40650.58,100868.13,40521.39,60680.03,2,0.4,0.468,0.386,0.587,74.78,0
C_2025_00018,Nov-2025,Healthcare,117042.29,67523.65,88954.08,83332.35,79936.69,1,0.2,0.113,0.352,0.609,77.27,0
C_2025_00019,Nov-2025,DeFi,130137.17,47075.69,70352.0,54516.9,57314.86,0,0.0,0.169,0.385,0.589,91.52,0
C_2025_00020,Nov-2025,Wallet,105340.83,42915.9,57829.85,54497.93,51747.89,2,0.4,0.124,0.391,0.606,69.13,0
C_2025_00021,Nov-2025,DAO,106106.11,48353.07,114421.75,60932.95,74569.26,1,0.2,0.384,0.367,0.623,89.34,0
C_2025_00022,Nov-2025,Token,67003.94,52771.59,107371.24,49270.51,69804.44,0,0.0,0.381,0.395,0.611,40.51,0
C_2025_00023,Nov-2025,DAO,113516.87,44285.19,53433.63,42705.24,46808.02,3,0.6,0.101,0.386,0.574,57.9,0
C_2025_00024,Nov-2025,DeFi,141549.66,60147.12,138578.38,69953.81,89559.77,1,0.2,0.39,0.368,0.577,53.42,0
C_2025_00025,Nov-2025,DAO,109074.78,52729.22,124423.05,60768.07,79306.78,3,0.6,0.404,0.36,0.622,55.44,0
C_2025_00026,Nov-2025,Token,65335.84,48901.83,69941.54,62407.7,60417.02,3,0.6,0.144,0.396,0.593,93.17,0
C_2025_00027,Nov-2025,Marketplace,99838.48,37881.22,87372.19,38895.26,54716.22,0,0.0,0.422,0.378,0.644,78.28,0
C_2025_00028,Nov-2025,Token,57929.14,51229.8,102434.47,66394.93,73353.06,0,0.0,0.293,0.376,0.638,80.74,0
C_2025_00029,Nov-2025,NFT,196661.02,58430.42,97423.28,59449.25,71767.65,5,1.0,0.253,0.39,0.615,78.61,0
C_2025_00030,Nov-2025,Wallet,112787.55,51409.45,84280.32,53991.91,63227.23,0,0.0,0.236,0.379,0.554,65.61,0
C_2025_00031,Nov-2025,DeFi,103172.55,52858.44,104029.8,48217.47,68368.57,0,0.0,0.37,0.391,0.586,46.99,0
C_2025_00032,Nov-2025,DeFi,153405.7,51028.41,75550.99,58639.61,61739.67,0,0.0,0.166,0.353,0.603,69.73,0
C_2025_00033,Nov-2025,Marketplace,126361.23,56630.13,139797.57,62662.38,86363.36,2,0.4,0.438,0.372,0.558,41.39,0
C_2025_00034,Nov-2025,Marketplace,100738.17,63290.41,90206.73,60921.76,71472.97,1,0.2,0.186,0.386,0.616,55.4,0
C_2025_00035,Nov-2025,NFT,217443.12,58259.72,101691.18,58206.85,72719.25,2,0.4,0.282,0.356,0.555,42.24,0
C_2025_00036,Nov-2025,Marketplace,115325.83,56197.07,102077.82,52776.56,70350.49,2,0.4,0.32,0.372,0.59,73.87,0
C_2025_00037,Nov-2025,DeFi,123399.33,51045.92,86114.29,58720.37,65293.53,3,0.6,0.231,0.354,0.614,41.46,0
C_2025_00038,Nov-2025,NFT,187943.25,51008.76,99371.0,53827.91,68069.22,2,0.4,0.326,0.397,0.589,92.87,0
C_2025_00039,Nov-2025,Marketplace,104162.81,51660.79,83415.03,63953.48,66343.1,0,0.0,0.197,0.391,0.578,46.5,0
C_2025_00040,Nov-2025,DeFi,144280.17,61620.4,144235.71,73576.51,93144.21,2,0.4,0.391,0.388,0.631,94.48,0
C_2025_00041,Nov-2025,DeFi,103184.93,40235.44,88893.64,41696.85,56941.97,4,0.8,0.397,0.355,0.64,67.79,0
C_2025_00042,Nov-2025,DeFi,122152.18,57593.14,136160.57,60799.97,84851.23,0,0.0,0.428,0.395,0.559,57.56,0
C_2025_00043,Nov-2025,NFT,213246.35,58521.82,104343.18,59533.33,74132.77,1,0.2,0.288,0.388,0.629,83.43,0
C_2025_00044,Nov-2025,NFT,174755.06,42821.97,54590.57,47952.53,48455.02,2,0.4,0.099,0.356,0.564,81.88,0
C_2025_00045,Nov-2025,DAO,100133.36,51949.5,68019.5,61320.55,60429.85,0,0.0,0.109,0.391,0.621,44.47,0
C_2025_00046,Nov-2025,Token,53415.33,38740.29,87422.87,49544.93,58569.36,3,0.6,0.356,0.389,0.606,63.33,0
C_2025_00047,Nov-2025,Token,62581.41,49963.5,90396.9,46092.39,62150.93,0,0.0,0.322,0.356,0.615,81.03,0
C_2025_00048,Nov-2025,NFT,184853.73,50710.98,85566.25,51435.38,62570.87,1,0.2,0.26,0.398,0.551,93.34,0
C_2025_00049,Nov-2025,NFT,179481.85,50100.74,64927.33,56190.07,57072.71,3,0.6,0.107,0.373,0.613,72.14,0
C_2025_00050,Nov-2025,DeFi,128336.02,57810.47,115977.77,58443.64,77410.63,0,0.0,0.352,0.373,0.585,72.1,0
C_2025_00051,Nov-2025,DeFi,101309.4,52899.81,119444.26,62098.69,78147.59,0,0.0,0.377,0.396,0.632,92.24,0
C_2025_00052,Nov-2025,NFT,189839.26,61813.27,107784.78,78693.94,82764.0,1,0.2,0.229,0.351,0.588,84.58,0
C_2025_00053,Nov-2025,Wallet,89442.39,60830.98,149698.27,75238.65,95255.97,2,0.4,0.409,0.364,0.556,87.56,0
C_2025_00054,Nov-2025,DAO,110062.92,50375.84,110810.92,64375.61,75187.46,1,0.2,0.344,0.373,0.563,92.47,0
C_2025_00055,Nov-2025,Healthcare,93576.92,54283.93,112542.04,62277.31,76367.76,1,0.2,0.338,0.384,0.602,82.48,0
C_2025_00056,Nov-2025,Marketplace,124151.57,50540.15,96909.67,56826.09,68091.97,2,0.4,0.302,0.351,0.626,74.12,0
C_2025_00057,Nov-2025,NFT,155701.53,55488.41,76423.24,50262.39,60724.68,1,0.2,0.186,0.37,0.594,89.73,0
C_2025_00058,Nov-2025,Wallet,112401.61,32633.07,72404.6,34545.93,46527.87,3,0.6,0.394,0.396,0.599,54.2,0
C_2025_00059,Nov-2025,DeFi,135760.98,49738.44,91538.8,51305.23,64194.16,1,0.2,0.301,0.354,0.563,47.04,0
C_2025_00060,Nov-2025,DAO,96784.98,53901.39,88903.19,67846.5,70217.03,2,0.4,0.205,0.36,0.554,49.29,0
C_2025_00061,Nov-2025,Token,58476.01,45527.8,59883.32,43171.93,49527.68,1,0.2,0.149,0.368,0.6,77.97,0
C_2025_00062,Nov-2025,DeFi,119504.12,51711.84,120780.87,65588.66,79360.46,0,0.0,0.376,0.364,0.631,81.15,0
C_2025_00063,Nov-2025,DeFi,122042.48,45393.45,76334.26,49651.78,57126.5,2,0.4,0.24,0.387,0.554,53.88,0
C_2025_00064,Nov-2025,Token,69612.46,52490.0,97903.34,58413.26,69602.2,0,0.0,0.29,0.372,0.603,53.34,0
C_2025_00065,Nov-2025,Token,58949.19,38621.97,47354.11,39735.51,41903.86,0,0.0,0.093,0.366,0.562,88.98,0
C_2025_00066,Nov-2025,Marketplace,130245.7,57053.12,126995.83,62722.88,82257.27,0,0.0,0.386,0.377,0.609,81.0,0
C_2025_00067,Nov-2025,DeFi,114441.31,48477.29,76056.44,50670.06,58401.26,2,0.4,0.214,0.399,0.611,53.05,0
C_2025_00068,Nov-2025,NFT,161987.15,46103.0,66505.28,46750.19,53119.49,0,0.0,0.178,0.395,0.558,68.85,0
C_2025_00069,Nov-2025,Token,67163.65,49598.1,189367.48222810883,52531.44,56290.41,6,0.6,0.21641377748759258,0.359,0.617,91.12,1
C_2025_00070,Nov-2025,DeFi,160649.81,62956.9,98462.88,76039.16,79152.98,0,0.0,0.185,0.366,0.593,67.92,0
C_2025_00071,Nov-2025,Marketplace,104496.57,47546.27,94798.04,48280.96,63541.76,1,0.2,0.348,0.374,0.603,42.85,0
C_2025_00072,Nov-2025,DeFi,117093.8,46923.56,60174.18,60812.18,55969.97,2,0.4,0.114,0.384,0.626,72.76,0
C_2025_00073,Nov-2025,Wallet,80340.27,43624.84,217157.52020955592,55482.58,57080.78,7,0.4,0.3129036307813877,0.387,0.644,49.97,1
C_2025_00074,Nov-2025,NFT,176731.8,48754.58,274648.29706267273,60296.33,67989.02,5,0.0,0.549712813786081,0.39,0.57,49.0,1
C_2025_00075,Nov-2025,Token,68155.62,46632.12,96283.98,51725.57,64880.56,2,0.4,0.344,0.391,0.594,60.73,0
C_2025_00076,Nov-2025,Marketplace,87550.5,47187.89,102487.01,51958.03,67210.98,1,0.2,0.372,0.369,0.604,89.86,0
C_2025_00077,Nov-2025,Token,57921.47,52295.53,126648.36,60196.51,79713.47,1,0.2,0.418,0.39,0.612,69.34,0
C_2025_00078,Nov-2025,Energy,112182.4,51985.76,72633.33,53269.23,59296.11,1,0.2,0.159,0.352,0.607,81.94,0
C_2025_00079,Nov-2025,Energy,105829.68,56633.11,128423.19,53475.97,79510.76,1,0.2,0.435,0.37,0.63,48.25,0
C_2025_00080,Nov-2025,NFT,190139.77,42622.68,91044.06,49291.38,60986.04,2,0.4,0.351,0.367,0.568,89.96,0
C_2025_00081,Nov-2025,DeFi,103319.2,61968.35,111580.69,79252.15,84267.07,0,0.0,0.244,0.379,0.601,73.63,0
C_2025_00082,Nov-2025,Wallet,111312.74,55806.13,117507.96,70817.97,81377.36,1,0.2,0.323,0.379,0.611,63.33,0
C_2025_00083,Nov-2025,DeFi,132758.25,50800.76,122086.38,54881.88,75923.01,0,0.0,0.431,0.399,0.634,46.86,0
C_2025_00084,Nov-2025,Token,85309.53,54191.62,93139.33,49959.51,65763.49,2,0.4,0.296,0.367,0.59,69.56,0
C_2025_00085,Nov-2025,Token,63160.96,55025.12,90848.63,65755.05,70542.93,1,0.2,0.213,0.373,0.564,49.7,0
C_2025_00086,Nov-2025,Token,43424.91,49565.64,118427.17,51793.99,73262.27,2,0.4,0.436,0.383,0.568,92.86,0
C_2025_00087,Nov-2025,Wallet,106773.34,41147.79,53942.89,53440.68,49510.45,2,0.4,0.12,0.387,0.571,89.39,0
C_2025_00088,Nov-2025,Token,60410.7,45625.13,56918.01,49677.86,50740.33,1,0.2,0.092,0.389,0.595,68.84,0
C_2025_00089,Nov-2025,DeFi,98824.35,40074.88,77245.63,38555.89,51958.8,0,0.0,0.344,0.393,0.645,60.53,0
C_2025_00090,Nov-2025,Energy,119998.69,39387.69,68194.05,35848.88,47810.21,0,0.0,0.303,0.386,0.616,41.49,0
C_2025_00091,Nov-2025,DAO,101546.36,44173.48,91591.97,40104.4,58623.28,0,0.0,0.399,0.39,0.568,75.9,0
C_2025_00092,Nov-2025,Wallet,105791.82,48166.27,183786.1474586017,57265.21,59485.84,7,0.6,0.34340254900377054,0.36,0.579,89.3,1
C_2025_00093,Nov-2025,DeFi,134892.0,39991.09,69898.51,50271.55,53387.05,2,0.4,0.232,0.369,0.609,54.74,0
C_2025_00094,Nov-2025,Token,54756.57,64038.35,122803.87,68806.05,85216.09,2,0.4,0.313,0.357,0.637,66.81,0
C_2025_00095,Nov-2025,Wallet,111370.73,51202.41,89746.44,46542.37,62497.07,1,0.2,0.31,0.382,0.576,47.66,0
C_2025_00096,Nov-2025,NFT,149231.05,50806.54,78953.34,46099.63,58619.84,1,0.2,0.247,0.379,0.577,70.48,0
C_2025_00097,Nov-2025,DeFi,145437.33,53780.78,78968.88,48639.25,60462.97,0,0.0,0.219,0.395,0.637,72.86,0
C_2025_00098,Nov-2025,Healthcare,129985.69,58114.96,82987.16,73559.87,71554.0,1,0.2,0.143,0.376,0.555,49.15,0
C_2025_00099,Nov-2025,Healthcare,105823.84,51588.47,102356.56,51492.49,68479.17,1,0.2,0.35,0.368,0.622,56.34,0
C_2025_00100,Nov-2025,Wallet,98607.21,71059.06,146578.67,90581.25,102739.66,1,0.2,0.312,0.352,0.576,72.73,0
C_2025_00101,Nov-2025,DeFi,129919.95,44729.85,88381.52,46237.14,59782.83,1,0.2,0.338,0.354,0.623,67.25,0
C_2025_00102,Nov-2025,DeFi,120595.49,64499.59,98060.18,79182.33,80580.7,2,0.4,0.17,0.38,0.586,45.04,0
C_2025_00103,Nov-2025,DeFi,128883.5,54965.38,79187.12,61383.16,65178.55,5,1.0,0.157,0.362,0.599,52.17,0
C_2025_00104,Nov-2025,NFT,191369.69,51070.78,63538.68,60210.82,58273.43,4,0.8,0.09,0.393,0.634,57.55,0
C_2025_00105,Nov-2025,Energy,93138.08,54008.27,73275.01,50269.88,59184.39,2,0.4,0.17,0.353,0.582,69.67,0
C_2025_00106,Nov-2025,Wallet,102192.98,58348.37,117493.7,73191.67,83011.25,1,0.2,0.303,0.351,0.637,41.17,0
C_2025_00107,Nov-2025,NFT,176645.68,58523.84,141673.82,71370.6,90522.75,3,0.6,0.404,0.374,0.613,88.05,0
C_2025_00108,Nov-2025,DeFi,104772.7,35931.21,77570.34,35769.91,49757.15,0,0.0,0.395,0.368,0.579,56.3,0
C_2025_00109,Nov-2025,Energy,86795.86,40340.83,84051.8,39828.57,54740.4,2,0.4,0.379,0.371,0.638,91.96,0
C_2025_00110,Nov-2025,DeFi,164645.84,44688.82,63330.51,57937.61,55318.98,1,0.2,0.142,0.382,0.611,68.2,0
C_2025_00111,Nov-2025,Token,59898.08,45752.02,68016.43,44588.79,52785.75,2,0.4,0.204,0.398,0.638,91.03,0
C_2025_00112,Nov-2025,DeFi,151307.56,45434.03,95630.76,43687.47,61584.09,1,0.2,0.391,0.361,0.604,72.61,0
C_2025_00113,Nov-2025,Wallet,99918.68,51317.58,120119.02,51637.81,74358.14,0,0.0,0.435,0.394,0.646,87.42,0
C_2025_00114,Nov-2025,Token,69347.99,58668.88,112416.29,54843.36,75309.51,1,0.2,0.349,0.363,0.622,67.27,0
C_2025_00115,Nov-2025,Token,60859.11,51790.3,119457.91,56868.79,76039.0,3,0.6,0.405,0.384,0.607,54.69,0
C_2025_00116,Nov-2025,DeFi,133600.34,52444.43,107825.1,65043.3,75104.28,5,1.0,0.316,0.388,0.566,88.45,0
C_2025_00117,Nov-2025,DAO,107994.58,51173.71,83702.51,61275.57,65383.93,0,0.0,0.208,0.391,0.633,67.91,0
C_2025_00118,Nov-2025,DAO,112293.19,50371.49,101818.8,50569.02,67586.44,3,0.6,0.358,0.388,0.604,92.96,0
C_2025_00119,Nov-2025,DeFi,148134.73,38468.05,323057.5169782345,36198.58,55812.52,5,0.4,0.7197683574679581,0.365,0.621,43.7,1
C_2025_00120,Nov-2025,Marketplace,88280.49,57720.12,115855.26,53004.2,75526.53,4,0.8,0.378,0.388,0.552,41.22,0
C_2025_00121,Nov-2025,DeFi,128034.42,33718.08,74231.35,39562.03,49170.49,1,0.2,0.364,0.4,0.593,64.83,0
C_2025_00122,Nov-2025,DeFi,136600.22,45983.57,96647.66,45445.92,62692.38,0,0.0,0.383,0.384,0.615,55.03,0
C_2025_00123,Nov-2025,Marketplace,117802.41,49206.59,85897.27,56853.81,63985.89,1,0.2,0.247,0.399,0.591,89.18,0
C_2025_00124,Nov-2025,NFT,160782.56,44647.03,175951.8913128216,51820.32,50616.95,7,0.4,0.16694986306507362,0.398,0.569,87.77,1
C_2025_00125,Nov-2025,Marketplace,118492.59,55780.32,128195.35,67182.35,83719.34,1,0.2,0.38,0.352,0.642,73.92,0
C_2025_00126,Nov-2025,NFT,173205.29,61520.94,83207.11,58449.46,67725.84,2,0.4,0.163,0.375,0.556,72.01,0
C_2025_00127,Nov-2025,DeFi,142609.65,44779.01,71801.82,48454.83,55011.89,0,0.0,0.218,0.354,0.589,66.4,0
C_2025_00128,Nov-2025,Marketplace,90993.17,56083.32,117969.94,69770.39,81274.55,1,0.2,0.327,0.374,0.56,53.31,0
C_2025_00129,Nov-2025,NFT,223040.53,49819.18,105278.1,55989.75,70362.34,0,0.0,0.353,0.366,0.602,44.83,0
C_2025_00130,Nov-2025,Token,62846.51,49310.89,64210.28,52208.86,55243.34,0,0.0,0.117,0.378,0.619,84.03,0
C_2025_00131,Nov-2025,DeFi,122598.06,46440.13,62041.15,53618.48,54033.25,1,0.2,0.118,0.397,0.555,69.77,0
C_2025_00132,Nov-2025,DAO,118378.68,53147.88,113115.33,64877.15,77046.79,2,0.4,0.337,0.395,0.605,84.95,0
C_2025_00133,Nov-2025,Token,81602.09,44486.5,83826.95,53056.19,60456.55,0,0.0,0.279,0.353,0.575,48.77,0
C_2025_00134,Nov-2025,Energy,106155.83,53393.33,131808.09,55249.19,80150.2,0,0.0,0.456,0.389,0.616,67.4,0
C_2025_00135,Nov-2025,DeFi,155913.15,53490.59,80074.94,69459.33,67674.95,2,0.4,0.161,0.384,0.557,41.69,0
C_2025_00136,Nov-2025,Token,62940.99,36651.33,85351.93,43646.88,55216.71,2,0.4,0.389,0.369,0.649,42.21,0
C_2025_00137,Nov-2025,Marketplace,112693.42,58376.79,103338.59,69474.39,77063.26,3,0.6,0.248,0.364,0.609,90.18,0
C_2025_00138,Nov-2025,Token,69262.88,39969.53,80779.56,47693.46,56147.52,0,0.0,0.315,0.386,0.641,49.88,0
C_2025_00139,Nov-2025,Marketplace,113885.6,47668.08,87707.42,47615.28,60996.93,2,0.4,0.31,0.368,0.609,48.99,0
C_2025_00140,Nov-2025,DAO,114491.36,49305.24,75711.82,57326.94,60781.33,2,0.4,0.182,0.398,0.595,52.98,0
C_2025_00141,Nov-2025,Wallet,84858.11,52033.39,118508.57,55798.27,75446.74,1,0.2,0.404,0.385,0.567,49.22,0
C_2025_00142,Nov-2025,Token,62426.92,66613.98,153040.4,81420.14,100358.18,2,0.4,0.376,0.356,0.577,43.14,0
C_2025_00143,Nov-2025,Token,70821.04,50415.57,63077.27,47836.51,53776.45,2,0.4,0.124,0.375,0.554,48.16,0
C_2025_00144,Nov-2025,DAO,120995.93,52771.91,94523.03,58378.31,68557.75,2,0.4,0.27,0.351,0.581,78.76,0
C_2025_00145,Nov-2025,Marketplace,117353.29,41572.68,102305.6,38976.89,60951.72,3,0.6,0.48,0.385,0.634,91.95,0
C_2025_00146,Nov-2025,DeFi,129536.69,66027.26,411195.2051974479,82373.1,93555.42,4,0.2,0.552242163488248,0.397,0.619,77.21,1
C_2025_00147,Nov-2025,DeFi,139580.95,40855.96,69946.37,47413.06,52738.47,0,0.0,0.236,0.383,0.65,42.65,0
C_2025_00148,Nov-2025,Token,64486.89,52630.1,122732.31,63837.9,79733.44,3,0.6,0.386,0.366,0.617,84.43,0
C_2025_00149,Nov-2025,NFT,189429.33,55083.18,97291.12,67594.42,73322.9,0,0.0,0.241,0.377,0.551,57.85,0
C_2025_00150,Nov-2025,Energy,94663.73,36850.07,77536.51,38892.42,51093.0,1,0.2,0.366,0.369,0.573,44.03,0
C_2025_00151,Nov-2025,Token,78136.12,58078.54,116467.06,63038.31,79194.64,2,0.4,0.334,0.374,0.553,58.77,0
C_2025_00152,Nov-2025,NFT,147208.55,36836.81,71987.38,41015.62,49946.6,5,1.0,0.314,0.36,0.551,75.61,0
C_2025_00153,Nov-2025,NFT,169946.29,53136.68,127801.41,49103.97,76680.68,2,0.4,0.472,0.374,0.576,55.67,0
C_2025_00154,Nov-2025,NFT,194418.01,45060.43,85655.8,46165.45,58960.56,2,0.4,0.32,0.371,0.562,49.96,0
C_2025_00155,Nov-2025,NFT,155616.01,54408.3,102435.18,64398.67,73747.38,0,0.0,0.281,0.378,0.576,92.96,0
C_2025_00156,Nov-2025,DeFi,150961.22,49398.85,94613.34,45316.77,63109.65,5,1.0,0.354,0.361,0.611,62.61,0
C_2025_00157,Nov-2025,DeFi,111342.05,44456.76,98457.63,44897.88,62604.09,3,0.6,0.405,0.381,0.595,72.26,0
C_2025_00158,Nov-2025,Token,69194.9,44120.72,102432.25,43533.73,63362.23,0,0.0,0.436,0.351,0.614,73.39,0
C_2025_00159,Nov-2025,DAO,91556.62,52142.01,89067.82,59326.69,66845.51,2,0.4,0.239,0.385,0.59,63.55,0
C_2025_00160,Nov-2025,NFT,194527.68,58832.39,146412.22,55970.65,87071.76,0,0.0,0.482,0.386,0.608,55.08,0
C_2025_00161,Nov-2025,Token,56193.77,44309.61,73620.21,41109.11,53012.97,1,0.2,0.276,0.39,0.573,69.7,0
C_2025_00162,Nov-2025,NFT,181617.6,56668.23,107264.19,58353.18,74095.2,1,0.2,0.317,0.4,0.616,70.68,0
C_2025_00163,Nov-2025,Token,62916.01,63814.67,81566.96,71786.32,72389.32,1,0.2,0.1,0.385,0.57,69.47,0
C_2025_00164,Nov-2025,DeFi,128331.61,42768.74,93364.68,44437.94,60190.46,3,0.6,0.39,0.37,0.565,94.59,0
C_2025_00165,Nov-2025,DeFi,131094.95,56240.63,129052.17,62336.16,82542.99,1,0.2,0.4,0.388,0.563,85.43,0
C_2025_00166,Nov-2025,Marketplace,118497.3,57653.62,71894.55,58878.84,62809.0,1,0.2,0.103,0.354,0.644,70.46,0
C_2025_00167,Nov-2025,DAO,99822.82,37191.85,66252.19,42407.55,48617.19,4,0.8,0.26,0.36,0.643,46.4,0
C_2025_00168,Nov-2025,Healthcare,104736.95,59330.42,138914.27,73998.25,90747.65,2,0.4,0.381,0.354,0.59,49.54,0
C_2025_00169,Nov-2025,Marketplace,97561.09,60504.55,149342.97,69966.78,93271.43,1,0.2,0.427,0.393,0.642,66.79,0
C_2025_00170,Nov-2025,DeFi,150853.11,54462.48,77733.77,59964.63,64053.63,1,0.2,0.155,0.368,0.557,41.42,0
C_2025_00171,Nov-2025,Token,69062.06,50431.91,277109.3831883498,51678.91,63661.44,4,0.2,0.42288111492888264,0.355,0.614,51.88,1
C_2025_00172,Nov-2025,DAO,128369.01,59750.09,83508.66,55241.34,66166.7,2,0.4,0.187,0.4,0.556,78.23,0
C_2025_00173,Nov-2025,Token,60092.78,47580.24,99909.46,44007.76,63832.49,4,0.8,0.4,0.381,0.603,63.43,0
C_2025_00174,Nov-2025,DeFi,109496.82,48201.88,80886.95,51366.42,60151.75,3,0.6,0.245,0.371,0.598,41.06,0
C_2025_00175,Nov-2025,NFT,192262.0,43628.48,60130.63,48607.54,50788.88,0,0.0,0.136,0.351,0.574,93.67,0
C_2025_00176,Nov-2025,NFT,155117.88,49752.49,314563.58854100783,53819.8,66238.78,5,0.2,0.5602770634502058,0.374,0.565,57.86,1
C_2025_00177,Nov-2025,DeFi,127405.81,63693.67,107556.62,67374.56,79541.61,5,1.0,0.25,0.384,0.594,54.01,0
C_2025_00178,Nov-2025,DeFi,128674.86,57370.8,116368.74,66764.78,80168.11,3,0.6,0.323,0.376,0.565,80.56,0
C_2025_00179,Nov-2025,Token,81107.1,51092.28,64078.65,47715.94,54295.63,1,0.2,0.13,0.354,0.551,92.61,0
C_2025_00180,Nov-2025,Token,58580.06,60390.49,95748.9,62798.94,72979.44,2,0.4,0.221,0.359,0.56,76.32,0
C_2025_00181,Nov-2025,Marketplace,100619.45,57036.74,228615.81794100627,53207.79,60080.55,5,0.4,0.2296146346743785,0.381,0.588,51.31,1
C_2025_00182,Nov-2025,DeFi,134217.69,42595.03,94008.26,49306.38,61969.89,1,0.2,0.368,0.398,0.63,56.11,0
C_2025_00183,Nov-2025,DAO,110684.16,52148.74,102062.87,62538.29,72249.97,2,0.4,0.298,0.367,0.643,52.35,0
C_2025_00184,Nov-2025,Token,56641.53,34269.15,60698.42,39244.2,44737.26,2,0.4,0.256,0.36,0.639,75.52,0
C_2025_00185,Nov-2025,Energy,120325.68,45335.38,105168.15,56152.66,68885.4,2,0.4,0.378,0.373,0.634,80.07,0
C_2025_00186,Nov-2025,DAO,117954.58,59387.79,84963.58,66396.19,70249.19,2,0.4,0.154,0.358,0.563,79.93,0
C_2025_00187,Nov-2025,DeFi,122070.75,54690.91,101594.3,67613.35,74632.85,3,0.6,0.265,0.365,0.607,77.89,0
C_2025_00188,Nov-2025,DeFi,134929.78,57201.83,125241.0,55144.2,79195.68,1,0.2,0.411,0.362,0.623,94.55,0
C_2025_00189,Nov-2025,DeFi,126864.65,43195.84,96762.66,42401.65,60786.71,3,0.6,0.419,0.368,0.628,70.48,0
C_2025_00190,Nov-2025,Token,53401.15,41149.53,57344.12,42064.77,46852.81,3,0.6,0.159,0.386,0.639,72.62,0
C_2025_00191,Nov-2025,Token,53653.07,35913.53,75572.97,32368.41,47951.64,1,0.2,0.408,0.39,0.559,72.35,0
C_2025_00192,Nov-2025,Energy,136571.02,47631.86,61174.06,53918.96,54241.63,2,0.4,0.102,0.384,0.63,54.84,0
C_2025_00193,Nov-2025,DeFi,129894.36,60499.27,78659.68,55866.26,65008.4,2,0.4,0.151,0.389,0.602,64.21,0
C_2025_00194,Nov-2025,DeFi,123523.06,42911.66,75705.83,40141.29,52919.59,0,0.0,0.305,0.38,0.624,94.91,0
C_2025_00195,Nov-2025,Marketplace,112278.17,54614.06,95444.77,63050.35,71036.39,1,0.2,0.248,0.37,0.634,61.11,0
C_2025_00196,Nov-2025,NFT,212691.73,62345.95,89766.89,65144.92,72419.25,1,0.2,0.17,0.351,0.633,55.02,0
C_2025_00197,Nov-2025,DAO,87248.42,51362.39,124445.06,51553.39,75786.94,3,0.6,0.454,0.39,0.596,66.56,0
C_2025_00198,Nov-2025,DeFi,129587.28,64178.01,322586.8507213006,76487.57,84708.76,5,0.2,0.4422747628067619,0.381,0.564,81.33,1
C_2025_00199,Nov-2025,DeFi,135302.24,50972.04,193224.59811203662,47038.11,54582.0,6,0.2,0.2915355108858521,0.362,0.641,53.73,1
C_2025_00200,Nov-2025,Wallet,120963.02,43574.57,77765.87,52755.04,58031.83,0,0.0,0.249,0.374,0.553,43.45,0
C_2025_00201,Nov-2025,Healthcare,80909.12,57072.36,94257.65,71907.37,74412.46,0,0.0,0.205,0.383,0.646,70.81,0
C_2025_00202,Nov-2025,Token,52499.63,45767.58,290810.831341579,59155.46,67775.47,6,0.2,0.5278283040146591,0.36,0.607,65.52,1
C_2025_00203,Nov-2025,Energy,110959.92,52783.25,87322.41,49913.86,63339.84,0,0.0,0.268,0.361,0.575,86.78,0
C_2025_00204,Nov-2025,NFT,195350.02,71305.46,96205.29,88707.98,85406.24,1,0.2,0.122,0.385,0.604,44.49,0
C_2025_00205,Nov-2025,DAO,97134.33,26629.2,37693.81,34039.55,32787.52,3,0.6,0.14,0.383,0.605,43.43,0
C_2025_00206,Nov-2025,DAO,126766.72,50456.11,90670.22,46459.11,62528.48,1,0.2,0.319,0.363,0.566,58.16,0
C_2025_00207,Nov-2025,NFT,177453.41,62997.43,92376.0,78818.1,78063.84,2,0.4,0.154,0.373,0.648,82.46,0
C_2025_00208,Nov-2025,Wallet,120597.32,49377.3,93832.3,54271.83,65827.14,0,0.0,0.302,0.383,0.632,60.92,0
C_2025_00209,Nov-2025,Token,65906.16,38493.78,60561.46,46852.38,48635.87,3,0.6,0.187,0.396,0.603,48.69,0
C_2025_00210,Nov-2025,DeFi,144738.6,55250.89,89052.84,68669.76,70991.16,3,0.6,0.196,0.36,0.568,89.17,0
C_2025_00211,Nov-2025,Token,57359.02,53388.79,94627.39,61189.92,69735.37,0,0.0,0.257,0.394,0.63,67.79,0
C_2025_00212,Nov-2025,Energy,109044.3,53618.97,132939.85,62582.35,83047.06,1,0.2,0.427,0.394,0.593,48.92,0
C_2025_00213,Nov-2025,Wallet,110392.69,47864.68,90254.58,56850.87,64990.04,1,0.2,0.281,0.387,0.569,87.2,0
C_2025_00214,Nov-2025,Marketplace,112021.53,60540.78,128547.19,62099.1,83729.02,2,0.4,0.379,0.368,0.599,85.55,0
C_2025_00215,Nov-2025,Marketplace,98008.37,45961.8,97697.24,56551.0,66736.68,0,0.0,0.334,0.362,0.564,59.14,0
C_2025_00216,Nov-2025,NFT,207307.51,47421.44,97047.58,54457.42,66308.81,2,0.4,0.331,0.399,0.613,46.94,0
C_2025_00217,Nov-2025,Token,55567.68,59501.44,377512.6216356196,55208.79,79733.55,3,0.0,0.623339857936894,0.393,0.573,86.04,1
C_2025_00218,Nov-2025,DeFi,143069.46,39232.16,82481.53,43353.97,55022.55,1,0.2,0.354,0.352,0.58,75.92,0
C_2025_00219,Nov-2025,Marketplace,118683.33,55339.69,395434.17337181076,55567.39,75051.59,7,0.6,0.5899412609309517,0.372,0.596,87.55,1
C_2025_00220,Nov-2025,DeFi,97409.96,56779.37,140235.99,53616.09,83543.82,1,0.2,0.48,0.387,0.642,55.4,0
C_2025_00221,Nov-2025,NFT,166295.56,56004.69,133515.26,67294.39,85604.78,1,0.2,0.399,0.398,0.623,56.76,0
C_2025_00222,Nov-2025,Wallet,103568.44,56464.46,131820.8,53360.73,80548.67,2,0.4,0.45,0.362,0.551,65.78,0
C_2025_00223,Nov-2025,Token,71399.54,37069.52,58807.42,37809.71,44562.21,1,0.2,0.226,0.395,0.635,76.73,0
C_2025_00224,Nov-2025,DAO,120829.63,51715.61,74518.53,48177.62,58137.25,1,0.2,0.201,0.352,0.608,94.75,0
C_2025_00225,Nov-2025,NFT,176401.04,59295.03,228952.60669180844,73084.05,69479.59,4,0.2,0.18256623426153837,0.355,0.641,76.81,1
C_2025_00226,Nov-2025,DeFi,139799.25,71500.27,125808.71,73414.95,90241.31,2,0.4,0.279,0.395,0.594,73.39,0
C_2025_00227,Nov-2025,DeFi,148327.01,63996.65,402559.34347782127,63674.96,87641.22,6,0.2,0.7310294141300405,0.369,0.599,75.87,1
C_2025_00228,Nov-2025,Wallet,111478.46,54411.88,117892.71,59989.45,77431.35,1,0.2,0.371,0.363,0.586,65.99,0
C_2025_00229,Nov-2025,Token,63238.44,33457.16,48677.73,38285.43,40140.11,1,0.2,0.158,0.376,0.551,40.42,0
C_2025_00230,Nov-2025,Wallet,106289.49,43982.75,98669.2,49648.58,64100.18,1,0.2,0.383,0.397,0.59,44.79,0
C_2025_00231,Nov-2025,DeFi,116706.69,52149.29,85983.23,57518.83,65217.12,4,0.8,0.228,0.364,0.589,63.2,0
C_2025_00232,Nov-2025,Token,71650.79,48548.17,266406.93384216167,55498.43,69122.96,7,0.6,0.5784471033978744,0.35,0.614,42.81,1
C_2025_00233,Nov-2025,Token,77897.77,57174.71,77119.19,60235.59,64843.17,1,0.2,0.135,0.356,0.592,81.31,0
C_2025_00234,Nov-2025,DAO,116143.09,48653.53,100671.19,56996.06,68773.59,1,0.2,0.332,0.351,0.614,90.23,0
C_2025_00235,Nov-2025,Token,72625.09,52296.99,111976.49,49589.23,71287.57,1,0.2,0.404,0.377,0.564,40.64,0
C_2025_00236,Nov-2025,DAO,89634.83,44835.44,82129.6,50703.51,59222.85,0,0.0,0.276,0.356,0.606,58.87,0
C_2025_00237,Nov-2025,DeFi,142831.9,60298.6,387795.3287391346,70971.27,89971.19,7,0.4,0.6982212322051068,0.365,0.629,64.55,1
C_2025_00238,Nov-2025,NFT,185561.37,53909.54,124791.47,68284.73,82328.58,1,0.2,0.372,0.379,0.587,73.06,0
C_2025_00239,Nov-2025,Token,73260.37,59013.64,99551.22,57051.09,71871.98,1,0.2,0.273,0.395,0.585,48.5,0
C_2025_00240,Nov-2025,Energy,110594.94,48709.25,98781.04,50474.55,65988.28,0,0.0,0.352,0.37,0.581,77.24,0
C_2025_00241,Nov-2025,DAO,90453.32,60179.9,89262.46,77945.87,75796.08,2,0.4,0.158,0.374,0.553,67.8,0
C_2025_00242,Nov-2025,Healthcare,108774.46,53274.07,66629.6,48606.32,56169.99,1,0.2,0.136,0.351,0.626,65.22,0
C_2025_00243,Nov-2025,DeFi,138413.79,47636.16,64355.53,61087.06,57692.92,2,0.4,0.125,0.391,0.648,55.86,0
C_2025_00244,Nov-2025,DAO,108712.37,53581.74,91151.4,55518.97,66750.7,1,0.2,0.259,0.378,0.604,81.9,0
C_2025_00245,Nov-2025,Energy,107370.13,59821.77,95298.06,60045.14,71721.66,0,0.0,0.232,0.353,0.584,54.86,0
C_2025_00246,Nov-2025,DeFi,130916.73,53951.61,89098.94,61083.32,68044.63,0,0.0,0.223,0.372,0.613,66.89,0
C_2025_00247,Nov-2025,Token,67334.89,57195.72,110970.6,65675.8,77947.37,0,0.0,0.303,0.37,0.554,66.16,0
C_2025_00248,Nov-2025,Token,52803.83,51927.4,127390.24,65624.91,81647.52,3,0.6,0.402,0.39,0.562,83.68,0
C_2025_00249,Nov-2025,Token,69972.58,47043.12,114185.63,45138.74,68789.16,2,0.4,0.467,0.393,0.609,60.64,0
C_2025_00250,Nov-2025,Wallet,99131.21,44769.87,98061.13,47215.03,63348.68,2,0.4,0.388,0.393,0.648,62.42,0
C_2025_00251,Nov-2025,DeFi,137816.84,55161.72,107321.97,70740.44,77741.38,0,0.0,0.281,0.355,0.635,64.15,0
C_2025_00252,Nov-2025,DAO,117122.68,26476.89,166856.19482735454,33640.29,37818.91,4,0.0,0.5930455378686411,0.374,0.619,79.75,1
C_2025_00253,Nov-2025,Token,58816.98,53256.42,84635.86,55572.34,64488.21,2,0.4,0.221,0.398,0.551,94.88,0
C_2025_00254,Nov-2025,DeFi,144296.88,54104.68,85648.0,49004.02,62918.9,3,0.6,0.258,0.388,0.627,76.22,0
C_2025_00255,Nov-2025,Token,69676.03,53597.25,107070.44,50137.11,70268.26,1,0.2,0.371,0.37,0.591,43.63,0
C_2025_00256,Nov-2025,Token,58660.64,47536.31,106990.24,60802.51,71776.35,0,0.0,0.355,0.398,0.602,56.48,0
C_2025_00257,Nov-2025,Marketplace,110014.47,43463.29,97047.89,51409.88,63973.69,0,0.0,0.369,0.354,0.59,56.24,0
C_2025_00258,Nov-2025,DAO,100770.29,42480.78,95349.27,54022.43,63950.83,2,0.4,0.355,0.374,0.573,75.23,0
C_2025_00259,Nov-2025,NFT,176198.65,52219.02,86952.93,60528.47,66566.8,0,0.0,0.222,0.394,0.6,64.71,0
C_2025_00260,Nov-2025,DeFi,157007.67,59911.57,77484.15,70279.08,69224.93,1,0.2,0.104,0.391,0.63,70.39,0
C_2025_00261,Nov-2025,Marketplace,96132.49,50522.15,111550.37,50954.8,71009.11,1,0.2,0.404,0.357,0.613,42.99,0
C_2025_00262,Nov-2025,NFT,158551.6,58968.25,70772.22,65127.58,64956.01,0,0.0,0.074,0.364,0.621,43.45,0
C_2025_00263,Nov-2025,DeFi,142376.47,43062.96,69380.94,40511.78,50985.22,1,0.2,0.256,0.392,0.581,83.39,0
C_2025_00264,Nov-2025,DeFi,127606.08,57559.77,137160.69,60491.13,85070.53,1,0.2,0.433,0.384,0.599,61.32,0
C_2025_00265,Nov-2025,Marketplace,127072.98,57409.72,69217.31,55502.64,60709.89,6,1.0,0.1,0.355,0.628,75.43,0
C_2025_00266,Nov-2025,NFT,172211.07,46398.49,113390.46,51045.78,70278.24,1,0.2,0.435,0.36,0.587,60.34,0
C_2025_00267,Nov-2025,Token,74880.97,47439.26,109368.97,46718.07,67842.1,3,0.6,0.433,0.384,0.611,56.24,0
C_2025_00268,Nov-2025,Marketplace,114516.91,42783.59,92420.11,43906.7,59703.46,2,0.4,0.388,0.36,0.639,55.81,0
C_2025_00269,Nov-2025,DeFi,121838.29,48697.66,212033.28388999286,53876.4,56023.58,6,0.4,0.22823639288273953,0.369,0.584,41.06,1
C_2025_00270,Nov-2025,DAO,107256.8,42045.21,77393.62,44640.06,54692.96,2,0.4,0.294,0.373,0.646,68.55,0
C_2025_00271,Nov-2025,Wallet,95830.25,58914.57,129976.67,71237.65,86709.63,2,0.4,0.358,0.351,0.627,84.39,0
C_2025_00272,Nov-2025,NFT,167919.19,45411.19,55529.62,46197.86,49046.22,2,0.4,0.094,0.369,0.55,56.49,0
C_2025_00273,Nov-2025,Marketplace,111977.13,50407.1,115995.77,45842.13,70748.33,4,0.8,0.453,0.365,0.557,52.55,0
C_2025_00274,Nov-2025,Marketplace,108760.94,36854.49,80036.07,40153.85,52348.14,0,0.0,0.375,0.398,0.644,83.19,0
C_2025_00275,Nov-2025,Energy,110250.64,51845.61,127104.63,48228.96,75726.4,1,0.2,0.48,0.36,0.564,74.23,0
C_2025_00276,Nov-2025,DeFi,135899.04,61303.96,272509.3597806283,75063.6,73881.51,6,0.4,0.21811892438423935,0.363,0.585,90.46,1
C_2025_00277,Nov-2025,Token,62896.17,35314.31,83242.31,41779.96,53445.52,0,0.0,0.397,0.357,0.551,74.7,0
C_2025_00278,Nov-2025,NFT,153218.4,48753.43,312730.0752512727,54207.18,74059.35,5,0.2,0.824674878380141,0.384,0.558,55.11,1
C_2025_00279,Nov-2025,Token,63556.87,60982.79,116510.68,65442.24,80978.57,0,0.0,0.311,0.358,0.595,51.51,0
C_2025_00280,Nov-2025,DeFi,123561.33,54708.43,133970.82,53546.98,80742.08,5,1.0,0.466,0.372,0.609,44.02,0
C_2025_00281,Nov-2025,NFT,178254.89,50331.03,72836.05,61254.78,61473.95,6,1.0,0.149,0.374,0.622,53.6,0
C_2025_00282,Nov-2025,DeFi,150887.08,59402.26,83846.87,66888.98,70046.04,2,0.4,0.146,0.35,0.586,90.94,0
C_2025_00283,Nov-2025,Token,70029.0,39844.84,59316.96,40987.11,46716.3,2,0.4,0.191,0.371,0.553,66.45,0
C_2025_00284,Nov-2025,Token,58630.63,52711.95,83050.33,55829.05,63863.78,2,0.4,0.213,0.388,0.587,61.59,0
C_2025_00285,Nov-2025,DeFi,133712.68,51203.24,124741.71,57903.14,77949.36,2,0.4,0.426,0.378,0.586,76.11,0
C_2025_00286,Nov-2025,Healthcare,101479.03,45218.32,108239.59,42537.85,65331.92,1,0.2,0.465,0.352,0.554,49.64,0
C_2025_00287,Nov-2025,Marketplace,105115.56,55490.55,135152.61,62851.31,84498.15,2,0.4,0.425,0.388,0.578,59.42,0
C_2025_00288,Nov-2025,Energy,107730.56,57373.2,127051.53,62567.44,82330.72,1,0.2,0.385,0.38,0.569,58.24,0
C_2025_00289,Nov-2025,Token,62070.15,53551.04,69215.03,49674.11,57480.06,2,0.4,0.147,0.391,0.634,58.27,0
C_2025_00290,Nov-2025,NFT,195740.95,55924.73,114704.18,53723.42,74784.11,2,0.4,0.378,0.371,0.554,47.03,0
C_2025_00291,Nov-2025,NFT,188804.74,29533.05,37537.24,38074.94,35048.41,1,0.2,0.111,0.365,0.573,40.08,0
C_2025_00292,Nov-2025,Wallet,118152.48,40809.65,88331.06,50578.26,59906.32,1,0.2,0.342,0.366,0.621,84.92,0
C_2025_00293,Nov-2025,DAO,104476.84,40916.31,97074.86,50027.45,62672.88,3,0.6,0.393,0.383,0.558,69.95,0
C_2025_00294,Nov-2025,Wallet,100034.67,54180.11,119999.26,61413.65,78531.01,1,0.2,0.375,0.363,0.61,56.31,0
C_2025_00295,Nov-2025,DeFi,144555.9,56426.92,75232.36,62382.32,64680.53,1,0.2,0.121,0.397,0.633,78.35,0
C_2025_00296,Nov-2025,Token,62434.66,64361.69,154293.82,75807.66,98154.39,2,0.4,0.407,0.39,0.57,58.99,0
C_2025_00297,Nov-2025,Wallet,115274.01,56231.49,120626.32,63250.82,80036.21,2,0.4,0.36,0.358,0.629,80.39,0
C_2025_00298,Nov-2025,Token,62648.26,49427.21,113222.73,44710.23,69120.05,3,0.6,0.452,0.385,0.632,70.05,0
C_2025_00299,Nov-2025,DeFi,157288.35,50319.49,116813.31,48895.56,72009.45,2,0.4,0.44,0.357,0.637,48.65,0
C_2025_00300,Nov-2025,Healthcare,96594.3,41903.24,97753.48,48988.29,62881.67,1,0.2,0.395,0.381,0.607,85.81,0
C_2025_00301,Nov-2025,NFT,167614.46,51147.11,322781.08814541687,51917.03,66978.32,6,0.2,0.5473555051885348,0.381,0.583,80.3,1
C_2025_00302,Nov-2025,Token,59518.35,48787.56,108254.11,49485.38,68842.35,2,0.4,0.405,0.353,0.587,91.94,0
C_2025_00303,Nov-2025,Energy,126647.09,59172.99,119645.82,57965.68,78928.16,2,0.4,0.365,0.364,0.578,63.76,0
C_2025_00304,Nov-2025,Token,54373.48,50619.79,124619.82,47851.97,74363.86,2,0.4,0.478,0.371,0.585,61.87,0
C_2025_00305,Nov-2025,DeFi,117572.27,44697.72,81705.28,45029.09,57144.03,1,0.2,0.304,0.398,0.61,44.23,0
C_2025_00306,Nov-2025,Energy,103439.84,47826.76,94637.58,54974.92,65813.09,1,0.2,0.313,0.351,0.647,53.8,0
C_2025_00307,Nov-2025,NFT,198798.23,58109.41,115812.61,59571.61,77831.21,1,0.2,0.345,0.393,0.645,45.82,0
C_2025_00308,Nov-2025,Marketplace,116617.72,52724.71,77158.53,59844.36,63242.53,2,0.4,0.162,0.351,0.608,53.92,0
C_2025_00309,Nov-2025,DeFi,138580.86,49502.47,260161.38455096073,61181.13,65255.26,3,0.0,0.41332907532143465,0.384,0.648,45.6,1
C_2025_00310,Nov-2025,DeFi,129646.72,48605.17,64178.9,58294.79,57026.28,2,0.4,0.113,0.372,0.622,40.5,0
C_2025_00311,Nov-2025,NFT,209991.68,61051.63,123873.44,60856.81,81927.29,1,0.2,0.362,0.36,0.638,80.63,0
C_2025_00312,Nov-2025,Token,59411.16,43035.86,65493.17,39808.63,49445.89,2,0.4,0.231,0.384,0.558,92.33,0
C_2025_00313,Nov-2025,Token,68263.01,53620.25,121711.48,68263.1,81198.28,1,0.2,0.36,0.381,0.624,80.59,0
C_2025_00314,Nov-2025,DAO,100840.57,50303.5,84632.97,63800.27,66245.58,2,0.4,0.213,0.368,0.64,76.66,0
C_2025_00315,Nov-2025,Wallet,107229.6,61626.09,124442.87,61586.24,82551.73,2,0.4,0.359,0.382,0.644,43.52,0
C_2025_00316,Nov-2025,DeFi,121756.64,56876.7,101075.32,51687.58,69879.87,1,0.2,0.317,0.353,0.599,90.99,0
C_2025_00317,Nov-2025,NFT,180041.21,46990.94,81415.21,54606.74,61004.3,1,0.2,0.242,0.358,0.557,50.21,0
C_2025_00318,Nov-2025,Token,71322.98,52720.41,119061.84,61896.59,77892.95,0,0.0,0.377,0.364,0.581,53.75,0
C_2025_00319,Nov-2025,DeFi,174236.42,59957.44,99766.28,62446.61,74056.78,2,0.4,0.246,0.396,0.645,57.97,0
C_2025_00320,Nov-2025,Energy,111030.72,32245.6,78145.82,40324.01,50238.48,0,0.0,0.398,0.37,0.605,67.67,0
C_2025_00321,Nov-2025,Healthcare,114409.78,47491.76,98783.96,58660.08,68311.94,3,0.6,0.322,0.358,0.617,49.86,0
C_2025_00322,Nov-2025,DeFi,114444.74,55950.53,75690.8,54054.57,61898.64,0,0.0,0.158,0.386,0.623,68.32,0
C_2025_00323,Nov-2025,Token,62751.84,53399.73,88673.07,50309.92,64127.57,0,0.0,0.271,0.376,0.611,53.49,0
C_2025_00324,Nov-2025,Token,63831.31,45256.59,68086.92,44705.43,52682.98,3,0.6,0.207,0.371,0.604,78.3,0
C_2025_00325,Nov-2025,DeFi,116975.61,54277.03,100420.47,57793.27,70830.26,3,0.6,0.296,0.38,0.562,58.55,0
C_2025_00326,Nov-2025,NFT,183669.79,43551.46,63939.11,46022.73,51171.1,1,0.2,0.178,0.375,0.592,41.0,0
C_2025_00327,Nov-2025,Marketplace,141449.52,41104.26,82905.43,48316.12,57441.94,1,0.2,0.318,0.386,0.604,85.99,0
C_2025_00328,Nov-2025,DeFi,135421.63,52706.77,96486.23,54469.89,67887.63,2,0.4,0.298,0.393,0.638,65.65,0
C_2025_00329,Nov-2025,NFT,171308.31,44414.44,99692.6,55993.71,66700.25,0,0.0,0.357,0.353,0.638,61.42,0
C_2025_00330,Nov-2025,Token,68969.32,50354.14,64782.33,58376.93,57837.8,0,0.0,0.102,0.369,0.63,63.84,0
C_2025_00331,Nov-2025,Marketplace,97065.54,44490.26,73661.48,46670.87,54940.87,0,0.0,0.241,0.368,0.596,79.75,0
C_2025_00332,Nov-2025,NFT,200787.94,57744.05,69920.7,56997.25,61554.0,2,0.4,0.096,0.39,0.627,70.16,0
C_2025_00333,Nov-2025,DeFi,150948.95,53317.18,116085.96,65110.99,78171.38,1,0.2,0.348,0.384,0.612,80.82,0
C_2025_00334,Nov-2025,Marketplace,104683.47,46164.06,108833.26,55396.46,70131.26,5,1.0,0.394,0.382,0.566,66.07,0
C_2025_00335,Nov-2025,DeFi,115182.54,57465.86,274135.7137351368,58933.0,66822.47,5,0.2,0.3590885446737492,0.371,0.641,67.89,1
C_2025_00336,Nov-2025,Marketplace,99106.93,62154.27,431906.01854636066,72335.41,91826.4,4,0.2,0.7487330972072422,0.385,0.576,91.65,1
C_2025_00337,Nov-2025,DeFi,108669.9,58840.49,272561.20849803556,57450.12,69171.62,6,0.2,0.4477750925836836,0.38,0.576,76.41,1
C_2025_00338,Nov-2025,DeFi,138284.5,55005.05,120411.92,53634.81,76350.59,0,0.0,0.408,0.385,0.587,63.78,0
C_2025_00339,Nov-2025,Healthcare,114195.8,37481.58,46877.2,43731.22,42696.67,3,0.6,0.091,0.395,0.65,85.4,0
C_2025_00340,Nov-2025,Healthcare,104370.21,55157.03,107540.38,51125.18,71274.19,0,0.0,0.361,0.4,0.583,81.15,0
C_2025_00341,Nov-2025,DeFi,135529.01,52525.8,131152.56,52347.14,78675.17,0,0.0,0.472,0.371,0.563,41.23,0
C_2025_00342,Nov-2025,NFT,199295.94,45219.45,87546.44,46354.97,59706.95,1,0.2,0.33,0.351,0.626,74.31,0
C_2025_00343,Nov-2025,Token,68094.47,58727.84,113486.5,67527.95,79914.1,4,0.8,0.3,0.372,0.621,61.41,0
C_2025_00344,Nov-2025,DeFi,137497.96,38805.55,93390.86,49347.3,60514.57,1,0.2,0.391,0.361,0.65,93.96,0
C_2025_00345,Nov-2025,Wallet,123421.49,54394.53,115840.22,61860.9,77365.22,0,0.0,0.354,0.373,0.617,77.26,0
C_2025_00346,Nov-2025,Marketplace,116699.5,48717.03,69059.52,53595.74,57124.1,3,0.6,0.152,0.358,0.614,72.96,0
C_2025_00347,Nov-2025,DeFi,138443.21,42961.49,76975.11,50140.53,56692.37,1,0.2,0.258,0.351,0.628,73.53,0
C_2025_00348,Nov-2025,NFT,191930.36,53998.13,121153.14,69353.48,81501.58,2,0.4,0.353,0.358,0.607,55.24,0
C_2025_00349,Nov-2025,DeFi,132266.66,56122.21,301694.4078071914,58477.65,75066.49,4,0.0,0.6479770712126937,0.352,0.592,44.65,1
C_2025_00350,Nov-2025,DeFi,143973.57,52090.13,122296.66,60613.03,78333.27,0,0.0,0.399,0.393,0.639,50.82,0
C_2025_00351,Nov-2025,DeFi,116566.66,57968.07,130047.45,75294.44,87769.99,0,0.0,0.35,0.395,0.612,93.54,0
C_2025_00352,Nov-2025,Healthcare,124309.96,49039.09,62824.58,50711.89,54191.86,0,0.0,0.113,0.399,0.632,86.89,0
C_2025_00353,Nov-2025,DeFi,120005.74,48578.45,71606.14,48177.5,56120.7,1,0.2,0.195,0.355,0.567,48.1,0
C_2025_00354,Nov-2025,Energy,109258.83,53835.53,84084.59,65642.59,67854.24,1,0.2,0.183,0.362,0.563,54.11,0
C_2025_00355,Nov-2025,Token,75954.04,40891.46,52395.63,40245.49,44510.86,1,0.2,0.125,0.367,0.636,48.52,0
C_2025_00356,Nov-2025,DeFi,129528.41,43212.57,68843.91,48629.84,53562.11,1,0.2,0.206,0.379,0.601,47.92,0
C_2025_00357,Nov-2025,Wallet,92883.45,56250.9,356658.4765207385,52476.96,70634.13,6,0.2,0.5974601099708965,0.391,0.556,63.02,1
C_2025_00358,Nov-2025,DeFi,156082.77,47430.06,292438.1794272154,55345.42,65033.86,5,0.4,0.537252897857653,0.377,0.634,94.42,1
C_2025_00359,Nov-2025,Marketplace,106653.4,56761.26,82514.78,62196.55,67157.53,2,0.4,0.165,0.392,0.586,87.29,0
C_2025_00360,Nov-2025,Wallet,89553.54,42604.27,76269.61,51337.24,56737.04,0,0.0,0.251,0.36,0.645,49.65,0
C_2025_00361,Nov-2025,DeFi,158562.05,63007.67,115714.33,72956.46,83892.82,1,0.2,0.273,0.369,0.616,47.77,0
C_2025_00362,Nov-2025,Token,54667.8,52326.82,81746.84,51671.9,61915.19,0,0.0,0.227,0.391,0.579,90.99,0
C_2025_00363,Nov-2025,NFT,176349.87,53560.69,74229.84,56229.05,61339.86,2,0.4,0.15,0.378,0.635,83.78,0
C_2025_00364,Nov-2025,Token,69159.99,42177.3,62703.12,41640.93,48840.45,1,0.2,0.201,0.363,0.55,87.89,0
C_2025_00365,Nov-2025,DeFi,138022.26,59831.84,130154.93,57487.6,82491.46,1,0.2,0.409,0.355,0.599,90.64,0
C_2025_00366,Nov-2025,Token,59750.43,44136.86,105088.31,47986.81,65737.32,2,0.4,0.424,0.374,0.593,72.83,0
C_2025_00367,Nov-2025,Token,74373.3,47077.31,66940.21,42943.24,52320.26,0,0.0,0.2,0.367,0.601,73.83,0
C_2025_00368,Nov-2025,NFT,175425.61,57093.86,105718.32,52531.9,71781.36,0,0.0,0.335,0.378,0.594,86.15,0
C_2025_00369,Nov-2025,NFT,143937.36,47588.02,60174.99,56622.1,54795.04,0,0.0,0.097,0.38,0.578,49.54,0
C_2025_00370,Nov-2025,DAO,124654.83,46102.74,78822.85,55337.48,60087.69,0,0.0,0.229,0.389,0.574,77.26,0
C_2025_00371,Nov-2025,Marketplace,118914.31,50910.96,86727.79,47167.27,61602.01,0,0.0,0.289,0.391,0.602,82.64,0
C_2025_00372,Nov-2025,Wallet,101567.26,40362.45,163569.34269815445,51849.48,47408.82,7,0.4,0.18169193014279916,0.381,0.618,57.47,1
C_2025_00373,Nov-2025,DeFi,134970.12,54267.21,84695.05,54953.49,64638.58,1,0.2,0.219,0.386,0.621,74.25,0
C_2025_00374,Nov-2025,Healthcare,102752.23,48163.61,241250.63859504517,48376.47,60687.06,6,0.6,0.5653357133290253,0.369,0.643,43.4,1
C_2025_00375,Nov-2025,NFT,153091.98,52387.13,378503.53337623796,56509.26,79230.04,5,0.2,0.8309210570212383,0.374,0.616,81.31,1
C_2025_00376,Nov-2025,DeFi,137000.06,62168.05,147690.63,76277.91,95378.86,1,0.2,0.392,0.35,0.571,76.49,0
C_2025_00377,Nov-2025,NFT,140852.31,37571.33,281382.44253390294,47273.19,57711.92,6,0.4,0.6962112711409975,0.364,0.569,50.15,1
C_2025_00378,Nov-2025,Token,58311.14,34921.71,263300.48916702956,33104.26,49218.54,6,0.4,0.6564252662858547,0.375,0.58,72.78,1
C_2025_00379,Nov-2025,DeFi,111864.48,48093.29,65000.88,53800.92,55631.7,3,0.6,0.126,0.397,0.632,71.16,0
C_2025_00380,Nov-2025,Token,70859.94,52309.79,89940.11,53916.64,65388.85,0,0.0,0.266,0.391,0.63,45.74,0
C_2025_00381,Nov-2025,DAO,96437.56,69293.41,93845.58,89542.84,84227.28,0,0.0,0.127,0.353,0.609,80.64,0
C_2025_00382,Nov-2025,DeFi,131080.55,48302.33,91387.01,45467.27,61718.87,0,0.0,0.34,0.378,0.58,91.61,0
C_2025_00383,Nov-2025,DeFi,101382.89,43116.92,54562.5,39715.26,45798.22,2,0.4,0.139,0.381,0.575,71.77,0
C_2025_00384,Nov-2025,DeFi,146240.37,46231.0,104801.29,50435.26,67155.85,1,0.2,0.397,0.39,0.583,51.5,0
C_2025_00385,Nov-2025,DAO,109180.67,43189.04,78896.51,53397.35,58494.3,0,0.0,0.257,0.369,0.631,85.3,0
C_2025_00386,Nov-2025,DAO,100493.49,32109.37,51191.06,40875.93,41392.12,0,0.0,0.188,0.397,0.618,69.24,0
C_2025_00387,Nov-2025,Token,64785.35,45889.29,79391.8,44259.65,56513.58,4,0.8,0.286,0.371,0.562,73.7,0
C_2025_00388,Nov-2025,Wallet,112157.97,53899.31,70060.69,56155.89,60038.63,1,0.2,0.119,0.392,0.631,73.65,0
C_2025_00389,Nov-2025,DAO,93539.92,44324.47,59290.04,46184.29,49932.93,2,0.4,0.133,0.354,0.59,50.0,0
C_2025_00390,Nov-2025,DeFi,134761.8,47337.12,59383.93,50540.57,52420.54,0,0.0,0.097,0.394,0.606,52.73,0
C_2025_00391,Nov-2025,Token,79039.46,50147.21,122637.69,49554.39,74113.1,5,1.0,0.463,0.388,0.603,77.26,0
C_2025_00392,Nov-2025,Wallet,129516.56,45979.04,104455.79,44074.34,64836.39,3,0.6,0.432,0.369,0.642,53.81,0
C_2025_00393,Nov-2025,Marketplace,109320.94,59751.77,111635.66,61149.2,77512.21,1,0.2,0.311,0.352,0.577,40.35,0
C_2025_00394,Nov-2025,Marketplace,128091.6,44462.78,73343.49,51951.97,56586.08,4,0.8,0.216,0.4,0.553,73.19,0
C_2025_00395,Nov-2025,Wallet,125388.36,58701.92,79629.38,74869.13,71066.81,0,0.0,0.126,0.381,0.572,56.9,0
C_2025_00396,Nov-2025,Healthcare,83022.29,60090.54,84625.11,58190.15,67635.27,3,0.6,0.178,0.37,0.56,40.91,0
C_2025_00397,Nov-2025,NFT,195974.14,63243.26,89294.73,62833.77,71790.58,0,0.0,0.172,0.392,0.647,47.45,0
C_2025_00398,Nov-2025,DAO,115894.49,47135.76,113333.37,50333.97,70267.7,0,0.0,0.434,0.352,0.607,61.61,0
C_2025_00399,Nov-2025,Wallet,110872.17,46708.05,56735.96,56747.89,53397.3,1,0.2,0.089,0.379,0.59,93.56,0
C_2025_00400,Nov-2025,NFT,140323.47,52727.62,111902.28,53180.91,72603.6,2,0.4,0.383,0.353,0.593,85.78,0
C_2025_00401,Nov-2025,Energy,102910.19,55240.32,82523.68,67775.58,68513.19,1,0.2,0.163,0.373,0.584,87.89,0
C_2025_00402,Nov-2025,Token,41744.09,47001.42,76834.24,49719.47,57851.71,1,0.2,0.233,0.379,0.631,81.81,0
C_2025_00403,Nov-2025,Token,63624.42,48642.65,75329.31,50803.84,58258.6,2,0.4,0.208,0.352,0.589,78.34,0
C_2025_00404,Nov-2025,Token,69201.52,40897.54,161087.1706386569,51303.29,51697.37,5,0.4,0.29351977009219,0.371,0.574,76.98,1
C_2025_00405,Nov-2025,DAO,116198.21,57783.97,131265.28,61181.49,83410.25,0,0.0,0.406,0.387,0.586,76.92,0
C_2025_00406,Nov-2025,NFT,167465.99,48349.48,120407.44,46535.44,71764.12,6,1.0,0.479,0.373,0.612,62.62,0
C_2025_00407,Nov-2025,NFT,138278.56,43724.07,84540.56,54227.9,60830.84,0,0.0,0.284,0.397,0.619,85.28,0
C_2025_00408,Nov-2025,Token,76756.66,52363.42,63938.9,64268.36,60190.23,0,0.0,0.092,0.394,0.649,56.17,0
C_2025_00409,Nov-2025,DAO,117961.37,44206.03,175566.73666841612,55090.65,55628.26,5,0.0,0.29831131234902497,0.356,0.648,77.06,1
C_2025_00410,Nov-2025,DAO,104562.73,57157.79,118855.56,65028.23,80347.19,3,0.6,0.341,0.364,0.627,52.44,0
C_2025_00411,Nov-2025,NFT,153997.19,56059.96,112844.73,67206.44,78703.71,0,0.0,0.312,0.353,0.563,73.33,0
C_2025_00412,Nov-2025,Token,58225.19,59996.95,109319.66,76288.75,81868.45,1,0.2,0.251,0.351,0.558,54.22,0
C_2025_00413,Nov-2025,DeFi,131138.16,47818.44,83888.75,53521.18,61742.79,0,0.0,0.256,0.365,0.616,93.09,0
C_2025_00414,Nov-2025,DeFi,154332.9,65609.14,121400.66,60869.38,82626.39,0,0.0,0.333,0.38,0.584,90.45,0
C_2025_00415,Nov-2025,Energy,97188.38,47763.45,101694.82,48591.74,66016.67,4,0.8,0.382,0.384,0.645,56.27,0
C_2025_00416,Nov-2025,NFT,188052.93,40898.5,82771.41,46517.32,56729.08,0,0.0,0.327,0.386,0.582,76.58,0
C_2025_00417,Nov-2025,Token,49240.0,55669.75,76543.07,52205.28,61472.7,3,0.6,0.175,0.37,0.623,82.89,0
C_2025_00418,Nov-2025,Marketplace,99004.71,60843.54,93140.86,55073.08,69685.83,4,0.8,0.24,0.354,0.605,60.9,0
C_2025_00419,Nov-2025,DeFi,106577.6,62027.36,93809.49,58180.8,71339.22,1,0.2,0.224,0.359,0.649,64.43,0
C_2025_00420,Nov-2025,DeFi,146034.39,50729.51,126531.54,57480.88,78247.31,2,0.4,0.438,0.37,0.617,77.52,0
C_2025_00421,Nov-2025,Token,58661.61,46807.21,94649.57,44529.12,61995.3,3,0.6,0.373,0.394,0.6,80.16,0
C_2025_00422,Nov-2025,Healthcare,95817.51,53595.79,66104.86,54336.3,58012.32,3,0.6,0.099,0.356,0.646,45.94,0
C_2025_00423,Nov-2025,NFT,226093.73,44862.44,85408.52,41920.04,57397.0,0,0.0,0.346,0.355,0.609,69.94,0
C_2025_00424,Nov-2025,DAO,117888.38,39836.73,90273.53,36515.6,55541.95,2,0.4,0.443,0.365,0.611,89.39,0
C_2025_00425,Nov-2025,Marketplace,114140.9,60292.02,129584.94,63061.18,84312.71,2,0.4,0.38,0.385,0.606,59.72,0
C_2025_00426,Nov-2025,Token,62006.56,48755.47,107090.69,57572.56,71139.58,2,0.4,0.361,0.388,0.595,62.68,0
C_2025_00427,Nov-2025,NFT,179360.5,42169.49,103741.93,44325.85,63412.42,0,0.0,0.45,0.367,0.601,48.91,0
C_2025_00428,Nov-2025,Healthcare,85220.51,44512.02,76601.41,42110.97,54408.13,2,0.4,0.289,0.383,0.594,75.65,0
C_2025_00429,Nov-2025,Token,66380.21,54086.9,132022.66,51954.42,79354.66,2,0.4,0.469,0.37,0.584,46.98,0
C_2025_00430,Nov-2025,DAO,96587.0,47130.37,101550.65,46354.24,65011.75,0,0.0,0.397,0.378,0.61,87.96,0
C_2025_00431,Nov-2025,DeFi,102309.28,57357.63,375762.1325588126,64017.51,83360.27,4,0.0,0.5856285116324678,0.378,0.641,61.8,1
C_2025_00432,Nov-2025,DeFi,118438.94,46477.63,64923.63,49875.54,53758.93,1,0.2,0.149,0.397,0.626,72.26,0
C_2025_00433,Nov-2025,Healthcare,137257.4,46764.82,106495.13,56743.86,70001.27,2,0.4,0.373,0.394,0.647,49.74,0
C_2025_00434,Nov-2025,DeFi,136539.63,29742.03,58140.88,37902.5,41928.47,4,0.8,0.285,0.399,0.559,84.79,0
C_2025_00435,Nov-2025,Energy,101900.79,46775.39,82877.22,54146.38,61266.33,1,0.2,0.254,0.38,0.64,61.08,0
C_2025_00436,Nov-2025,DeFi,125598.92,38404.64,48500.13,47168.39,44691.05,2,0.4,0.1,0.39,0.605,85.43,0
C_2025_00437,Nov-2025,DeFi,148617.21,54589.5,107985.22,58173.65,73582.79,3,0.6,0.331,0.381,0.607,50.17,0
C_2025_00438,Nov-2025,Wallet,111746.25,45087.02,98866.81,50017.76,64657.2,1,0.2,0.375,0.354,0.594,48.99,0
C_2025_00439,Nov-2025,NFT,164656.34,45614.67,77668.97,41986.48,55090.04,1,0.2,0.291,0.374,0.588,86.15,0
C_2025_00440,Nov-2025,DeFi,130282.29,40626.77,52028.82,37720.42,43458.67,3,0.6,0.142,0.398,0.555,45.39,0
C_2025_00441,Nov-2025,DeFi,161555.1,54771.18,68971.19,70018.83,64587.07,2,0.4,0.108,0.358,0.563,46.78,0
C_2025_00442,Nov-2025,Marketplace,90348.74,50956.8,84872.71,66029.93,67286.48,2,0.4,0.206,0.369,0.605,44.22,0
C_2025_00443,Nov-2025,Wallet,96637.77,64161.34,117834.7,68407.36,83467.8,0,0.0,0.292,0.367,0.568,45.41,0
C_2025_00444,Nov-2025,NFT,177207.79,54059.37,116079.15,55472.78,75203.76,1,0.2,0.384,0.355,0.568,83.86,0
C_2025_00445,Nov-2025,Energy,116137.99,65481.23,119019.79,83093.96,89198.33,0,0.0,0.25,0.364,0.585,83.03,0
C_2025_00446,Nov-2025,DeFi,130678.34,50409.58,75213.85,53420.7,59681.38,2,0.4,0.185,0.39,0.583,80.2,0
C_2025_00447,Nov-2025,Marketplace,130544.48,36018.91,82209.39,44003.08,54077.13,1,0.2,0.373,0.385,0.564,62.87,0
C_2025_00448,Nov-2025,NFT,130799.14,58832.56,110340.19,76400.59,81857.78,0,0.0,0.261,0.384,0.59,47.32,0
C_2025_00449,Nov-2025,Marketplace,126417.18,40650.07,74346.68,43388.09,52794.95,1,0.2,0.289,0.379,0.566,65.95,0
C_2025_00450,Nov-2025,Token,81766.75,62755.54,311311.29277940176,75112.64,76771.95,5,0.0,0.3146720337857446,0.368,0.628,71.01,1
C_2025_00451,Nov-2025,DAO,120553.0,41380.99,230057.22556418032,50422.63,57327.92,5,0.4,0.558099324310662,0.357,0.576,63.05,1
C_2025_00452,Nov-2025,DeFi,135200.65,70092.45,110370.37,63264.45,81242.42,1,0.2,0.256,0.387,0.552,72.17,0
C_2025_00453,Nov-2025,Wallet,99305.38,49505.28,99673.26,55456.44,68211.66,1,0.2,0.328,0.395,0.57,41.24,0
C_2025_00454,Nov-2025,DeFi,133436.12,58594.54,138157.5,66726.18,87826.07,4,0.8,0.407,0.359,0.577,50.93,0
C_2025_00455,Nov-2025,DeFi,117769.37,41470.12,79692.05,47076.74,56079.64,2,0.4,0.301,0.354,0.567,68.49,0
C_2025_00456,Nov-2025,NFT,161086.1,42654.98,73383.92,52241.54,56093.48,0,0.0,0.229,0.382,0.617,83.93,0
C_2025_00457,Nov-2025,Token,83429.11,38164.45,78692.62,44714.48,53857.18,3,0.6,0.33,0.394,0.555,52.71,0
C_2025_00458,Nov-2025,DAO,106680.37,53607.13,79705.57,51208.22,61506.97,3,0.6,0.21,0.388,0.626,57.19,0
C_2025_00459,Nov-2025,Energy,93805.09,46678.29,380779.8026882368,54064.71,72005.47,6,0.4,0.8147993640639754,0.388,0.619,93.11,1
C_2025_00460,Nov-2025,Wallet,98170.35,47726.76,98948.14,56877.12,67850.67,1,0.2,0.329,0.375,0.581,63.51,0
C_2025_00461,Nov-2025,Token,75322.09,56112.84,84275.43,59599.14,66662.47,1,0.2,0.188,0.389,0.641,60.36,0
C_2025_00462,Nov-2025,DeFi,136323.19,52134.55,119907.45,50733.45,74258.48,2,0.4,0.435,0.353,0.599,46.0,0
C_2025_00463,Nov-2025,DAO,100267.99,41087.63,92507.74,51367.57,61654.31,2,0.4,0.36,0.388,0.565,77.97,0
C_2025_00464,Nov-2025,DeFi,132240.45,52913.12,86306.69,58216.7,65812.17,2,0.4,0.223,0.366,0.63,87.38,0
C_2025_00465,Nov-2025,Token,74541.88,39937.05,86957.85,48914.05,58602.98,3,0.6,0.348,0.385,0.624,77.27,0
C_2025_00466,Nov-2025,Wallet,116640.36,47060.72,66803.44,43364.28,52409.48,3,0.6,0.196,0.358,0.634,70.19,0
C_2025_00467,Nov-2025,DeFi,139046.42,43195.72,80536.16,49317.64,57683.17,4,0.8,0.283,0.392,0.617,78.34,0
C_2025_00468,Nov-2025,Healthcare,120466.36,47479.31,101747.35,44869.66,64698.77,2,0.4,0.405,0.398,0.618,74.73,0
C_2025_00469,Nov-2025,DAO,99004.15,43304.63,104999.69,44140.8,64148.38,2,0.4,0.45,0.351,0.604,93.67,0
C_2025_00470,Nov-2025,Token,53512.72,39473.47,65025.41,43745.2,49414.69,2,0.4,0.226,0.375,0.564,94.05,0
C_2025_00471,Nov-2025,DeFi,127278.26,49149.3,101350.29,55939.11,68812.9,1,0.2,0.337,0.389,0.57,85.11,0
C_2025_00472,Nov-2025,Energy,98055.16,64618.09,116017.73,64789.9,81808.57,2,0.4,0.296,0.38,0.65,63.94,0
C_2025_00473,Nov-2025,Token,63173.29,54958.47,69860.6,53952.56,59590.54,1,0.2,0.122,0.35,0.642,86.41,0
C_2025_00474,Nov-2025,DeFi,119279.79,54170.24,73480.45,50218.08,59289.59,3,0.6,0.171,0.376,0.585,60.62,0
C_2025_00475,Nov-2025,DeFi,151833.71,56459.69,75869.67,51617.49,61315.62,2,0.4,0.171,0.359,0.554,61.55,0
C_2025_00476,Nov-2025,NFT,163521.4,58745.9,104417.21,68746.49,77303.2,3,0.6,0.254,0.389,0.596,94.39,0
C_2025_00477,Nov-2025,DeFi,134831.23,49911.26,108853.48,49883.41,69549.39,3,0.6,0.4,0.385,0.585,40.38,0
C_2025_00478,Nov-2025,Energy,92946.16,45862.9,103857.92,47465.0,65728.61,1,0.2,0.41,0.365,0.574,52.85,0
C_2025_00479,Nov-2025,Token,50831.45,53772.34,93704.39,56501.11,67992.61,3,0.6,0.268,0.355,0.645,43.31,0
C_2025_00480,Nov-2025,NFT,153873.44,41531.97,67137.33,40108.04,49592.45,1,0.2,0.25,0.382,0.562,43.88,0
C_2025_00481,Nov-2025,NFT,178621.25,60426.22,78627.42,77477.25,72176.96,1,0.2,0.115,0.358,0.635,40.73,0
C_2025_00482,Nov-2025,NFT,206397.33,50549.1,313218.11843621836,63877.93,78838.31,7,0.4,0.7225718643634618,0.364,0.579,60.74,1
C_2025_00483,Nov-2025,DeFi,143991.15,32133.77,45239.32,37805.34,38392.81,0,0.0,0.14,0.366,0.6,83.8,0
C_2025_00484,Nov-2025,DeFi,141855.68,60404.21,270010.7616762492,67581.33,70900.92,5,0.0,0.2183133246708027,0.369,0.591,42.19,1
C_2025_00485,Nov-2025,Energy,108390.13,53296.87,66942.48,51785.27,57341.54,2,0.4,0.119,0.388,0.561,93.97,0
C_2025_00486,Nov-2025,DeFi,149721.7,45475.91,74824.63,52345.84,57548.79,0,0.0,0.218,0.357,0.644,90.47,0
C_2025_00487,Nov-2025,Wallet,113347.9,56894.53,128055.3,52776.21,79242.01,1,0.2,0.436,0.382,0.586,48.17,0
C_2025_00488,Nov-2025,Energy,124851.85,53038.14,89993.03,50540.44,64523.87,0,0.0,0.28,0.362,0.58,75.35,0
C_2025_00489,Nov-2025,Wallet,129305.37,56625.84,94636.08,69627.08,73629.66,0,0.0,0.214,0.373,0.63,49.91,0
C_2025_00490,Nov-2025,DeFi,149440.95,41142.75,50727.08,48384.64,46751.49,1,0.2,0.087,0.38,0.574,61.27,0
C_2025_00491,Nov-2025,Token,60710.62,47887.7,114167.82,43214.76,68423.43,1,0.2,0.474,0.365,0.643,48.89,0
C_2025_00492,Nov-2025,Wallet,113834.3,63228.94,148576.77,70917.41,94241.04,1,0.2,0.409,0.358,0.642,58.03,0
C_2025_00493,Nov-2025,NFT,201519.4,44777.53,73456.22,57352.18,58528.65,3,0.6,0.201,0.363,0.597,52.48,0
C_2025_00494,Nov-2025,Healthcare,113620.4,51404.29,90003.83,53298.69,64902.27,2,0.4,0.274,0.368,0.641,71.29,0
C_2025_00495,Nov-2025,Token,70542.86,54660.57,89884.05,58676.91,67740.51,4,0.8,0.232,0.387,0.631,86.48,0
C_2025_00496,Nov-2025,Token,60551.05,48959.52,84329.79,57258.28,63515.86,2,0.4,0.238,0.382,0.569,81.22,0
C_2025_00497,Nov-2025,DeFi,108770.99,51748.27,81735.6,62069.13,65184.33,1,0.2,0.191,0.398,0.622,92.64,0
C_2025_00498,Nov-2025,NFT,157316.83,29292.67,69345.75,32515.44,43717.95,1,0.2,0.416,0.372,0.562,51.33,0
C_2025_00499,Nov-2025,Token,72682.44,53699.87,102881.36,51619.42,69400.21,5,1.0,0.341,0.367,0.615,43.76,0
C_2025_00500,Nov-2025,DeFi,145120.06,45603.16,90134.93,48223.26,61320.45,2,0.4,0.333,0.393,0.559,82.72,0
C_2025_00501,Nov-2025,DeFi,125065.84,52874.42,93029.93,51087.26,65663.87,3,0.6,0.295,0.361,0.554,57.71,0
C_2025_00502,Nov-2025,Marketplace,123402.01,51491.33,106432.87,55309.85,71078.02,4,0.8,0.352,0.353,0.623,46.67,0
C_2025_00503,Nov-2025,Energy,113733.32,34882.81,200824.05297541383,39774.54,47370.56,4,0.0,0.5071684416565039,0.369,0.612,93.34,1
C_2025_00504,Nov-2025,Healthcare,114268.03,51532.62,112901.56,58576.45,74336.88,0,0.0,0.369,0.383,0.612,73.14,0
C_2025_00505,Nov-2025,Token,90216.45,41012.05,67045.48,45430.07,51162.53,0,0.0,0.222,0.39,0.569,44.67,0
C_2025_00506,Nov-2025,Wallet,133081.35,43803.08,258360.9367077762,44271.85,55187.99,5,0.2,0.5219720968154833,0.397,0.642,67.63,1
C_2025_00507,Nov-2025,Energy,124198.73,43129.5,53813.83,47007.17,47983.5,2,0.4,0.092,0.378,0.624,66.68,0
C_2025_00508,Nov-2025,Token,84126.13,53016.74,79927.65,57968.46,63637.61,1,0.2,0.184,0.355,0.634,53.19,0
C_2025_00509,Nov-2025,Token,65181.05,38755.5,85237.72,35840.25,53277.82,1,0.2,0.425,0.352,0.555,85.88,0
C_2025_00510,Nov-2025,Token,74420.36,48299.37,74435.65,51616.82,58117.28,0,0.0,0.2,0.372,0.608,71.4,0
C_2025_00511,Nov-2025,DeFi,111470.79,41022.77,54913.52,42939.33,46291.88,0,0.0,0.133,0.388,0.647,93.35,0
C_2025_00512,Nov-2025,DeFi,134207.99,58128.75,122717.08,58947.34,79931.05,2,0.4,0.379,0.388,0.578,57.49,0
C_2025_00513,Nov-2025,DeFi,143104.43,49756.78,99188.74,55656.08,68200.53,1,0.2,0.323,0.393,0.606,68.31,0
C_2025_00514,Nov-2025,DeFi,128434.86,53146.46,105451.98,49526.44,69374.96,3,0.6,0.368,0.379,0.627,62.35,0
C_2025_00515,Nov-2025,NFT,181578.66,56722.55,134377.07,65197.02,85432.21,0,0.0,0.407,0.365,0.57,89.99,0
C_2025_00516,Nov-2025,Token,71109.58,59018.99,281580.0380869534,57461.95,70131.76,6,0.4,0.4568494979672165,0.381,0.554,57.94,1
C_2025_00517,Nov-2025,DAO,95920.77,49161.66,384875.7997283214,48357.33,73147.47,5,0.0,0.8902186688745017,0.36,0.627,63.4,1
C_2025_00518,Nov-2025,DeFi,124544.45,50397.37,62732.66,54345.01,55825.01,2,0.4,0.092,0.377,0.641,61.34,0
C_2025_00519,Nov-2025,NFT,171403.67,51294.26,123927.58,61582.31,78934.71,3,0.6,0.407,0.364,0.583,78.54,0
C_2025_00520,Nov-2025,Marketplace,117145.89,45280.84,97811.59,41908.23,61666.89,1,0.2,0.415,0.365,0.648,75.35,0
C_2025_00521,Nov-2025,DeFi,148182.38,46054.84,81281.74,57467.85,61601.48,0,0.0,0.238,0.397,0.572,57.94,0
C_2025_00522,Nov-2025,Healthcare,102942.15,61345.91,122119.76,66120.43,83195.36,1,0.2,0.332,0.353,0.58,66.09,0
C_2025_00523,Nov-2025,Token,61361.64,41681.55,71691.34,38470.27,50614.39,2,0.4,0.296,0.38,0.616,63.06,0
C_2025_00524,Nov-2025,Healthcare,101177.59,63249.67,117393.18,57110.73,79251.19,2,0.4,0.342,0.368,0.648,63.14,0
C_2025_00525,Nov-2025,Energy,120695.64,50033.84,106694.18,56679.74,71135.92,3,0.6,0.356,0.369,0.647,78.34,0
C_2025_00526,Nov-2025,DAO,100810.28,49723.83,308597.4425553834,53048.64,65991.77,6,0.2,0.501400506676729,0.391,0.606,43.0,1
C_2025_00527,Nov-2025,DeFi,130192.43,53838.62,281178.62093717884,58563.64,65789.04,5,0.4,0.37778454381826787,0.356,0.58,82.9,1
C_2025_00528,Nov-2025,NFT,144143.94,48714.95,68982.34,50327.02,56008.1,3,0.6,0.164,0.359,0.639,65.32,0
C_2025_00529,Nov-2025,Token,57222.78,57858.56,83292.7,52983.67,64711.64,0,0.0,0.205,0.389,0.563,65.72,0
C_2025_00530,Nov-2025,DAO,94294.66,65475.11,80877.38,79447.54,75266.68,0,0.0,0.092,0.388,0.639,63.81,0
C_2025_00531,Nov-2025,DAO,89502.57,71101.56,121297.21,89230.31,93876.36,2,0.4,0.221,0.396,0.646,67.99,0
C_2025_00532,Nov-2025,Token,51066.37,47029.8,115059.98,45013.43,69034.41,1,0.2,0.472,0.364,0.59,94.93,0
C_2025_00533,Nov-2025,DeFi,131658.03,44989.48,58816.72,43271.25,49025.82,2,0.4,0.142,0.366,0.559,56.68,0
C_2025_00534,Nov-2025,Token,71382.75,35125.31,83685.13,31699.66,50170.03,2,0.4,0.473,0.358,0.646,69.56,0
C_2025_00535,Nov-2025,NFT,212132.95,46145.87,99357.07,59905.12,68469.35,1,0.2,0.329,0.377,0.591,49.3,0
C_2025_00536,Nov-2025,DeFi,167673.09,49675.6,74286.84,55513.21,59825.22,3,0.6,0.176,0.369,0.627,49.38,0
C_2025_00537,Nov-2025,DAO,91243.59,40564.32,71447.94,49192.84,53735.03,2,0.4,0.242,0.367,0.631,53.11,0
C_2025_00538,Nov-2025,Marketplace,110302.53,37655.05,57955.05,34026.42,43212.17,2,0.4,0.244,0.398,0.607,87.49,0
C_2025_00539,Nov-2025,DAO,112514.41,41267.0,96084.99,46765.51,61372.5,2,0.4,0.402,0.373,0.589,87.69,0
C_2025_00540,Nov-2025,DeFi,141392.72,47665.93,117096.55,51354.11,72038.86,1,0.2,0.443,0.384,0.577,80.51,0
C_2025_00541,Nov-2025,NFT,143531.0,40231.38,64785.52,44110.0,49708.97,1,0.2,0.217,0.365,0.647,62.61,0
C_2025_00542,Nov-2025,DeFi,161397.97,37904.93,93941.42,37777.59,56541.32,3,0.6,0.468,0.384,0.556,72.79,0
C_2025_00543,Nov-2025,Wallet,100108.6,55466.08,127245.22,50592.92,77768.07,2,0.4,0.451,0.357,0.645,44.0,0
C_2025_00544,Nov-2025,Healthcare,103201.87,41038.53,82335.83,45877.81,56417.39,0,0.0,0.327,0.364,0.574,51.74,0
C_2025_00545,Nov-2025,Marketplace,129797.4,44252.16,65612.18,46317.47,52060.6,4,0.8,0.185,0.353,0.582,54.67,0
C_2025_00546,Nov-2025,DeFi,152994.0,50261.66,116396.95,62221.21,76293.27,2,0.4,0.377,0.353,0.62,40.54,0
C_2025_00547,Nov-2025,DeFi,104182.36,42670.87,89668.17,51482.32,61273.79,2,0.4,0.333,0.372,0.623,78.11,0
C_2025_00548,Nov-2025,Marketplace,123007.05,62832.73,150146.85,60479.32,91152.97,2,0.4,0.458,0.374,0.583,71.86,0
C_2025_00549,Nov-2025,Token,66361.62,57642.59,116509.46,63839.12,79330.39,0,0.0,0.333,0.362,0.599,57.06,0
C_2025_00550,Nov-2025,DeFi,130261.83,39247.18,63566.8,39374.46,47396.14,1,0.2,0.241,0.396,0.637,78.92,0
C_2025_00551,Nov-2025,Token,66816.28,47407.45,106683.11,57225.82,70438.79,0,0.0,0.368,0.382,0.633,71.75,0
C_2025_00552,Nov-2025,Wallet,102840.45,66783.51,126041.83,61023.49,84616.28,1,0.2,0.347,0.372,0.579,70.0,0
C_2025_00553,Nov-2025,DAO,114841.24,43826.31,97886.72,42307.37,61340.13,0,0.0,0.421,0.357,0.638,69.05,0
C_2025_00554,Nov-2025,Token,57243.97,49354.35,100901.17,61554.74,70603.42,2,0.4,0.312,0.356,0.555,54.16,0
C_2025_00555,Nov-2025,Token,61750.06,45065.35,76637.03,57557.16,59753.18,3,0.6,0.217,0.387,0.578,75.15,0
C_2025_00556,Nov-2025,Marketplace,99191.94,42286.4,101904.89,38474.61,60888.63,5,1.0,0.477,0.391,0.615,75.6,0
C_2025_00557,Nov-2025,DeFi,135284.36,43025.83,106584.77,54415.95,68008.85,1,0.2,0.407,0.368,0.633,78.58,0
C_2025_00558,Nov-2025,Wallet,101979.86,49511.39,86890.67,53849.09,63417.05,2,0.4,0.263,0.376,0.557,93.49,0
C_2025_00559,Nov-2025,NFT,167983.01,32253.22,53600.63,37833.18,41229.01,2,0.4,0.219,0.366,0.563,76.05,0
C_2025_00560,Nov-2025,DAO,111229.82,46137.38,107527.99,57963.91,70543.09,1,0.2,0.377,0.354,0.617,85.17,0
C_2025_00561,Nov-2025,DeFi,123005.44,37896.35,86801.24,47402.58,57366.72,1,0.2,0.369,0.36,0.56,90.11,0
C_2025_00562,Nov-2025,NFT,186037.72,55441.84,70045.01,68608.81,64698.55,1,0.2,0.102,0.377,0.559,81.62,0
C_2025_00563,Nov-2025,Wallet,94715.39,52680.17,76107.14,51294.65,60027.32,0,0.0,0.19,0.379,0.634,40.96,0
C_2025_00564,Nov-2025,Token,65765.89,45253.4,102514.54,46642.48,64803.47,1,0.2,0.412,0.364,0.553,80.44,0
C_2025_00565,Nov-2025,DAO,124263.16,64794.9,379018.35995436617,75816.01,93613.11,3,0.0,0.5998422859568312,0.368,0.563,47.14,1
C_2025_00566,Nov-2025,NFT,192001.59,53341.45,130769.35,61414.08,81841.62,0,0.0,0.425,0.355,0.631,71.83,0
C_2025_00567,Nov-2025,Wallet,125539.83,54353.76,370078.47228002537,67060.76,78777.51,5,0.0,0.5241301459807047,0.387,0.635,55.74,1
C_2025_00568,Nov-2025,Energy,93266.06,58431.13,464801.8473389531,53369.21,84895.21,6,0.2,0.8329394262315396,0.386,0.568,52.95,1
C_2025_00569,Nov-2025,DeFi,142959.2,49906.21,73623.08,47794.98,57108.09,3,0.6,0.205,0.382,0.573,48.62,0
C_2025_00570,Nov-2025,DeFi,142850.54,63419.02,138334.36,64927.44,88893.61,1,0.2,0.393,0.399,0.579,56.21,0
C_2025_00571,Nov-2025,DeFi,143027.65,34354.44,52494.26,43496.71,43448.47,2,0.4,0.17,0.383,0.641,49.28,0
C_2025_00572,Nov-2025,Token,64606.36,53912.67,130977.04,63117.07,82668.93,1,0.2,0.416,0.365,0.559,47.91,0
C_2025_00573,Nov-2025,Token,63576.66,42697.51,95397.0,40842.45,59645.65,0,0.0,0.424,0.382,0.57,45.37,0
C_2025_00574,Nov-2025,Token,61098.36,58594.66,383673.8352756492,65327.79,81397.31,6,0.6,0.513351323560034,0.352,0.596,89.0,1
C_2025_00575,Nov-2025,Token,74741.59,52036.8,129525.4,50238.74,77266.98,5,1.0,0.478,0.39,0.561,82.94,0
C_2025_00576,Nov-2025,NFT,170622.67,56129.94,113372.71,60174.5,76559.05,1,0.2,0.341,0.388,0.644,91.74,0
C_2025_00577,Nov-2025,NFT,177643.73,49082.26,105951.96,49137.97,68057.4,0,0.0,0.394,0.363,0.641,74.82,0
C_2025_00578,Nov-2025,DAO,98492.29,56983.35,121671.1,51926.0,76860.15,2,0.4,0.413,0.391,0.574,75.88,0
C_2025_00579,Nov-2025,Marketplace,129547.26,37136.84,49751.7,33674.39,40187.64,2,0.4,0.172,0.4,0.571,54.58,0
C_2025_00580,Nov-2025,DAO,112666.83,50622.08,368755.8108126375,55742.51,75793.21,5,0.2,0.6484046849963042,0.399,0.646,49.01,1
C_2025_00581,Nov-2025,Energy,102843.06,47606.55,73944.05,58383.83,59978.14,1,0.2,0.18,0.367,0.648,74.63,0
C_2025_00582,Nov-2025,Healthcare,95757.43,47612.75,118176.27,58484.63,74757.88,1,0.2,0.415,0.353,0.562,71.94,0
C_2025_00583,Nov-2025,Marketplace,109928.54,56272.02,129190.95,60681.2,82048.06,2,0.4,0.407,0.368,0.614,43.89,0
C_2025_00584,Nov-2025,DeFi,138186.8,32627.43,81408.43,35557.81,49864.56,3,0.6,0.448,0.394,0.591,73.24,0
C_2025_00585,Nov-2025,NFT,151722.85,64652.98,89712.84,60607.24,71657.68,0,0.0,0.18,0.394,0.574,51.63,0
C_2025_00586,Nov-2025,Token,57994.21,59187.57,109962.1,57116.26,75421.98,4,0.8,0.324,0.357,0.551,41.1,0
C_2025_00587,Nov-2025,NFT,151575.68,68191.53,127751.37,61575.94,85839.61,2,0.4,0.347,0.387,0.573,84.72,0
C_2025_00588,Nov-2025,Token,54151.71,53316.75,80387.62,61378.9,65027.76,2,0.4,0.175,0.393,0.617,64.64,0
C_2025_00589,Nov-2025,Marketplace,92636.82,49526.41,99787.96,51680.66,66998.35,3,0.6,0.346,0.396,0.63,64.81,0
C_2025_00590,Nov-2025,Marketplace,117647.9,62930.4,115796.79,61478.36,80068.52,1,0.2,0.316,0.396,0.584,92.37,0
C_2025_00591,Nov-2025,Marketplace,136586.54,54453.89,103779.45,51826.61,70019.98,1,0.2,0.341,0.381,0.595,82.79,0
C_2025_00592,Nov-2025,DeFi,121516.35,46229.47,79895.25,58740.75,61621.83,2,0.4,0.225,0.354,0.648,76.65,0
C_2025_00593,Nov-2025,DeFi,139784.59,36949.32,49598.07,47529.19,44692.19,0,0.0,0.124,0.382,0.575,79.47,0
C_2025_00594,Nov-2025,DAO,118313.23,58846.66,377973.87763138884,73969.53,83480.6,4,0.0,0.4946770390499731,0.367,0.575,94.34,1
C_2025_00595,Nov-2025,NFT,204420.69,44404.04,92810.78,43730.54,60315.12,1,0.2,0.381,0.371,0.573,41.08,0
C_2025_00596,Nov-2025,DeFi,110928.83,40021.66,48394.96,46909.4,45108.67,1,0.2,0.081,0.358,0.629,73.9,0
C_2025_00597,Nov-2025,DeFi,131894.71,46246.95,74068.8,48443.22,56252.99,4,0.8,0.225,0.389,0.598,89.36,0
C_2025_00598,Nov-2025,Energy,102699.79,54740.24,384169.0536546052,67880.81,81867.83,6,0.4,0.6021118747853881,0.357,0.604,71.67,1
C_2025_00599,Nov-2025,NFT,189456.54,50894.39,105134.14,62552.42,72860.32,0,0.0,0.32,0.377,0.596,67.44,0
C_2025_00600,Nov-2025,Token,66684.81,46092.19,85463.52,55589.93,62381.88,1,0.2,0.269,0.382,0.567,87.98,0
C_2025_00601,Nov-2025,Token,56327.44,52861.78,326896.87527459743,58536.29,80321.46,5,0.0,0.8473442056644795,0.381,0.575,84.2,1
C_2025_00602,Nov-2025,Energy,72803.95,51029.22,111219.13,48630.25,70292.87,2,0.4,0.412,0.371,0.635,87.09,0
C_2025_00603,Nov-2025,Token,69677.47,47038.2,64328.18,55881.32,55749.23,0,0.0,0.127,0.381,0.586,83.39,0
C_2025_00604,Nov-2025,DAO,117933.23,39881.86,60077.53,47278.52,49079.3,1,0.2,0.17,0.393,0.609,46.99,0
C_2025_00605,Nov-2025,DeFi,112254.16,47977.89,101255.05,57743.66,68992.2,0,0.0,0.336,0.375,0.631,91.49,0
C_2025_00606,Nov-2025,Wallet,117747.05,50155.05,95113.82,53047.8,66105.56,2,0.4,0.311,0.375,0.635,85.76,0
C_2025_00607,Nov-2025,DAO,89711.94,42172.0,77575.67,47616.79,55788.15,1,0.2,0.279,0.374,0.583,45.88,0
C_2025_00608,Nov-2025,Wallet,99385.96,45835.25,82451.86,46881.9,58389.67,0,0.0,0.291,0.366,0.604,70.34,0
C_2025_00609,Nov-2025,NFT,159982.01,33648.51,82612.91,35362.54,50541.32,1,0.2,0.449,0.373,0.626,51.33,0
C_2025_00610,Nov-2025,Token,76418.44,46644.52,76513.47,52498.17,58552.06,0,0.0,0.221,0.387,0.555,86.89,0
C_2025_00611,Nov-2025,NFT,181146.91,48017.98,79627.64,57096.9,61580.84,2,0.4,0.216,0.359,0.599,44.51,0
C_2025_00612,Nov-2025,Energy,109248.22,51929.92,124645.93,58054.01,78209.95,1,0.2,0.421,0.383,0.649,54.58,0
C_2025_00613,Nov-2025,Wallet,105459.78,51162.54,68953.8,46126.48,55414.27,4,0.8,0.177,0.358,0.578,60.68,0
C_2025_00614,Nov-2025,Marketplace,112973.45,62810.39,230282.89683074315,56982.31,67163.99,3,0.0,0.23757579470621978,0.371,0.643,75.06,1
C_2025_00615,Nov-2025,Marketplace,108123.64,61228.28,102261.39,57760.32,73750.0,2,0.4,0.274,0.376,0.599,74.38,0
C_2025_00616,Nov-2025,Token,65882.14,54934.09,104500.15,50546.46,69993.57,0,0.0,0.35,0.359,0.553,80.88,0
C_2025_00617,Nov-2025,Wallet,101873.72,53324.41,121947.72,51293.51,75521.88,1,0.2,0.435,0.369,0.575,66.89,0
C_2025_00618,Nov-2025,DeFi,132863.75,49709.36,63265.31,47565.52,53513.39,0,0.0,0.13,0.381,0.555,86.0,0
C_2025_00619,Nov-2025,Energy,146922.32,60880.93,117504.63,58952.55,79112.7,0,0.0,0.343,0.366,0.609,51.56,0
C_2025_00620,Nov-2025,DeFi,119779.3,57742.61,79471.99,55331.94,64182.18,5,1.0,0.169,0.362,0.634,51.51,0
C_2025_00621,Nov-2025,DeFi,133015.22,46618.28,80336.56,59112.73,62022.52,1,0.2,0.224,0.397,0.576,58.55,0
C_2025_00622,Nov-2025,Token,60444.4,49007.83,288141.01720871154,46524.47,61991.59,5,0.2,0.5456681381889621,0.389,0.63,48.44,1
C_2025_00623,Nov-2025,Healthcare,93480.63,38395.6,53632.27,46818.88,46282.25,1,0.2,0.135,0.368,0.561,74.55,0
C_2025_00624,Nov-2025,Wallet,103780.97,60602.21,118303.58,76633.72,85179.84,1,0.2,0.286,0.369,0.634,75.43,0
C_2025_00625,Nov-2025,DeFi,143357.83,52927.27,125022.95,67107.39,81685.87,0,0.0,0.382,0.377,0.624,81.63,0
C_2025_00626,Nov-2025,Wallet,96343.3,52915.84,118354.04,62866.37,78045.41,0,0.0,0.369,0.373,0.567,58.56,0
C_2025_00627,Nov-2025,Marketplace,109387.27,48024.92,91960.03,55124.59,65036.51,2,0.4,0.296,0.356,0.635,48.61,0
C_2025_00628,Nov-2025,DeFi,135837.55,50005.67,66337.01,51067.1,55803.26,2,0.4,0.134,0.353,0.605,72.5,0
C_2025_00629,Nov-2025,DAO,94891.21,56296.13,94236.14,69664.9,73399.06,0,0.0,0.214,0.391,0.606,81.92,0
C_2025_00630,Nov-2025,Wallet,98994.13,55358.46,107365.34,69036.95,77253.58,2,0.4,0.285,0.357,0.589,92.34,0
C_2025_00631,Nov-2025,Token,71406.12,46862.55,109922.0,48740.55,68508.37,0,0.0,0.428,0.386,0.581,83.06,0
C_2025_00632,Nov-2025,Wallet,101276.61,27364.41,60510.43,28813.23,38896.02,1,0.2,0.393,0.368,0.603,84.48,0
C_2025_00633,Nov-2025,NFT,182792.09,32236.63,207322.69094832594,32487.3,43838.82,6,0.4,0.6868021743715853,0.379,0.615,41.61,1
C_2025_00634,Nov-2025,NFT,178851.94,69136.88,132015.11,72162.97,91104.98,0,0.0,0.318,0.36,0.645,62.48,0
C_2025_00635,Nov-2025,NFT,161852.55,49608.28,61952.61,58878.71,56813.2,2,0.4,0.092,0.387,0.567,50.45,0
C_2025_00636,Nov-2025,DAO,88452.28,47359.28,72066.7,54846.55,58090.84,3,0.6,0.178,0.364,0.648,72.79,0
C_2025_00637,Nov-2025,Marketplace,103334.66,50174.93,97339.32,63637.28,70383.84,4,0.8,0.282,0.353,0.597,53.21,0
C_2025_00638,Nov-2025,NFT,125568.8,36593.67,71606.05,38156.52,48785.41,0,0.0,0.331,0.375,0.633,76.52,0
C_2025_00639,Nov-2025,Energy,116101.83,48490.32,115691.59,47701.84,70627.91,0,0.0,0.451,0.387,0.633,93.23,0
C_2025_00640,Nov-2025,Wallet,112789.84,57211.97,108077.31,52127.91,72472.4,1,0.2,0.349,0.381,0.606,80.84,0
C_2025_00641,Nov-2025,DAO,115989.15,36461.83,47932.18,38848.85,41080.95,3,0.6,0.12,0.375,0.583,64.23,0
C_2025_00642,Nov-2025,DeFi,136437.67,56653.1,132974.66,55599.6,81742.45,1,0.2,0.443,0.394,0.583,57.3,0
C_2025_00643,Nov-2025,Token,70674.82,50155.67,169893.89957910634,52206.65,55221.52,7,0.4,0.19011928012376283,0.371,0.589,90.35,1
C_2025_00644,Nov-2025,Token,65251.17,62860.63,156201.22,68273.62,95778.49,0,0.0,0.447,0.363,0.594,48.63,0
C_2025_00645,Nov-2025,Marketplace,117314.31,37557.01,80292.53,47941.96,55263.83,3,0.6,0.329,0.378,0.561,46.94,0
C_2025_00646,Nov-2025,Wallet,89198.37,51771.95,63542.19,61563.87,58959.34,0,0.0,0.087,0.38,0.604,93.28,0
C_2025_00647,Nov-2025,DeFi,118968.27,49787.16,95451.66,61558.76,68932.53,2,0.4,0.281,0.395,0.569,73.85,0
C_2025_00648,Nov-2025,Token,61002.24,49178.65,81217.31,49478.22,59958.06,2,0.4,0.251,0.391,0.556,69.6,0
C_2025_00649,Nov-2025,DeFi,140591.93,59525.97,135187.36,68991.07,87901.47,4,0.8,0.383,0.376,0.563,72.59,0
C_2025_00650,Nov-2025,Token,83713.03,47327.29,57410.9,46283.07,50340.42,2,0.4,0.1,0.371,0.621,73.21,0
C_2025_00651,Nov-2025,Token,59121.57,36746.46,54495.36,47270.96,46170.93,0,0.0,0.158,0.369,0.553,52.2,0
C_2025_00652,Nov-2025,Token,59797.47,54882.99,71571.94,59810.45,62088.46,0,0.0,0.113,0.354,0.631,82.43,0
C_2025_00653,Nov-2025,DeFi,124944.14,51103.33,113332.02,63276.37,75903.91,2,0.4,0.355,0.392,0.623,93.94,0
C_2025_00654,Nov-2025,DeFi,123329.96,45535.31,67179.95,55417.2,56044.15,0,0.0,0.158,0.353,0.65,41.36,0
C_2025_00655,Nov-2025,Energy,104901.21,58464.18,134122.68,65587.93,86058.26,2,0.4,0.396,0.354,0.575,76.81,0
C_2025_00656,Nov-2025,DeFi,128468.0,57919.59,115205.84,56494.77,76540.07,2,0.4,0.357,0.375,0.559,70.75,0
C_2025_00657,Nov-2025,Token,55658.79,50073.13,88864.08,51757.68,63564.96,2,0.4,0.282,0.388,0.621,60.15,0
C_2025_00658,Nov-2025,NFT,155159.13,45570.44,88863.13,43835.87,59423.15,2,0.4,0.351,0.369,0.592,70.92,0
C_2025_00659,Nov-2025,DAO,115520.65,51812.04,80406.52,54309.21,62175.92,4,0.8,0.208,0.383,0.591,65.89,0
C_2025_00660,Nov-2025,Token,63175.78,61510.61,97934.79,64808.05,74751.15,2,0.4,0.22,0.356,0.575,90.64,0
C_2025_00661,Nov-2025,Token,73001.03,69497.94,137280.09,72723.43,93167.16,2,0.4,0.335,0.356,0.604,91.51,0
C_2025_00662,Nov-2025,DeFi,141400.34,46846.75,308172.54921940307,46805.76,65467.55,5,0.0,0.6398979947467687,0.355,0.623,50.98,1
C_2025_00663,Nov-2025,Token,65245.98,31364.47,67217.46,29648.59,42743.51,1,0.2,0.405,0.377,0.632,49.44,0
C_2025_00664,Nov-2025,Energy,117202.56,57663.46,110865.61,68031.99,78853.69,1,0.2,0.292,0.383,0.602,75.17,0
C_2025_00665,Nov-2025,DeFi,140147.18,47845.18,93947.88,44695.1,62162.72,3,0.6,0.362,0.395,0.577,62.58,0
C_2025_00666,Nov-2025,NFT,191387.47,53391.12,70230.95,66525.22,63382.43,1,0.2,0.114,0.362,0.592,53.82,0
C_2025_00667,Nov-2025,Token,58475.98,46793.01,74168.31,52825.26,57928.86,1,0.2,0.203,0.387,0.639,81.62,0
C_2025_00668,Nov-2025,Token,74528.69,43451.16,60726.22,41371.03,48516.14,2,0.4,0.179,0.353,0.563,87.23,0
C_2025_00669,Nov-2025,NFT,148282.75,55793.09,107227.88,61987.9,75002.96,1,0.2,0.306,0.393,0.581,78.18,0
C_2025_00670,Nov-2025,Marketplace,117317.95,33362.93,43190.22,40571.08,39041.41,0,0.0,0.106,0.384,0.63,70.9,0
C_2025_00671,Nov-2025,DeFi,142340.76,59795.05,99390.66,73161.84,77449.19,1,0.2,0.212,0.387,0.588,56.65,0
C_2025_00672,Nov-2025,DeFi,149841.17,48647.02,117185.72,54388.99,73407.24,2,0.4,0.423,0.362,0.621,85.31,0
C_2025_00673,Nov-2025,Marketplace,106912.4,58656.9,77200.8,63062.77,66306.82,1,0.2,0.119,0.389,0.558,85.52,0
C_2025_00674,Nov-2025,Marketplace,132887.57,38511.27,50701.93,39856.99,43023.4,0,0.0,0.127,0.398,0.631,65.28,0
C_2025_00675,Nov-2025,NFT,155310.89,46389.84,268900.00691151345,59263.46,65094.58,4,0.0,0.5148669190483648,0.362,0.644,49.41,1
C_2025_00676,Nov-2025,DeFi,132627.62,42277.79,98101.25,46118.47,62165.84,2,0.4,0.41,0.4,0.591,55.81,0
C_2025_00677,Nov-2025,Token,50475.67,54295.81,71257.53,48897.25,58150.19,2,0.4,0.164,0.4,0.579,55.43,0
C_2025_00678,Nov-2025,DeFi,125544.14,47593.02,74756.39,57927.18,60092.2,2,0.4,0.186,0.394,0.583,46.21,0
C_2025_00679,Nov-2025,NFT,181730.77,57319.47,81058.33,61442.6,66606.8,1,0.2,0.155,0.373,0.649,43.01,0
C_2025_00680,Nov-2025,DAO,106702.37,32390.05,60053.54,33244.32,41895.97,6,1.0,0.307,0.365,0.59,57.43,0
C_2025_00681,Nov-2025,DeFi,102894.38,47801.24,117117.57,49002.86,71307.22,0,0.0,0.454,0.376,0.556,46.08,0
C_2025_00682,Nov-2025,DAO,107717.11,38020.43,67038.61,46380.23,50479.76,2,0.4,0.242,0.366,0.627,42.86,0
C_2025_00683,Nov-2025,DAO,96845.36,49457.03,74493.94,62958.88,62303.28,3,0.6,0.164,0.399,0.647,51.84,0
C_2025_00684,Nov-2025,DeFi,122134.6,54310.54,80249.18,63567.07,66042.26,2,0.4,0.163,0.376,0.642,89.73,0
C_2025_00685,Nov-2025,Token,61800.14,41758.86,83720.58,40245.44,55241.63,2,0.4,0.365,0.356,0.559,90.02,0
C_2025_00686,Nov-2025,DeFi,124673.25,39602.9,184146.1778395411,45131.64,51788.86,3,0.0,0.46790657930877594,0.361,0.643,89.96,1
C_2025_00687,Nov-2025,Token,73736.82,38188.29,59487.71,48263.69,48646.56,1,0.2,0.179,0.395,0.646,44.27,0
C_2025_00688,Nov-2025,DAO,87286.85,52491.93,89797.46,51014.83,64434.74,3,0.6,0.278,0.381,0.584,87.08,0
C_2025_00689,Nov-2025,Wallet,93990.07,47730.18,69134.17,57634.46,58166.27,1,0.2,0.15,0.36,0.582,65.6,0
C_2025_00690,Nov-2025,Token,60437.49,40567.13,56559.48,44785.87,47304.16,3,0.6,0.143,0.375,0.64,84.37,0
C_2025_00691,Nov-2025,Marketplace,92519.82,46627.25,68049.81,42669.24,52448.77,1,0.2,0.213,0.353,0.573,84.11,0
C_2025_00692,Nov-2025,Token,64543.67,59471.9,103534.15,76786.64,79930.89,0,0.0,0.227,0.361,0.579,49.5,0
C_2025_00693,Nov-2025,DeFi,141334.99,48224.89,96447.48,51348.84,65340.4,1,0.2,0.337,0.361,0.607,73.86,0
C_2025_00694,Nov-2025,NFT,172968.84,46141.82,94309.28,54411.74,64954.28,1,0.2,0.324,0.355,0.593,47.08,0
C_2025_00695,Nov-2025,DeFi,129451.15,55277.2,89131.0,66693.14,70367.11,1,0.2,0.2,0.391,0.637,77.02,0
C_2025_00696,Nov-2025,DAO,111031.49,45302.77,99316.5,43246.08,62621.78,1,0.2,0.415,0.351,0.625,66.06,0
C_2025_00697,Nov-2025,DeFi,127250.49,49841.65,112902.18,52031.19,71591.67,4,0.8,0.408,0.37,0.645,75.32,0
C_2025_00698,Nov-2025,Marketplace,101462.45,46924.34,107706.43,49029.96,67886.91,2,0.4,0.415,0.38,0.556,62.73,0
C_2025_00699,Nov-2025,Marketplace,83667.41,62795.77,136472.4,77312.26,92193.48,1,0.2,0.346,0.36,0.604,91.42,0
C_2025_00700,Nov-2025,DeFi,134433.41,52312.18,83394.54,56067.1,63924.6,1,0.2,0.217,0.352,0.645,53.24,0
C_2025_00701,Nov-2025,Marketplace,107274.73,48865.94,117623.25,55311.11,73933.43,2,0.4,0.419,0.381,0.554,50.27,0
C_2025_00702,Nov-2025,Token,69036.65,55012.31,91091.33,57802.76,67968.8,1,0.2,0.241,0.362,0.571,53.78,0
C_2025_00703,Nov-2025,Token,60030.9,56899.22,82445.7,62686.18,67343.7,1,0.2,0.162,0.354,0.586,81.12,0
C_2025_00704,Nov-2025,DAO,125786.1,51683.97,126494.96,62902.75,80360.56,2,0.4,0.41,0.399,0.588,48.37,0
C_2025_00705,Nov-2025,DeFi,111513.53,57619.7,366592.21786596277,65381.48,78674.3,6,0.4,0.46816271813730237,0.372,0.604,76.5,1
C_2025_00706,Nov-2025,Wallet,104096.52,60624.46,123665.46,58214.29,80834.74,3,0.6,0.375,0.36,0.599,88.3,0
C_2025_00707,Nov-2025,DAO,119249.23,50390.95,92161.83,55237.54,65930.11,0,0.0,0.283,0.39,0.575,89.48,0
C_2025_00708,Nov-2025,Marketplace,134216.93,51844.3,335935.9202855689,49376.81,71968.12,6,0.2,0.7284481451766052,0.375,0.565,50.06,1
C_2025_00709,Nov-2025,Token,57160.6,34341.29,69030.26,31929.55,45100.37,1,0.2,0.376,0.379,0.614,70.62,0
C_2025_00710,Nov-2025,Marketplace,99925.53,59735.75,131098.38,64102.84,84978.99,2,0.4,0.384,0.383,0.612,57.04,0
C_2025_00711,Nov-2025,DeFi,133366.26,54014.33,73742.17,56320.16,61358.89,2,0.4,0.144,0.362,0.639,40.5,0
C_2025_00712,Nov-2025,NFT,146128.86,55495.0,240573.2700068947,50571.29,59164.42,4,0.2,0.23793514487000894,0.371,0.622,90.51,1
C_2025_00713,Nov-2025,Token,54832.39,46971.36,87942.29,59335.8,64749.82,1,0.2,0.265,0.385,0.607,89.91,0
C_2025_00714,Nov-2025,Token,65756.06,41613.99,97514.13,44277.68,61135.27,1,0.2,0.421,0.364,0.582,91.98,0
C_2025_00715,Nov-2025,Wallet,106155.38,35764.81,74129.57,34508.51,48134.3,3,0.6,0.382,0.383,0.563,92.02,0
C_2025_00716,Nov-2025,Marketplace,114216.88,46239.43,71405.76,58883.01,58842.73,2,0.4,0.175,0.372,0.612,82.35,0
C_2025_00717,Nov-2025,NFT,168610.2,54342.99,123336.21,60175.6,79284.93,1,0.2,0.394,0.379,0.623,62.6,0
C_2025_00718,Nov-2025,NFT,203955.93,57509.12,122175.73,52953.62,77546.16,2,0.4,0.408,0.362,0.598,88.78,0
C_2025_00719,Nov-2025,NFT,202569.35,44627.9,59170.54,48663.28,50820.57,2,0.4,0.121,0.375,0.573,62.53,0
C_2025_00720,Nov-2025,Marketplace,118327.08,55732.71,83405.71,70718.65,69952.36,2,0.4,0.162,0.38,0.606,66.75,0
C_2025_00721,Nov-2025,DeFi,110215.47,50160.85,113190.61,56014.83,73122.1,0,0.0,0.389,0.388,0.643,92.1,0
C_2025_00722,Nov-2025,DeFi,115732.23,47265.43,88571.6,44667.89,60168.31,1,0.2,0.334,0.363,0.591,61.07,0
C_2025_00723,Nov-2025,DAO,107467.18,61390.03,87296.55,61812.64,70166.41,1,0.2,0.173,0.381,0.607,79.31,0
C_2025_00724,Nov-2025,DeFi,124001.5,44038.66,104090.24,56757.96,68295.62,1,0.2,0.378,0.397,0.592,40.51,0
C_2025_00725,Nov-2025,Token,60273.38,49400.17,94208.16,51150.0,64919.44,3,0.6,0.319,0.372,0.632,89.81,0
C_2025_00726,Nov-2025,DeFi,131305.25,41710.85,65480.43,38324.95,48505.41,2,0.4,0.249,0.391,0.635,90.29,0
C_2025_00727,Nov-2025,NFT,184009.91,47905.93,77457.26,53699.45,59687.55,0,0.0,0.214,0.352,0.622,64.45,0
C_2025_00728,Nov-2025,DeFi,118493.99,45169.29,93542.88,40659.62,59790.6,1,0.2,0.4,0.36,0.589,66.67,0
C_2025_00729,Nov-2025,Wallet,93583.11,41148.2,100940.28,47593.32,63227.27,0,0.0,0.424,0.372,0.638,56.58,0
C_2025_00730,Nov-2025,DeFi,133192.3,47328.44,245486.1989956155,53392.39,64933.71,4,0.0,0.6282494666168316,0.357,0.612,51.43,1
C_2025_00731,Nov-2025,DAO,147078.68,52241.64,81944.12,66836.4,67007.39,2,0.4,0.181,0.355,0.599,48.84,0
C_2025_00732,Nov-2025,Token,46844.02,48325.47,98158.8,45987.22,64157.16,1,0.2,0.375,0.394,0.554,90.26,0
C_2025_00733,Nov-2025,DeFi,122220.0,56825.61,126498.24,51852.54,78392.13,2,0.4,0.435,0.368,0.557,94.41,0
C_2025_00734,Nov-2025,Token,65857.66,47449.23,84248.8,60714.44,64137.49,1,0.2,0.237,0.374,0.62,43.74,0
C_2025_00735,Nov-2025,Wallet,103102.44,45066.93,97326.36,43969.8,62121.03,1,0.2,0.401,0.393,0.644,68.52,0
C_2025_00736,Nov-2025,DAO,95209.52,44524.07,56310.27,44853.55,48562.63,3,0.6,0.113,0.385,0.599,68.19,0
C_2025_00737,Nov-2025,DeFi,125057.44,36411.44,65978.28,43062.25,48483.99,2,0.4,0.261,0.375,0.604,49.26,0
C_2025_00738,Nov-2025,DeFi,135682.5,55563.02,99457.83,62021.91,72347.59,2,0.4,0.267,0.375,0.608,50.4,0
C_2025_00739,Nov-2025,Wallet,113506.37,55380.16,112047.88,52046.19,73158.08,1,0.2,0.376,0.354,0.603,62.15,0
C_2025_00740,Nov-2025,DeFi,117778.66,51409.2,90494.49,49862.54,63922.08,3,0.6,0.294,0.355,0.648,55.74,0
C_2025_00741,Nov-2025,DAO,132335.09,42429.79,52278.03,51938.47,48882.1,1,0.2,0.093,0.353,0.566,89.23,0
C_2025_00742,Nov-2025,DeFi,113452.23,56564.43,72701.18,66533.69,65266.43,2,0.4,0.102,0.361,0.617,93.39,0
C_2025_00743,Nov-2025,Token,67866.76,40427.54,70806.43,43608.19,51614.05,1,0.2,0.264,0.374,0.604,56.76,0
C_2025_00744,Nov-2025,Wallet,99315.48,55020.89,115384.2,58110.34,76171.81,1,0.2,0.364,0.368,0.56,57.03,0
C_2025_00745,Nov-2025,DeFi,148651.09,59824.24,94049.19,64851.93,72908.45,0,0.0,0.207,0.361,0.552,89.32,0
C_2025_00746,Nov-2025,DeFi,120142.98,44418.25,69447.13,42240.12,52035.17,1,0.2,0.237,0.357,0.614,58.68,0
C_2025_00747,Nov-2025,Energy,115857.14,64140.02,98315.59,74423.66,78959.76,0,0.0,0.181,0.377,0.594,54.73,0
C_2025_00748,Nov-2025,Token,72852.26,52199.3,130423.93,59669.29,80764.17,1,0.2,0.436,0.363,0.598,60.2,0
C_2025_00749,Nov-2025,Marketplace,107267.36,55723.94,93921.48,58700.37,69448.6,3,0.6,0.25,0.391,0.554,87.89,0
C_2025_00750,Nov-2025,DeFi,92532.29,52503.97,96939.0,61270.36,70237.78,0,0.0,0.274,0.394,0.595,58.86,0
C_2025_00751,Nov-2025,Healthcare,107795.2,41216.09,76052.74,43749.18,53672.67,3,0.6,0.295,0.39,0.561,61.85,0
C_2025_00752,Nov-2025,Marketplace,119574.21,35012.47,81209.59,32608.35,49610.14,0,0.0,0.451,0.393,0.571,76.78,0
C_2025_00753,Nov-2025,Wallet,125027.4,51290.4,69889.09,48824.0,56667.83,2,0.4,0.166,0.366,0.611,91.17,0
C_2025_00754,Nov-2025,Wallet,124171.88,53226.2,285557.2875761938,52996.5,63277.11,4,0.2,0.451064627228579,0.368,0.601,70.82,1
C_2025_00755,Nov-2025,Wallet,99926.22,60577.34,120942.03,68703.8,83407.72,2,0.4,0.321,0.354,0.562,52.35,0
C_2025_00756,Nov-2025,DeFi,148599.05,50005.77,105596.25,60787.82,72129.95,1,0.2,0.334,0.37,0.569,43.37,0
C_2025_00757,Nov-2025,DeFi,132048.96,50203.08,71131.67,46120.26,55818.34,1,0.2,0.196,0.391,0.62,92.01,0
C_2025_00758,Nov-2025,DeFi,156016.5,42198.07,76138.46,48622.12,55652.88,1,0.2,0.265,0.375,0.603,84.58,0
C_2025_00759,Nov-2025,Energy,120213.49,59790.85,80562.38,71046.27,70466.5,3,0.6,0.12,0.391,0.554,60.19,0
C_2025_00760,Nov-2025,Token,55681.6,51120.12,110941.28,46178.94,69413.45,0,0.0,0.424,0.379,0.621,90.42,0
C_2025_00761,Nov-2025,Wallet,122161.35,59698.94,307031.5477369995,53759.72,71900.56,4,0.0,0.5687507828080288,0.377,0.618,62.96,1
C_2025_00762,Nov-2025,DeFi,132482.34,63969.23,219648.22206175217,62485.56,69795.45,8,0.6,0.2318078581418578,0.4,0.571,40.65,1
C_2025_00763,Nov-2025,DAO,98020.32,54150.34,105825.86,68316.83,76097.68,1,0.2,0.287,0.359,0.612,58.5,0
C_2025_00764,Nov-2025,NFT,161711.26,41783.06,59853.96,52678.68,51438.57,1,0.2,0.144,0.372,0.582,80.94,0
C_2025_00765,Nov-2025,Token,64530.24,53572.29,124252.54,60340.9,79388.58,0,0.0,0.401,0.385,0.601,75.78,0
C_2025_00766,Nov-2025,Energy,108231.92,57711.4,136864.38,69269.13,87948.3,2,0.4,0.397,0.399,0.617,42.41,0
C_2025_00767,Nov-2025,DeFi,146072.74,37947.73,48316.31,34515.5,40259.84,1,0.2,0.146,0.372,0.576,49.06,0
C_2025_00768,Nov-2025,DAO,111814.77,65704.69,95942.02,67533.63,76393.44,1,0.2,0.181,0.357,0.557,84.68,0
C_2025_00769,Nov-2025,Marketplace,119842.79,56538.45,347549.3411969624,66023.01,81019.17,6,0.4,0.669309611603985,0.381,0.628,67.52,1
C_2025_00770,Nov-2025,DeFi,109824.78,43111.6,87759.82,50747.55,60539.66,3,0.6,0.322,0.394,0.603,68.47,0
C_2025_00771,Nov-2025,DeFi,153074.96,53844.15,132138.8,50044.12,78675.69,0,0.0,0.481,0.397,0.603,73.82,0
C_2025_00772,Nov-2025,DAO,99104.65,49685.81,109235.07,59567.82,72829.57,1,0.2,0.358,0.392,0.557,88.46,0
C_2025_00773,Nov-2025,DeFi,138646.77,37931.55,91672.69,44427.29,58010.51,2,0.4,0.413,0.364,0.65,81.29,0
C_2025_00774,Nov-2025,Marketplace,93961.18,60693.26,76710.76,55377.91,64260.64,3,0.6,0.141,0.352,0.587,53.04,0
C_2025_00775,Nov-2025,DeFi,118513.82,49244.65,120175.23,48717.84,72712.58,3,0.6,0.462,0.397,0.551,81.15,0
C_2025_00776,Nov-2025,NFT,171745.93,43030.46,103866.16,48063.07,64986.56,1,0.2,0.424,0.35,0.631,44.82,0
C_2025_00777,Nov-2025,DeFi,140593.46,51823.93,76245.83,60432.36,62834.04,0,0.0,0.161,0.38,0.566,80.48,0
C_2025_00778,Nov-2025,DAO,105862.67,35024.23,69322.05,33921.3,46089.19,2,0.4,0.357,0.358,0.619,47.05,0
C_2025_00779,Nov-2025,Energy,91582.55,46374.54,100766.67,46597.78,64579.66,2,0.4,0.396,0.381,0.559,61.53,0
C_2025_00780,Nov-2025,Marketplace,121403.09,60172.19,121073.12,60955.42,80733.58,1,0.2,0.353,0.386,0.6,78.98,0
C_2025_00781,Nov-2025,Marketplace,100373.61,40822.72,66723.92,37160.8,48235.82,3,0.6,0.273,0.373,0.553,88.36,0
C_2025_00782,Nov-2025,Healthcare,84330.63,48832.5,117270.47,44425.68,70176.22,2,0.4,0.475,0.371,0.615,79.99,0
C_2025_00783,Nov-2025,NFT,165220.15,45074.1,69527.5,41248.57,51950.06,0,0.0,0.241,0.399,0.582,46.34,0
C_2025_00784,Nov-2025,DeFi,134741.02,45471.88,105082.76,45598.34,65384.33,0,0.0,0.429,0.361,0.556,45.69,0
C_2025_00785,Nov-2025,Token,53140.69,46992.51,87910.29,47058.19,60653.66,3,0.6,0.318,0.369,0.591,80.02,0
C_2025_00786,Nov-2025,DeFi,147039.22,48768.02,378102.7491859909,50444.59,72529.45,6,0.2,0.8321141854874571,0.36,0.591,51.34,1
C_2025_00787,Nov-2025,Wallet,136860.24,42488.37,89201.06,44749.93,58813.12,2,0.4,0.366,0.353,0.596,85.14,0
C_2025_00788,Nov-2025,Marketplace,123476.64,53098.14,249434.25194028215,50304.36,67073.57,5,0.0,0.6319588732283109,0.365,0.62,83.46,1
C_2025_00789,Nov-2025,DAO,109516.97,34866.28,60927.25,37105.02,44299.52,1,0.2,0.266,0.36,0.556,50.9,0
C_2025_00790,Nov-2025,NFT,163954.77,41222.85,68644.02,37239.92,49035.6,1,0.2,0.285,0.397,0.639,69.45,0
C_2025_00791,Nov-2025,NFT,216097.09,54660.36,93095.61,63345.29,70367.09,0,0.0,0.234,0.353,0.596,70.23,0
C_2025_00792,Nov-2025,NFT,164923.21,54485.22,307349.59803527565,55936.76,67905.83,5,0.2,0.49499709088546506,0.375,0.63,64.28,1
C_2025_00793,Nov-2025,Token,74594.4,49741.78,105346.91,54526.04,69871.58,2,0.4,0.36,0.361,0.577,84.17,0
C_2025_00794,Nov-2025,Energy,113494.43,47091.41,80677.38,51653.93,59807.58,2,0.4,0.249,0.352,0.55,53.46,0
C_2025_00795,Nov-2025,Marketplace,100928.59,52883.53,71281.21,56288.4,60151.05,2,0.4,0.133,0.354,0.644,54.34,0
C_2025_00796,Nov-2025,DeFi,120926.4,53982.31,122450.33,65194.44,80542.36,1,0.2,0.372,0.363,0.562,68.04,0
C_2025_00797,Nov-2025,DeFi,102948.94,58744.98,106796.43,61412.35,75651.25,2,0.4,0.291,0.369,0.564,74.37,0
C_2025_00798,Nov-2025,DeFi,133988.99,51127.34,79888.18,65447.32,65487.61,0,0.0,0.179,0.38,0.556,89.16,0
C_2025_00799,Nov-2025,DeFi,160525.14,52865.65,120588.99,50757.6,74737.41,0,0.0,0.434,0.394,0.581,47.09,0
C_2025_00800,Nov-2025,DeFi,165878.8,43860.95,54399.06,44297.73,47519.25,0,0.0,0.102,0.371,0.64,94.05,0
C_2025_00801,Nov-2025,Energy,97524.39,53368.68,126889.6,59052.4,79770.23,0,0.0,0.419,0.396,0.626,80.24,0
C_2025_00802,Nov-2025,DeFi,116226.95,55127.69,81275.23,64792.52,67065.14,0,0.0,0.161,0.372,0.628,83.12,0
C_2025_00803,Nov-2025,NFT,203607.26,48169.61,110318.45,55968.77,71485.61,1,0.2,0.387,0.366,0.562,55.02,0
C_2025_00804,Nov-2025,Marketplace,107340.8,38472.15,91600.98,36232.77,55435.3,2,0.4,0.462,0.396,0.607,60.0,0
C_2025_00805,Nov-2025,Energy,100273.66,56855.8,379452.17063561024,52073.35,76138.4,7,0.6,0.6755605938541572,0.384,0.627,66.03,1
C_2025_00806,Nov-2025,NFT,158645.92,67633.49,159771.86,74339.19,100581.51,3,0.6,0.417,0.37,0.633,52.52,0
C_2025_00807,Nov-2025,Marketplace,126704.47,50889.04,84451.41,58872.7,64737.72,1,0.2,0.221,0.39,0.56,54.93,0
C_2025_00808,Nov-2025,Token,61784.23,57437.92,141582.12,74203.69,91074.58,1,0.2,0.399,0.385,0.595,45.54,0
C_2025_00809,Nov-2025,NFT,172126.81,48679.36,119183.92,57308.64,75057.3,2,0.4,0.418,0.362,0.598,70.35,0
C_2025_00810,Nov-2025,Energy,93754.94,55875.81,135959.84,54082.39,81972.68,1,0.2,0.466,0.374,0.583,64.7,0
C_2025_00811,Nov-2025,DeFi,104006.9,65208.97,113418.01,77800.12,85475.7,2,0.4,0.239,0.38,0.609,60.34,0
C_2025_00812,Nov-2025,DeFi,100310.53,48814.45,67578.62,48107.64,54833.57,0,0.0,0.164,0.384,0.616,92.28,0
C_2025_00813,Nov-2025,Healthcare,135184.79,38916.72,96081.57,43311.27,59436.52,1,0.2,0.437,0.36,0.594,72.16,0
C_2025_00814,Nov-2025,Wallet,103817.95,48987.85,109807.39,55931.99,71575.74,0,0.0,0.38,0.375,0.624,82.37,0
C_2025_00815,Nov-2025,DeFi,100872.12,49969.57,331349.57416642725,58231.79,77139.86,4,0.2,0.7502278825386973,0.387,0.574,49.44,1
C_2025_00816,Nov-2025,NFT,138328.72,52083.77,105083.01,49332.47,68833.09,1,0.2,0.373,0.35,0.563,91.35,0
C_2025_00817,Nov-2025,Energy,105611.88,54034.17,119517.28,61784.21,78445.22,3,0.6,0.372,0.37,0.646,69.64,0
C_2025_00818,Nov-2025,DAO,102178.31,47087.15,99569.87,54524.21,67060.41,2,0.4,0.346,0.365,0.642,57.65,0
C_2025_00819,Nov-2025,DeFi,133416.51,36808.19,83589.28,34646.03,51681.17,2,0.4,0.437,0.386,0.588,62.13,0
C_2025_00820,Nov-2025,Healthcare,107406.75,41867.81,76418.13,43983.16,54089.7,1,0.2,0.292,0.384,0.594,50.71,0
C_2025_00821,Nov-2025,Wallet,116064.05,54222.71,99352.77,55273.57,69616.35,1,0.2,0.302,0.362,0.623,42.22,0
C_2025_00822,Nov-2025,DeFi,123404.5,45236.61,109335.23,50125.07,68232.31,2,0.4,0.427,0.367,0.571,60.78,0
C_2025_00823,Nov-2025,NFT,197817.18,40563.67,63946.9,45872.64,50127.74,0,0.0,0.2,0.36,0.591,91.53,0
C_2025_00824,Nov-2025,DAO,128150.37,40947.5,62715.74,38933.43,47532.22,0,0.0,0.227,0.365,0.566,49.57,0
C_2025_00825,Nov-2025,Marketplace,85145.84,57946.68,107694.77,65197.66,76946.37,1,0.2,0.285,0.387,0.637,50.59,0
C_2025_00826,Nov-2025,Marketplace,118318.61,33778.58,56322.61,32100.49,40733.9,2,0.4,0.271,0.373,0.63,72.47,0
C_2025_00827,Nov-2025,DAO,111296.17,42746.81,90347.94,52026.35,61707.03,1,0.2,0.334,0.386,0.618,41.34,0
C_2025_00828,Nov-2025,DAO,89065.22,42626.78,88247.47,42049.37,57641.2,5,1.0,0.375,0.381,0.591,87.29,0
C_2025_00829,Nov-2025,DAO,125223.0,53931.3,70719.01,52495.82,59048.71,1,0.2,0.14,0.391,0.551,76.14,0
C_2025_00830,Nov-2025,DeFi,149581.04,37363.96,78645.18,38746.05,51585.06,0,0.0,0.371,0.353,0.609,68.64,0
C_2025_00831,Nov-2025,Token,65546.8,63603.43,111253.83,67370.98,80742.75,0,0.0,0.268,0.367,0.648,88.05,0
C_2025_00832,Nov-2025,Token,72164.2,36077.06,83030.83,38837.3,52648.4,0,0.0,0.409,0.354,0.601,93.32,0
C_2025_00833,Nov-2025,DeFi,123263.39,51617.81,235742.37165749873,62381.63,62882.51,7,0.6,0.2459330936741262,0.391,0.629,54.25,1
C_2025_00834,Nov-2025,NFT,155980.93,55567.46,69594.31,54481.37,59881.04,0,0.0,0.115,0.367,0.592,67.97,0
C_2025_00835,Nov-2025,Wallet,88988.29,48580.06,60138.32,55480.41,54732.93,1,0.2,0.087,0.393,0.625,87.18,0
C_2025_00836,Nov-2025,NFT,152964.51,49880.18,105002.16,49003.76,67962.03,1,0.2,0.385,0.391,0.563,89.67,0
C_2025_00837,Nov-2025,Wallet,108702.33,58896.8,127669.35,67600.46,84722.2,3,0.6,0.361,0.397,0.599,65.44,0
C_2025_00838,Nov-2025,Token,69659.02,54130.12,103975.07,52610.1,70238.43,4,0.8,0.34,0.373,0.615,85.65,0
C_2025_00839,Nov-2025,Token,53948.54,51767.18,83471.05,52428.34,62555.52,1,0.2,0.236,0.358,0.631,47.29,0
C_2025_00840,Nov-2025,Token,62840.38,37652.39,70494.96,45387.86,51178.4,2,0.4,0.274,0.356,0.566,64.04,0
C_2025_00841,Nov-2025,Energy,127637.41,45021.84,88015.82,47509.44,60182.36,0,0.0,0.327,0.361,0.608,63.29,0
C_2025_00842,Nov-2025,Token,54684.16,50467.6,269239.42920954333,62631.07,72383.88,4,0.2,0.5684226583504399,0.399,0.583,72.73,1
C_2025_00843,Nov-2025,DeFi,133066.22,43678.64,57503.86,56070.01,52417.5,4,0.8,0.118,0.393,0.646,67.45,0
C_2025_00844,Nov-2025,DeFi,132042.62,55641.39,105713.04,60192.47,73848.96,0,0.0,0.306,0.35,0.574,68.03,0
C_2025_00845,Nov-2025,Healthcare,99034.48,32965.38,81584.14,34287.59,49612.37,1,0.2,0.456,0.352,0.628,71.39,0
C_2025_00846,Nov-2025,NFT,163179.63,53520.48,104010.49,53598.46,70376.48,1,0.2,0.338,0.357,0.581,46.43,0
C_2025_00847,Nov-2025,Token,62791.91,47287.37,92873.07,43770.02,61310.15,2,0.4,0.365,0.373,0.552,75.24,0
C_2025_00848,Nov-2025,Energy,91044.47,45269.59,66495.97,52585.57,54783.71,1,0.2,0.161,0.384,0.607,87.23,0
C_2025_00849,Nov-2025,NFT,180145.07,47244.18,98058.69,44693.2,63332.03,3,0.6,0.388,0.382,0.588,92.62,0
C_2025_00850,Nov-2025,NFT,179625.15,49319.41,116982.28,49721.53,72007.74,2,0.4,0.442,0.372,0.602,56.22,0
C_2025_00851,Nov-2025,DAO,104633.39,36167.21,51445.44,45183.75,44265.47,1,0.2,0.142,0.383,0.615,92.59,0
C_2025_00852,Nov-2025,Token,72488.45,56215.49,74144.18,62149.06,64169.58,1,0.2,0.116,0.391,0.564,65.78,0
C_2025_00853,Nov-2025,NFT,149993.73,51686.52,283373.7156357944,55294.09,63414.77,5,0.2,0.3374644823471574,0.399,0.565,80.33,1
C_2025_00854,Nov-2025,Wallet,107146.32,53731.45,77436.89,62364.59,64510.98,2,0.4,0.152,0.363,0.646,90.78,0
C_2025_00855,Nov-2025,Marketplace,124293.09,48825.17,87300.41,52231.0,62785.53,0,0.0,0.277,0.371,0.604,41.24,0
C_2025_00856,Nov-2025,DeFi,151933.82,47676.37,99360.41,55021.52,67352.77,1,0.2,0.339,0.378,0.629,69.77,0
C_2025_00857,Nov-2025,Token,58355.9,46783.35,110120.14,50914.55,69272.68,4,0.8,0.418,0.37,0.601,84.17,0
C_2025_00858,Nov-2025,Marketplace,93418.76,37516.01,49686.1,47489.04,44897.05,0,0.0,0.118,0.382,0.591,62.31,0
C_2025_00859,Nov-2025,DAO,104360.21,51559.44,348778.1493383716,62325.7,71850.31,4,0.2,0.5903114912428838,0.395,0.616,88.5,1
C_2025_00860,Nov-2025,Token,88483.25,41776.61,100044.53,52637.02,64819.38,1,0.2,0.39,0.37,0.589,55.78,0
C_2025_00861,Nov-2025,DeFi,139894.78,46617.61,163516.27544544995,54591.29,53794.62,5,0.0,0.17703963345100499,0.367,0.556,54.85,1
C_2025_00862,Nov-2025,Token,68301.32,52301.58,77823.98,56769.14,62298.23,3,0.6,0.179,0.384,0.635,40.52,0
C_2025_00863,Nov-2025,DeFi,142296.1,48436.22,104738.82,54109.87,69094.97,1,0.2,0.366,0.376,0.616,63.01,0
C_2025_00864,Nov-2025,Energy,118623.83,53408.37,260042.4207609887,57714.09,61984.14,5,0.4,0.2967351798862385,0.382,0.638,63.0,1
C_2025_00865,Nov-2025,DeFi,126254.59,47052.4,114595.83,60383.81,74010.68,0,0.0,0.395,0.351,0.566,94.78,0
C_2025_00866,Nov-2025,DeFi,130159.54,39311.98,90533.24,35701.59,55182.27,1,0.2,0.454,0.393,0.578,77.77,0
C_2025_00867,Nov-2025,NFT,153021.67,55499.41,69110.03,59034.72,61214.72,2,0.4,0.094,0.373,0.611,73.23,0
C_2025_00868,Nov-2025,Wallet,106614.49,59845.62,93244.31,60205.53,71098.49,2,0.4,0.22,0.355,0.622,51.76,0
C_2025_00869,Nov-2025,Token,61994.93,39561.46,59188.38,44844.63,47864.82,1,0.2,0.173,0.377,0.57,48.57,0
C_2025_00870,Nov-2025,NFT,171510.31,58012.24,285111.1244912819,53037.4,70580.92,5,0.4,0.47407198360317826,0.385,0.568,53.87,1
C_2025_00871,Nov-2025,DeFi,129890.91,40988.22,60598.17,37874.31,46486.9,1,0.2,0.216,0.385,0.603,47.91,0
C_2025_00872,Nov-2025,Token,68087.76,40586.84,66481.18,46033.37,51033.8,1,0.2,0.218,0.361,0.569,63.54,0
C_2025_00873,Nov-2025,DAO,95020.75,56692.16,68920.15,62790.82,62801.04,3,0.6,0.079,0.379,0.643,85.56,0
C_2025_00874,Nov-2025,DAO,96554.98,43961.07,67762.64,48434.92,53386.21,2,0.4,0.193,0.386,0.631,55.92,0
C_2025_00875,Nov-2025,NFT,158483.34,64771.17,152591.49,80192.55,99185.07,3,0.6,0.386,0.366,0.625,52.1,0
C_2025_00876,Nov-2025,Wallet,121891.5,47583.75,101912.45,50511.31,66669.17,0,0.0,0.374,0.368,0.578,49.68,0
C_2025_00877,Nov-2025,NFT,157772.74,56763.13,101629.72,59847.85,72746.9,2,0.4,0.281,0.354,0.609,72.96,0
C_2025_00878,Nov-2025,NFT,142985.26,34735.62,44118.14,38439.08,39097.61,1,0.2,0.099,0.355,0.562,45.56,0
C_2025_00879,Nov-2025,DeFi,111332.7,53598.62,81837.54,51960.05,62465.4,2,0.4,0.22,0.366,0.571,67.05,0
C_2025_00880,Nov-2025,DeFi,144202.11,50440.02,71307.59,61619.74,61122.45,1,0.2,0.139,0.37,0.567,54.01,0
C_2025_00881,Nov-2025,Token,68137.85,36789.75,63824.11,47057.51,49223.79,0,0.0,0.226,0.399,0.573,82.51,0
C_2025_00882,Nov-2025,Token,57789.04,46746.65,108230.46,47847.27,67608.13,2,0.4,0.425,0.375,0.623,44.83,0
C_2025_00883,Nov-2025,Token,70716.25,52428.83,66853.3,50135.67,56472.6,2,0.4,0.131,0.357,0.601,46.96,0
C_2025_00884,Nov-2025,DeFi,153835.09,48872.59,75055.77,53384.24,59104.2,4,0.8,0.193,0.352,0.562,51.17,0
C_2025_00885,Nov-2025,Wallet,123268.57,47491.49,78367.88,55177.91,60345.76,2,0.4,0.217,0.379,0.584,44.61,0
C_2025_00886,Nov-2025,Token,73079.64,39347.06,64045.49,41573.38,48321.98,1,0.2,0.231,0.371,0.622,68.13,0
C_2025_00887,Nov-2025,DeFi,170003.58,50777.25,121675.29,46697.98,73050.17,2,0.4,0.471,0.394,0.552,80.29,0
C_2025_00888,Nov-2025,DeFi,132926.15,54299.83,96150.77,49844.66,66765.09,2,0.4,0.312,0.384,0.598,46.84,0
C_2025_00889,Nov-2025,NFT,213240.11,59312.48,110170.86,72766.98,80750.1,2,0.4,0.266,0.385,0.592,71.11,0
C_2025_00890,Nov-2025,Token,54476.47,60475.55,144671.31,57668.88,87605.25,1,0.2,0.461,0.396,0.561,45.22,0
C_2025_00891,Nov-2025,DeFi,113108.29,38101.12,56335.94,43208.53,45881.86,1,0.2,0.167,0.366,0.631,77.93,0
C_2025_00892,Nov-2025,Token,72567.11,58588.98,93992.24,55065.76,69215.66,2,0.4,0.254,0.375,0.551,47.7,0
C_2025_00893,Nov-2025,NFT,190703.7,35778.55,46427.03,45701.48,42635.69,3,0.6,0.114,0.38,0.613,75.09,0
C_2025_00894,Nov-2025,Wallet,120445.39,66683.28,165530.47,79547.57,103920.44,2,0.4,0.422,0.354,0.598,68.27,0
C_2025_00895,Nov-2025,NFT,170722.07,60019.97,116565.31,66671.88,81085.72,0,0.0,0.311,0.381,0.633,48.66,0
C_2025_00896,Nov-2025,Marketplace,129459.77,63073.13,89150.11,59880.71,70701.32,2,0.4,0.185,0.359,0.617,73.52,0
C_2025_00897,Nov-2025,DeFi,119540.74,51943.65,122669.86,54837.25,76483.59,1,0.2,0.427,0.37,0.636,91.11,0
C_2025_00898,Nov-2025,Wallet,119196.66,46688.84,333916.2151098898,59403.29,69851.22,6,0.2,0.6448967541306592,0.364,0.632,40.29,1
C_2025_00899,Nov-2025,DeFi,101364.15,56156.52,90944.86,65027.15,70709.51,3,0.6,0.209,0.376,0.595,40.64,0
C_2025_00900,Nov-2025,Wallet,133437.29,55495.65,109298.06,66290.22,77027.98,1,0.2,0.302,0.356,0.61,55.12,0
C_2025_00901,Nov-2025,Healthcare,108415.95,43694.25,83920.02,45070.55,57561.6,2,0.4,0.324,0.388,0.615,75.06,0
C_2025_00902,Nov-2025,DeFi,126100.24,50227.43,105751.8,52759.73,69579.65,3,0.6,0.368,0.36,0.584,66.21,0
C_2025_00903,Nov-2025,Marketplace,111656.94,34910.97,164500.22186182596,45073.03,43127.46,5,0.0,0.27142303506784177,0.397,0.641,68.89,1
C_2025_00904,Nov-2025,DeFi,122846.85,63416.93,128041.63,65714.55,85724.37,1,0.2,0.349,0.375,0.608,55.77,0
C_2025_00905,Nov-2025,NFT,161000.69,48209.58,61127.78,48276.24,52537.87,0,0.0,0.116,0.355,0.631,42.14,0
C_2025_00906,Nov-2025,Wallet,94903.76,57033.11,133058.77,62394.04,84161.97,1,0.2,0.412,0.369,0.606,46.3,0
C_2025_00907,Nov-2025,DeFi,149711.12,42410.01,70954.88,52304.68,55223.19,2,0.4,0.214,0.392,0.624,51.64,0
C_2025_00908,Nov-2025,Token,61513.68,43268.4,106825.01,43386.64,64493.35,1,0.2,0.464,0.37,0.607,92.42,0
C_2025_00909,Nov-2025,Energy,126036.58,50560.71,96634.96,46329.48,64508.38,1,0.2,0.353,0.398,0.636,52.56,0
C_2025_00910,Nov-2025,Wallet,102169.66,45110.58,108231.5,55985.23,69775.77,2,0.4,0.395,0.373,0.575,67.78,0
C_2025_00911,Nov-2025,DeFi,134645.9,53806.02,94145.94,59555.73,69169.23,2,0.4,0.258,0.388,0.622,51.25,0
C_2025_00912,Nov-2025,DeFi,124217.6,33428.98,54490.27,40180.84,42700.03,1,0.2,0.206,0.37,0.648,52.42,0
C_2025_00913,Nov-2025,DeFi,112171.97,65910.56,85178.32,72181.99,74423.63,3,0.6,0.108,0.354,0.644,60.8,0
C_2025_00914,Nov-2025,Wallet,126495.34,52877.45,85746.48,62737.28,67120.4,0,0.0,0.205,0.365,0.564,84.62,0
C_2025_00915,Nov-2025,Wallet,118757.28,42551.99,103243.37,47279.89,64358.42,2,0.4,0.428,0.374,0.61,94.23,0
C_2025_00916,Nov-2025,NFT,173362.11,57929.53,119026.51,72876.89,83277.64,2,0.4,0.312,0.38,0.621,92.28,0
C_2025_00917,Nov-2025,Marketplace,119759.36,43249.17,81181.3,43570.2,56000.22,3,0.6,0.318,0.374,0.612,62.27,0
C_2025_00918,Nov-2025,DAO,130875.98,50682.27,87901.37,52813.6,63799.08,1,0.2,0.267,0.377,0.604,67.34,0
C_2025_00919,Nov-2025,DeFi,129819.35,41033.86,58261.31,39000.81,46098.66,3,0.6,0.187,0.395,0.614,82.3,0
C_2025_00920,Nov-2025,Marketplace,114846.99,49076.73,111237.29,60932.65,73748.89,0,0.0,0.365,0.364,0.579,54.9,0
C_2025_00921,Nov-2025,DeFi,127178.46,47178.52,68872.85,46836.19,54295.85,2,0.4,0.19,0.371,0.591,46.27,0
C_2025_00922,Nov-2025,Wallet,124284.04,58299.69,124595.83,69457.57,84117.7,0,0.0,0.345,0.398,0.631,89.72,0
C_2025_00923,Nov-2025,Token,68493.86,53209.66,70304.52,63612.74,62375.64,4,0.8,0.113,0.38,0.598,91.31,0
C_2025_00924,Nov-2025,DeFi,130032.19,43499.39,91045.89,52928.44,62491.24,3,0.6,0.329,0.37,0.552,58.12,0
C_2025_00925,Nov-2025,Wallet,120487.88,50627.51,116469.64,48146.76,71747.97,0,0.0,0.441,0.379,0.603,54.65,0
C_2025_00926,Nov-2025,NFT,193099.24,48193.55,81887.27,57578.12,62552.98,1,0.2,0.227,0.396,0.595,80.4,0
C_2025_00927,Nov-2025,NFT,173379.52,49821.05,66296.35,54727.81,56948.4,2,0.4,0.121,0.385,0.62,67.09,0
C_2025_00928,Nov-2025,DeFi,129662.97,56903.01,354465.252741078,55750.86,71415.12,6,0.2,0.5642285694130771,0.382,0.575,56.73,1
C_2025_00929,Nov-2025,Wallet,101413.84,58971.99,89334.0,57062.66,68456.22,1,0.2,0.216,0.373,0.601,77.81,0
C_2025_00930,Nov-2025,Wallet,123796.58,53945.36,219809.76304555338,54947.46,58921.87,4,0.2,0.18971964281967296,0.364,0.581,68.7,1
C_2025_00931,Nov-2025,NFT,152641.45,62313.58,133058.89,64461.29,86611.25,1,0.2,0.379,0.351,0.558,62.99,0
C_2025_00932,Nov-2025,DAO,111052.58,51403.09,67572.68,63664.12,60879.96,3,0.6,0.113,0.361,0.601,70.19,0
C_2025_00933,Nov-2025,Energy,138431.45,61163.47,148830.08,77120.92,95704.82,3,0.6,0.398,0.363,0.6,86.56,0
C_2025_00934,Nov-2025,Energy,130087.28,50278.9,69417.46,50327.44,56674.6,1,0.2,0.159,0.368,0.576,59.24,0
C_2025_00935,Nov-2025,Token,57796.41,61355.65,117915.88,57672.63,78981.39,2,0.4,0.349,0.386,0.571,88.66,0
C_2025_00936,Nov-2025,DeFi,112121.88,65548.23,94195.15,83699.87,81147.75,1,0.2,0.146,0.367,0.631,78.26,0
C_2025_00937,Nov-2025,NFT,168262.68,62181.69,132535.25,65576.65,86764.53,0,0.0,0.373,0.382,0.648,57.08,0
C_2025_00938,Nov-2025,Marketplace,133778.29,46444.18,88427.78,57468.69,64113.55,1,0.2,0.277,0.4,0.625,87.51,0
C_2025_00939,Nov-2025,NFT,193633.32,53162.99,71562.59,55241.4,59988.99,1,0.2,0.137,0.354,0.629,85.95,0
C_2025_00940,Nov-2025,DAO,112562.73,48373.47,101235.9,53599.4,67736.26,2,0.4,0.351,0.364,0.601,69.22,0
C_2025_00941,Nov-2025,Token,69540.11,54761.82,107101.89,66388.53,76084.08,0,0.0,0.295,0.353,0.637,44.16,0
C_2025_00942,Nov-2025,DeFi,142243.33,41531.45,71944.2,51936.15,55137.27,1,0.2,0.229,0.365,0.608,60.68,0
C_2025_00943,Nov-2025,Marketplace,122626.53,50779.47,121171.53,51103.93,74351.65,4,0.8,0.445,0.386,0.588,40.45,0
C_2025_00944,Nov-2025,DeFi,129701.22,48016.96,88103.22,43648.75,59922.98,1,0.2,0.334,0.378,0.58,49.19,0
C_2025_00945,Nov-2025,Token,53608.05,46050.18,87276.2,45107.6,59477.99,1,0.2,0.331,0.384,0.625,46.07,0
C_2025_00946,Nov-2025,NFT,159549.16,49536.29,97964.8,49821.7,65774.27,3,0.6,0.346,0.379,0.59,92.2,0
C_2025_00947,Nov-2025,DAO,101244.75,57539.27,132194.9,61737.26,83823.81,2,0.4,0.409,0.385,0.579,56.36,0
C_2025_00948,Nov-2025,DeFi,145712.45,42434.23,63599.31,38206.18,48079.91,1,0.2,0.231,0.355,0.574,60.89,0
C_2025_00949,Nov-2025,DeFi,120914.8,49743.66,122456.23,59017.13,77072.34,1,0.2,0.419,0.372,0.613,48.05,0
C_2025_00950,Nov-2025,DAO,114080.42,47645.76,211191.13550898462,50127.05,56940.0,6,0.4,0.3540338715499141,0.384,0.552,80.46,1
C_2025_00951,Nov-2025,DAO,126386.28,49547.1,120945.91,62940.45,77811.16,2,0.4,0.398,0.373,0.619,88.62,0
C_2025_00952,Nov-2025,DAO,105676.68,54980.25,73549.43,51950.64,60160.11,1,0.2,0.159,0.39,0.64,74.31,0
C_2025_00953,Nov-2025,DeFi,126034.66,43806.37,81118.72,40186.16,55037.08,1,0.2,0.336,0.382,0.596,67.24,0
C_2025_00954,Nov-2025,Energy,116690.05,49292.8,72911.73,54550.65,58918.39,3,0.6,0.172,0.373,0.559,73.49,0
C_2025_00955,Nov-2025,Token,58597.32,46008.1,87778.43,51203.53,61663.35,0,0.0,0.301,0.385,0.612,50.4,0
C_2025_00956,Nov-2025,NFT,210658.11,48021.28,90676.97,50815.91,63171.38,1,0.2,0.308,0.397,0.617,44.11,0
C_2025_00957,Nov-2025,Marketplace,121730.54,49213.31,65099.42,63758.32,59357.02,1,0.2,0.121,0.397,0.586,86.46,0
C_2025_00958,Nov-2025,Marketplace,92177.77,33604.2,68032.25,40654.06,47430.17,0,0.0,0.313,0.38,0.569,59.03,0
C_2025_00959,Nov-2025,NFT,166370.89,33039.3,53998.69,31154.23,39397.41,0,0.0,0.263,0.352,0.597,92.49,0
C_2025_00960,Nov-2025,Token,71359.38,60793.08,123948.65,74817.5,86519.74,0,0.0,0.313,0.375,0.62,72.28,0
C_2025_00961,Nov-2025,Wallet,114105.27,65338.07,110611.42,67697.43,81215.64,4,0.8,0.256,0.355,0.556,42.82,0
C_2025_00962,Nov-2025,Token,52738.53,40971.27,87404.76,49047.88,59141.31,0,0.0,0.342,0.361,0.577,70.12,0
C_2025_00963,Nov-2025,Energy,105699.16,40200.0,66824.81,48899.35,51974.72,1,0.2,0.213,0.387,0.59,54.46,0
C_2025_00964,Nov-2025,NFT,174150.32,31138.46,51255.48,31037.65,37810.53,1,0.2,0.251,0.389,0.567,42.41,0
C_2025_00965,Nov-2025,Wallet,124270.72,55337.96,124951.89,60728.08,80339.31,0,0.0,0.394,0.387,0.62,53.54,0
C_2025_00966,Nov-2025,NFT,182927.34,51357.98,109854.96,50134.78,70449.24,1,0.2,0.396,0.369,0.624,61.25,0
C_2025_00967,Nov-2025,Token,72612.46,36452.01,85074.1,33500.61,51675.57,1,0.2,0.458,0.385,0.561,76.56,0
C_2025_00968,Nov-2025,Token,57818.72,44900.1,108535.14,40742.79,64726.01,1,0.2,0.479,0.374,0.6,57.69,0
C_2025_00969,Nov-2025,NFT,168585.07,42364.34,87861.18,51386.18,60537.24,2,0.4,0.325,0.364,0.566,53.71,0
C_2025_00970,Nov-2025,DAO,111305.4,37689.62,72797.33,48166.54,52884.5,0,0.0,0.278,0.382,0.632,70.81,0
C_2025_00971,Nov-2025,NFT,157789.85,42897.15,53665.58,43848.51,46803.75,1,0.2,0.104,0.361,0.621,83.05,0
C_2025_00972,Nov-2025,DeFi,157780.6,46657.74,79520.54,44976.44,57051.57,2,0.4,0.279,0.353,0.601,58.09,0
C_2025_00973,Nov-2025,DAO,104688.93,50061.82,80445.99,61473.28,63993.7,2,0.4,0.196,0.365,0.588,85.96,0
C_2025_00974,Nov-2025,NFT,173732.2,53862.32,92177.75,66714.96,70918.35,2,0.4,0.225,0.387,0.603,84.5,0
C_2025_00975,Nov-2025,Token,59616.76,55302.73,117812.85,67470.53,80195.37,1,0.2,0.337,0.35,0.595,59.38,0
C_2025_00976,Nov-2025,Wallet,94030.29,51873.95,120221.27,52034.87,74710.03,1,0.2,0.431,0.375,0.572,54.95,0
C_2025_00977,Nov-2025,Energy,116393.4,43555.79,95871.33,47255.04,62227.38,2,0.4,0.383,0.398,0.632,51.25,0
C_2025_00978,Nov-2025,DAO,107193.23,48431.25,66829.91,58081.89,57781.02,3,0.6,0.13,0.384,0.552,57.15,0
C_2025_00979,Nov-2025,Token,55948.76,57099.06,119585.51,69488.57,82057.71,1,0.2,0.329,0.397,0.585,45.86,0
C_2025_00980,Nov-2025,NFT,206517.52,49617.61,73838.02,50004.43,57820.02,2,0.4,0.196,0.379,0.643,48.08,0
C_2025_00981,Nov-2025,Marketplace,107031.97,52665.84,106609.97,63428.46,74234.76,1,0.2,0.314,0.388,0.584,49.66,0
C_2025_00982,Nov-2025,Energy,126344.78,47084.37,84954.55,52499.5,61512.81,3,0.6,0.272,0.37,0.62,91.58,0
C_2025_00983,Nov-2025,DeFi,153141.05,51947.8,68361.67,51140.7,57150.06,1,0.2,0.139,0.363,0.602,40.82,0
C_2025_00984,Nov-2025,NFT,177062.44,36155.95,70326.72,45928.93,50803.87,3,0.6,0.283,0.36,0.563,77.17,0
C_2025_00985,Nov-2025,DeFi,151285.53,52346.82,113092.5,60203.27,75214.19,2,0.4,0.359,0.391,0.575,82.75,0
C_2025_00986,Nov-2025,NFT,176081.03,51004.39,318386.5207862085,55296.64,69008.83,5,0.2,0.5401377946432186,0.382,0.625,77.32,1
C_2025_00987,Nov-2025,Token,64773.28,38628.28,86107.54,42115.71,55617.18,3,0.6,0.388,0.395,0.566,94.75,0
C_2025_00988,Nov-2025,Token,62676.47,53553.16,115064.83,65570.82,78062.94,3,0.6,0.341,0.356,0.591,86.64,0
C_2025_00989,Nov-2025,DeFi,148124.04,35957.16,66697.14,41652.08,48102.13,1,0.2,0.278,0.379,0.636,66.48,0
C_2025_00990,Nov-2025,DeFi,131709.56,43652.32,193775.74831502003,41992.52,52290.72,8,1.0,0.3960109290268273,0.371,0.57,90.09,1
C_2025_00991,Nov-2025,Healthcare,103409.26,43316.72,81084.04,43548.26,55983.01,0,0.0,0.317,0.38,0.559,43.2,0
C_2025_00992,Nov-2025,Token,76363.04,43421.32,83423.15,46423.93,57756.13,1,0.2,0.315,0.397,0.555,77.04,0
C_2025_00993,Nov-2025,DeFi,131763.83,51211.26,73705.98,52152.04,59023.09,1,0.2,0.176,0.391,0.622,80.13,0
C_2025_00994,Nov-2025,Marketplace,113516.61,45696.2,95220.08,56314.58,65743.62,0,0.0,0.324,0.351,0.587,48.18,0
C_2025_00995,Nov-2025,Wallet,119828.66,50916.64,87012.66,63033.8,66987.7,0,0.0,0.224,0.358,0.553,58.05,0
C_2025_00996,Nov-2025,DAO,98001.26,67548.82,163468.73,64104.35,98373.97,0,0.0,0.468,0.351,0.593,55.28,0
C_2025_00997,Nov-2025,DeFi,134196.22,57888.67,115679.97,64416.45,79328.36,0,0.0,0.326,0.372,0.65,85.94,0
C_2025_00998,Nov-2025,Wallet,107363.65,47440.19,57120.74,48455.6,51005.51,0,0.0,0.085,0.374,0.618,88.1,0
C_2025_00999,Nov-2025,DeFi,111041.79,57744.2,88322.72,59612.5,68559.81,1,0.2,0.204,0.372,0.601,77.0,0
C_2025_01000,Nov-2025,Marketplace,93004.77,44857.79,63521.35,46642.66,51673.94,3,0.6,0.163,0.379,0.607,66.63,0
C_2025_01001,Nov-2025,Energy,104113.72,73890.64,357965.7889815526,87649.25,101508.38,4,0.0,0.46507390748943006,0.387,0.564,43.66,1
C_2025_01002,Nov-2025,Token,64288.7,44490.21,64160.15,48678.42,52442.93,3,0.6,0.161,0.38,0.581,90.04,0
C_2025_01003,Nov-2025,Token,66333.1,58479.6,94867.87,59494.57,70947.34,0,0.0,0.238,0.391,0.595,57.88,0
C_2025_01004,Nov-2025,DAO,125965.19,49035.3,66786.01,60953.94,58925.08,3,0.6,0.125,0.369,0.583,49.69,0
C_2025_01005,Nov-2025,DAO,103707.82,69248.98,161032.36,63213.5,97831.61,6,1.0,0.457,0.375,0.551,40.38,0
C_2025_01006,Nov-2025,Token,62046.98,48077.59,73956.55,46674.56,56236.23,0,0.0,0.223,0.395,0.551,80.48,0
C_2025_01007,Nov-2025,Wallet,113608.99,56140.72,116430.49,50646.55,74405.92,4,0.8,0.401,0.395,0.579,70.95,0
C_2025_01008,Nov-2025,Marketplace,105388.1,45985.19,88547.9,55441.45,63324.85,1,0.2,0.288,0.35,0.626,94.19,0
C_2025_01009,Nov-2025,Energy,107904.22,60881.35,144586.95,64774.04,90080.78,2,0.4,0.428,0.389,0.603,57.42,0
C_2025_01010,Nov-2025,DeFi,108341.12,53558.83,74584.64,62210.29,63451.25,4,0.8,0.136,0.39,0.614,56.7,0
C_2025_01011,Nov-2025,DAO,106755.54,38881.76,49531.19,50211.82,46208.26,2,0.4,0.112,0.375,0.553,73.68,0
C_2025_01012,Nov-2025,Token,59956.33,63096.66,377504.8049304001,62516.2,87815.51,3,0.0,0.6067196008360226,0.358,0.587,86.59,1
C_2025_01013,Nov-2025,DAO,105142.46,59062.44,116108.15,70185.46,81785.35,1,0.2,0.302,0.399,0.612,93.98,0
C_2025_01014,Nov-2025,Token,75110.83,41920.37,62435.55,42108.17,48821.36,1,0.2,0.197,0.358,0.576,41.97,0
C_2025_01015,Nov-2025,Wallet,109125.71,65114.23,86114.61,63074.7,71434.51,0,0.0,0.146,0.381,0.559,81.49,0
C_2025_01016,Nov-2025,DAO,113897.1,54644.54,204597.29268090616,67128.11,64176.54,7,0.6,0.16576244643075394,0.4,0.573,74.32,1
C_2025_01017,Nov-2025,DAO,103300.82,49615.22,168473.1685124204,47019.92,52368.92,7,0.4,0.1723317726357502,0.352,0.597,90.85,1
C_2025_01018,Nov-2025,Marketplace,129729.16,39217.7,86818.75,47593.43,57876.63,2,0.4,0.359,0.394,0.574,55.41,0
C_2025_01019,Nov-2025,DeFi,108378.97,46469.13,69765.38,58577.13,58270.54,3,0.6,0.163,0.37,0.642,46.91,0
C_2025_01020,Nov-2025,NFT,138760.21,42394.47,78327.86,45915.45,55545.93,1,0.2,0.291,0.376,0.574,50.14,0
C_2025_01021,Nov-2025,Healthcare,133107.51,41173.99,88354.09,48244.67,59257.59,1,0.2,0.351,0.369,0.614,67.21,0
C_2025_01022,Nov-2025,Wallet,107571.93,48534.04,98015.52,49528.52,65359.36,0,0.0,0.353,0.394,0.573,91.11,0
C_2025_01023,Nov-2025,DAO,121438.12,56312.6,82323.39,55956.58,64864.19,1,0.2,0.19,0.365,0.582,48.78,0
C_2025_01024,Nov-2025,DeFi,139202.08,44985.66,63760.64,40999.17,49915.15,2,0.4,0.199,0.356,0.607,89.85,0
C_2025_01025,Nov-2025,Token,69390.62,60179.97,96864.09,67206.11,74750.06,0,0.0,0.213,0.384,0.623,93.08,0
C_2025_01026,Nov-2025,Energy,131723.63,53194.16,322334.1991416592,51997.05,74560.92,4,0.2,0.6889866184762484,0.367,0.636,66.06,1
C_2025_01027,Nov-2025,Token,67872.44,60673.83,133786.85,62680.27,85713.65,2,0.4,0.397,0.361,0.598,57.5,0
C_2025_01028,Nov-2025,DeFi,136605.31,45832.25,113637.15,41613.88,67027.76,1,0.2,0.492,0.352,0.59,91.44,0
C_2025_01029,Nov-2025,DAO,110377.12,48603.3,90004.34,60722.71,66443.45,0,0.0,0.262,0.384,0.618,76.8,0
C_2025_01030,Nov-2025,Token,64704.89,45325.64,216557.5867382069,46416.12,56527.08,5,0.2,0.5015265915361544,0.372,0.648,44.87,1
C_2025_01031,Nov-2025,DAO,109540.11,56550.13,113714.67,69673.9,79979.56,1,0.2,0.306,0.37,0.587,90.9,0
C_2025_01032,Nov-2025,Token,63620.03,42502.79,56454.53,48777.79,49245.03,0,0.0,0.116,0.376,0.551,57.41,0
C_2025_01033,Nov-2025,Marketplace,107811.24,66198.95,163627.28,82724.96,104183.73,1,0.2,0.409,0.392,0.641,85.13,0
C_2025_01034,Nov-2025,Marketplace,120548.17,42428.07,100997.71,42185.17,61870.32,3,0.6,0.447,0.398,0.555,79.01,0
C_2025_01035,Nov-2025,Energy,88251.7,71044.92,105895.48,83992.03,86977.48,0,0.0,0.165,0.378,0.575,92.56,0
C_2025_01036,Nov-2025,Token,61046.39,38144.09,57313.38,41826.51,45761.33,3,0.6,0.182,0.385,0.567,83.25,0
C_2025_01037,Nov-2025,Marketplace,103946.93,37840.86,62649.75,47056.07,49182.23,0,0.0,0.208,0.378,0.564,78.76,0
C_2025_01038,Nov-2025,Energy,108299.5,57022.61,104609.11,72473.98,78035.23,2,0.4,0.254,0.384,0.561,85.16,0
C_2025_01039,Nov-2025,DeFi,118701.94,49091.26,109082.63,51584.12,69919.33,0,0.0,0.396,0.382,0.638,88.83,0
C_2025_01040,Nov-2025,NFT,165584.9,58969.51,116878.33,67374.24,81074.02,2,0.4,0.315,0.373,0.65,67.14,0
C_2025_01041,Nov-2025,DeFi,130808.46,39389.9,88951.14,47691.09,58677.38,2,0.4,0.369,0.393,0.639,50.68,0
C_2025_01042,Nov-2025,Marketplace,111292.39,57985.74,118309.6,64836.47,80377.27,0,0.0,0.336,0.387,0.601,75.62,0
C_2025_01043,Nov-2025,DeFi,72450.17,59894.66,85249.62,60582.58,68575.62,0,0.0,0.172,0.36,0.647,48.42,0
C_2025_01044,Nov-2025,Token,69898.16,37524.51,74795.07,36083.18,49467.59,2,0.4,0.362,0.364,0.644,85.41,0
C_2025_01045,Nov-2025,DAO,103920.38,51918.98,90533.38,58342.44,66931.6,0,0.0,0.252,0.372,0.61,58.01,0
C_2025_01046,Nov-2025,Token,69357.0,53595.47,86861.76,66215.21,68890.81,0,0.0,0.199,0.392,0.565,44.56,0
C_2025_01047,Nov-2025,DeFi,123510.44,67485.84,160633.71,70541.31,99553.62,1,0.2,0.434,0.373,0.584,78.16,0
C_2025_01048,Nov-2025,DeFi,138783.07,53444.54,382975.5877108738,53800.61,79656.88,7,0.4,0.9132996522667567,0.374,0.649,80.09,1
C_2025_01049,Nov-2025,DeFi,105464.82,47846.92,252072.0248925446,43449.52,57249.01,5,0.4,0.5185263285175987,0.399,0.641,48.89,1
C_2025_01050,Nov-2025,Token,56230.4,34879.15,58202.58,42531.58,45204.44,3,0.6,0.215,0.357,0.621,63.95,0
C_2025_01051,Nov-2025,DeFi,127162.15,49309.3,90404.87,51388.9,63701.02,1,0.2,0.297,0.388,0.574,42.72,0
C_2025_01052,Nov-2025,DeFi,132571.15,54696.78,303463.26438936114,54619.72,65945.94,3,0.0,0.39222926677949543,0.362,0.564,73.67,1
C_2025_01053,Nov-2025,Wallet,111300.78,39899.8,78488.95,40666.54,53018.43,0,0.0,0.34,0.352,0.553,80.65,0
C_2025_01054,Nov-2025,Wallet,122324.55,44953.43,79174.35,48603.62,57577.13,2,0.4,0.266,0.356,0.606,57.98,0
C_2025_01055,Nov-2025,Marketplace,134001.29,43737.94,80581.19,50216.04,58178.39,3,0.6,0.276,0.384,0.637,63.77,0
C_2025_01056,Nov-2025,Marketplace,127446.08,46160.28,90350.44,42855.33,59788.69,1,0.2,0.362,0.387,0.626,92.42,0
C_2025_01057,Nov-2025,Token,66027.61,45269.56,79502.08,46729.65,57167.1,0,0.0,0.276,0.378,0.598,45.75,0
C_2025_01058,Nov-2025,DeFi,151726.18,55477.76,121910.25,70021.21,82469.74,3,0.6,0.346,0.358,0.594,62.1,0
C_2025_01059,Nov-2025,Token,79461.05,63131.43,137309.79,69694.32,90045.18,0,0.0,0.372,0.393,0.581,93.42,0
C_2025_01060,Nov-2025,Token,63719.4,48052.72,60573.04,56800.49,55142.08,3,0.6,0.095,0.382,0.635,56.32,0
C_2025_01061,Nov-2025,DeFi,140853.73,47921.91,113634.94,61847.68,74468.18,1,0.2,0.38,0.391,0.591,94.49,0
C_2025_01062,Nov-2025,Energy,141002.88,39358.19,74336.1,40487.57,51393.95,0,0.0,0.316,0.395,0.63,47.67,0
C_2025_01063,Nov-2025,DeFi,138758.25,60272.84,104385.74,60369.78,75009.45,3,0.6,0.277,0.355,0.597,50.65,0
C_2025_01064,Nov-2025,Token,69932.76,41082.21,97966.0,43608.88,60885.7,0,0.0,0.431,0.382,0.637,81.16,0
C_2025_01065,Nov-2025,NFT,177159.71,58714.71,127847.72,56132.78,80898.4,1,0.2,0.411,0.376,0.643,88.09,0
C_2025_01066,Nov-2025,DeFi,127235.66,48353.28,80504.96,49141.32,59333.19,5,1.0,0.252,0.36,0.602,70.53,0
C_2025_01067,Nov-2025,DeFi,117579.59,55733.65,93565.84,58275.71,69191.73,4,0.8,0.25,0.379,0.639,66.14,0
C_2025_01068,Nov-2025,Healthcare,115319.49,51456.85,117066.07,63691.77,77404.89,1,0.2,0.368,0.397,0.593,69.64,0
C_2025_01069,Nov-2025,DeFi,160781.1,36352.33,65857.93,33414.59,45208.28,3,0.6,0.324,0.35,0.575,78.75,0
C_2025_01070,Nov-2025,DeFi,120408.91,45065.34,64712.04,40810.84,50196.07,3,0.6,0.207,0.364,0.598,92.49,0
C_2025_01071,Nov-2025,NFT,191609.96,42753.62,75728.75,43571.88,54018.08,1,0.2,0.284,0.39,0.574,79.9,0
C_2025_01072,Nov-2025,NFT,179288.58,48624.11,109516.82,62586.23,73575.72,2,0.4,0.354,0.359,0.594,49.12,0
C_2025_01073,Nov-2025,Marketplace,131237.49,59987.74,113946.92,69878.18,81270.95,0,0.0,0.289,0.378,0.579,91.71,0
C_2025_01074,Nov-2025,NFT,190572.55,41021.96,61549.99,45271.89,49281.28,3,0.6,0.18,0.373,0.568,74.87,0
C_2025_01075,Nov-2025,Token,72908.87,46950.9,102518.15,53721.47,67730.17,1,0.2,0.365,0.389,0.599,52.36,0
C_2025_01076,Nov-2025,DeFi,123003.53,46600.59,103001.72,46208.9,65270.4,2,0.4,0.409,0.394,0.637,64.81,0
C_2025_01077,Nov-2025,Marketplace,109492.89,47772.56,94974.32,53653.65,65466.85,1,0.2,0.321,0.382,0.568,81.28,0
C_2025_01078,Nov-2025,NFT,200333.23,42231.5,53305.67,44898.17,46811.78,1,0.2,0.101,0.39,0.613,72.32,0
C_2025_01079,Nov-2025,DeFi,126056.39,32447.28,64133.8,35334.59,43971.89,2,0.4,0.325,0.361,0.551,56.55,0
C_2025_01080,Nov-2025,Token,71233.5,55274.73,80878.41,70951.61,69034.92,4,0.8,0.153,0.361,0.551,79.39,0
C_2025_01081,Nov-2025,Token,74192.22,45011.53,73846.68,55262.16,58040.12,0,0.0,0.206,0.359,0.584,62.47,0
C_2025_01082,Nov-2025,DAO,124684.69,44382.0,58852.17,46178.89,49804.35,1,0.2,0.129,0.397,0.649,44.87,0
C_2025_01083,Nov-2025,Token,57944.31,38458.28,84966.22,43779.78,55734.76,2,0.4,0.373,0.392,0.621,71.75,0
C_2025_01084,Nov-2025,DAO,113984.98,55169.04,80668.72,59135.59,64991.11,1,0.2,0.172,0.398,0.563,78.36,0
C_2025_01085,Nov-2025,Healthcare,104499.34,50048.17,120224.3,62096.5,77456.32,1,0.2,0.396,0.356,0.586,54.05,0
C_2025_01086,Nov-2025,DAO,116323.78,50060.48,97489.76,62874.58,70141.61,3,0.6,0.286,0.393,0.579,47.08,0
C_2025_01087,Nov-2025,DeFi,134004.66,58681.42,138242.88,74826.49,90583.6,0,0.0,0.379,0.375,0.587,74.42,0
C_2025_01088,Nov-2025,Marketplace,101993.54,57142.28,109932.47,67627.39,78234.05,0,0.0,0.292,0.391,0.611,92.22,0
C_2025_01089,Nov-2025,DeFi,118682.03,47528.05,88328.58,44406.61,60087.75,1,0.2,0.333,0.388,0.603,60.27,0
C_2025_01090,Nov-2025,Marketplace,112087.37,45054.6,88342.45,45611.17,59669.41,2,0.4,0.34,0.377,0.56,91.27,0
C_2025_01091,Nov-2025,DeFi,119505.99,48325.0,233314.02209555623,55094.41,61913.33,7,0.4,0.4326229195105514,0.364,0.632,44.39,1
C_2025_01092,Nov-2025,NFT,166274.74,58384.93,116528.84,56116.96,77010.25,0,0.0,0.363,0.361,0.563,57.18,0
C_2025_01093,Nov-2025,NFT,226719.5,53352.41,118806.66,62021.96,78060.34,2,0.4,0.372,0.371,0.634,52.65,0
C_2025_01094,Nov-2025,Token,66749.75,48665.48,112746.25,45292.52,68901.42,0,0.0,0.45,0.375,0.611,55.12,0
C_2025_01095,Nov-2025,Wallet,118324.47,62675.96,101677.41,57044.43,73799.26,1,0.2,0.269,0.392,0.592,71.74,0
C_2025_01096,Nov-2025,Token,55159.76,45657.06,100796.63,49000.62,65151.44,0,0.0,0.387,0.395,0.57,41.42,0
C_2025_01097,Nov-2025,Marketplace,110590.38,48456.37,99828.72,49639.51,65974.87,1,0.2,0.363,0.384,0.556,91.1,0
C_2025_01098,Nov-2025,DeFi,137639.43,45071.43,67176.1,42021.84,51423.12,3,0.6,0.218,0.378,0.635,57.33,0
C_2025_01099,Nov-2025,DAO,88558.27,73133.27,121406.9,91897.95,95479.37,0,0.0,0.208,0.357,0.608,76.16,0
C_2025_01100,Nov-2025,NFT,166133.63,40089.48,97438.8,40035.24,59187.84,2,0.4,0.457,0.397,0.624,65.19,0
C_2025_01101,Nov-2025,DeFi,156674.04,55121.0,108579.95,68982.77,77561.24,1,0.2,0.292,0.361,0.554,42.37,0
C_2025_01102,Nov-2025,DeFi,135774.5,56388.53,116086.63,64613.2,79029.46,3,0.6,0.334,0.396,0.62,54.14,0
C_2025_01103,Nov-2025,NFT,200502.49,69791.67,96261.45,79318.04,81790.39,1,0.2,0.134,0.397,0.614,88.23,0
C_2025_01104,Nov-2025,Wallet,96546.39,61041.11,368643.3075764311,71436.33,82136.78,7,0.4,0.4677716297974977,0.396,0.617,91.22,1
C_2025_01105,Nov-2025,DAO,116364.43,49043.53,103659.27,44963.22,65888.68,2,0.4,0.406,0.378,0.565,65.8,0
C_2025_01106,Nov-2025,DeFi,153880.37,45298.1,101395.41,57894.41,68195.97,1,0.2,0.352,0.396,0.628,71.59,0
C_2025_01107,Nov-2025,DeFi,137091.23,51743.77,353111.36026498803,54193.83,71983.55,6,0.2,0.6216691594685152,0.369,0.591,49.18,1
C_2025_01108,Nov-2025,DeFi,146615.82,54532.82,135495.76,56634.81,82221.13,2,0.4,0.458,0.386,0.625,44.89,0
C_2025_01109,Nov-2025,Token,67220.13,52561.5,65356.23,49220.37,55712.7,0,0.0,0.125,0.367,0.601,69.28,0
C_2025_01110,Nov-2025,Energy,114957.77,48134.33,80805.11,44197.91,57712.45,1,0.2,0.284,0.37,0.577,47.22,0
C_2025_01111,Nov-2025,NFT,153604.42,37676.71,75483.36,44736.45,52632.17,2,0.4,0.312,0.373,0.615,92.4,0
C_2025_01112,Nov-2025,NFT,167817.34,33643.55,54128.19,39701.91,42491.22,3,0.6,0.202,0.394,0.627,59.92,0
C_2025_01113,Nov-2025,DeFi,122540.24,52352.66,116544.0,58264.96,75720.54,1,0.2,0.383,0.382,0.571,41.67,0
C_2025_01114,Nov-2025,DAO,132289.73,35810.25,83781.18,45525.09,55038.84,2,0.4,0.376,0.387,0.57,60.41,0
C_2025_01115,Nov-2025,DeFi,141639.66,54115.81,93018.81,58400.53,68511.72,2,0.4,0.254,0.366,0.618,70.98,0
C_2025_01116,Nov-2025,NFT,165100.2,42962.89,101821.11,50492.98,65092.33,3,0.6,0.402,0.389,0.552,76.89,0
C_2025_01117,Nov-2025,Token,48082.45,46608.79,108184.86,57874.47,70889.37,0,0.0,0.378,0.38,0.587,62.86,0
C_2025_01118,Nov-2025,Energy,103830.93,57181.25,138719.61,55571.8,83824.22,2,0.4,0.463,0.366,0.633,81.9,0
C_2025_01119,Nov-2025,DeFi,136002.54,33887.49,43382.24,33328.29,36866.01,1,0.2,0.125,0.392,0.622,91.9,0
C_2025_01120,Nov-2025,Token,67881.53,51265.85,98474.84,58447.55,69396.08,2,0.4,0.299,0.386,0.641,83.76,0
C_2025_01121,Nov-2025,DeFi,156454.29,56904.7,141536.18,53277.87,83906.25,1,0.2,0.486,0.382,0.611,48.44,0
C_2025_01122,Nov-2025,Token,69131.17,40039.59,137751.8113249116,40282.72,45014.79,7,0.4,0.2620474374012771,0.397,0.573,61.43,1
C_2025_01123,Nov-2025,DAO,127042.22,54736.91,129844.13,69307.29,84629.44,1,0.2,0.384,0.351,0.588,47.79,0
C_2025_01124,Nov-2025,DeFi,144534.26,60121.24,75582.21,74227.94,69977.13,1,0.2,0.1,0.383,0.593,64.27,0
C_2025_01125,Nov-2025,NFT,171990.64,44694.68,98073.64,56586.62,66451.65,1,0.2,0.344,0.385,0.644,54.69,0
C_2025_01126,Nov-2025,DAO,126705.14,47747.77,95142.29,45085.09,62658.38,1,0.2,0.367,0.376,0.603,88.19,0
C_2025_01127,Nov-2025,NFT,139636.86,47594.61,71404.1,59479.01,59492.57,0,0.0,0.163,0.371,0.569,82.53,0
C_2025_01128,Nov-2025,DAO,84122.66,47029.94,78513.17,58358.78,61300.63,4,0.8,0.212,0.398,0.552,60.73,0
C_2025_01129,Nov-2025,Token,62581.84,54246.94,84354.31,55388.78,64663.34,2,0.4,0.215,0.395,0.617,51.25,0
C_2025_01130,Nov-2025,NFT,172668.57,51713.35,72133.02,48403.02,57416.46,1,0.2,0.183,0.357,0.58,55.49,0
C_2025_01131,Nov-2025,Healthcare,124509.76,53183.4,116458.59,53448.99,74363.66,2,0.4,0.4,0.394,0.57,92.1,0
C_2025_01132,Nov-2025,DeFi,118933.67,34396.7,72895.45,39042.58,48778.24,1,0.2,0.352,0.387,0.554,40.62,0
C_2025_01133,Nov-2025,Wallet,96947.02,49008.86,101137.02,48304.16,66150.01,1,0.2,0.374,0.377,0.562,41.27,0
C_2025_01134,Nov-2025,NFT,183748.49,43995.62,56679.74,41499.49,47391.62,3,0.6,0.14,0.389,0.61,65.02,0
C_2025_01135,Nov-2025,DAO,115717.16,48773.92,96756.79,55193.98,66908.23,1,0.2,0.318,0.397,0.581,64.34,0
C_2025_01136,Nov-2025,DeFi,118739.79,54115.02,104743.05,55471.28,71443.11,0,0.0,0.33,0.393,0.59,61.92,0
C_2025_01137,Nov-2025,DeFi,124022.78,41000.48,95658.3,42855.81,59838.2,2,0.4,0.423,0.359,0.636,61.6,0
C_2025_01138,Nov-2025,Marketplace,125520.44,53375.47,73306.15,50398.0,59026.54,4,0.8,0.172,0.388,0.587,53.43,0
C_2025_01139,Nov-2025,DeFi,121558.05,62836.22,155569.31,65336.73,94580.75,2,0.4,0.456,0.39,0.593,90.46,0
C_2025_01140,Nov-2025,DAO,129614.62,47330.39,274291.180569076,46910.11,59923.08,4,0.0,0.5055063638406105,0.371,0.626,73.28,1
C_2025_01141,Nov-2025,DeFi,113162.74,57781.68,105501.61,53029.61,72104.3,3,0.6,0.329,0.358,0.615,73.66,0
C_2025_01142,Nov-2025,Healthcare,101780.15,56409.45,123690.22,66292.03,82130.57,1,0.2,0.361,0.357,0.595,88.47,0
C_2025_01143,Nov-2025,Healthcare,124040.92,47827.53,94092.51,46715.58,62878.54,2,0.4,0.351,0.356,0.592,44.0,0
C_2025_01144,Nov-2025,NFT,171343.95,43021.6,68705.32,54646.8,55457.91,2,0.4,0.189,0.385,0.576,91.8,0
C_2025_01145,Nov-2025,NFT,200426.67,50923.63,85274.64,47872.52,61356.93,1,0.2,0.276,0.374,0.569,74.51,0
C_2025_01146,Nov-2025,DeFi,129559.72,53162.46,120293.23,58644.23,77366.64,4,0.8,0.393,0.377,0.572,64.42,0
C_2025_01147,Nov-2025,Token,75226.25,49513.2,117090.65,52773.55,73125.8,0,0.0,0.426,0.393,0.567,74.2,0
C_2025_01148,Nov-2025,Token,64432.76,47318.66,117433.02,44492.67,69748.12,1,0.2,0.484,0.395,0.637,53.07,0
C_2025_01149,Nov-2025,NFT,179239.16,44414.24,72718.51,51912.86,56348.54,0,0.0,0.212,0.357,0.619,51.68,0
C_2025_01150,Nov-2025,NFT,210022.71,45380.78,65233.15,51913.23,54175.72,2,0.4,0.152,0.38,0.589,70.67,0
C_2025_01151,Nov-2025,Healthcare,95648.55,52195.81,89962.19,54146.48,65434.83,2,0.4,0.265,0.397,0.579,62.86,0
C_2025_01152,Nov-2025,DeFi,133499.53,61636.84,117796.43,56788.25,78740.51,1,0.2,0.352,0.4,0.581,88.65,0
C_2025_01153,Nov-2025,NFT,151868.9,60249.91,114872.16,74481.8,83201.29,1,0.2,0.278,0.367,0.584,42.31,0
C_2025_01154,Nov-2025,Marketplace,122796.22,52361.9,88808.22,62625.58,67931.9,2,0.4,0.226,0.385,0.635,77.72,0
C_2025_01155,Nov-2025,Token,65953.53,44167.71,96436.7,41704.55,60769.65,4,0.8,0.415,0.395,0.563,61.61,0
C_2025_01156,Nov-2025,NFT,226541.09,51395.91,108989.72,63376.47,74587.37,0,0.0,0.333,0.391,0.598,64.78,0
C_2025_01157,Nov-2025,DeFi,134936.79,28248.21,68602.64,31617.7,42822.85,1,0.2,0.427,0.386,0.631,77.35,0
C_2025_01158,Nov-2025,DeFi,148308.26,66108.43,153319.32,81224.7,100217.48,0,0.0,0.38,0.392,0.591,53.95,0
C_2025_01159,Nov-2025,Wallet,107683.02,58402.56,131456.8,58715.68,82858.35,0,0.0,0.415,0.375,0.56,81.49,0
C_2025_01160,Nov-2025,Marketplace,104851.55,36361.71,47748.15,36894.91,40334.92,1,0.2,0.13,0.382,0.642,77.39,0
C_2025_01161,Nov-2025,Healthcare,109494.19,50268.21,76706.84,63228.14,63401.06,3,0.6,0.17,0.352,0.628,77.33,0
C_2025_01162,Nov-2025,Marketplace,121267.63,49488.98,81013.83,50366.35,60289.72,3,0.6,0.243,0.361,0.616,61.18,0
C_2025_01163,Nov-2025,NFT,165384.47,59599.84,132627.07,62018.2,84748.37,0,0.0,0.4,0.352,0.589,89.7,0
C_2025_01164,Nov-2025,Token,59125.79,44775.76,110182.7,40746.01,65234.82,2,0.4,0.488,0.396,0.564,70.35,0
C_2025_01165,Nov-2025,Energy,106974.4,48951.84,61919.14,46319.34,52396.77,0,0.0,0.13,0.388,0.599,58.86,0
C_2025_01166,Nov-2025,DAO,118678.32,48898.98,116574.05,58007.42,74493.48,2,0.4,0.403,0.381,0.612,66.49,0
C_2025_01167,Nov-2025,Wallet,112046.78,49721.18,112740.83,53400.16,71954.06,1,0.2,0.401,0.355,0.585,62.16,0
C_2025_01168,Nov-2025,DeFi,145788.21,35256.5,45697.79,34198.76,38384.35,4,0.8,0.135,0.365,0.636,94.92,0
C_2025_01169,Nov-2025,Energy,124558.15,54263.13,120261.73,56549.56,77024.81,3,0.6,0.397,0.367,0.564,52.81,0
C_2025_01170,Nov-2025,Wallet,101583.47,41743.95,83569.28,46487.77,57267.0,0,0.0,0.327,0.358,0.574,67.64,0
C_2025_01171,Nov-2025,Marketplace,101653.42,49544.27,106423.4,51106.81,69024.83,1,0.2,0.383,0.379,0.627,91.04,0
C_2025_01172,Nov-2025,Token,58293.1,40298.74,72680.65,51214.46,54731.28,1,0.2,0.246,0.357,0.6,45.86,0
C_2025_01173,Nov-2025,Token,57474.5,46695.02,94643.91,59760.2,67033.04,3,0.6,0.302,0.356,0.619,62.49,0
C_2025_01174,Nov-2025,Marketplace,104778.34,39480.97,51275.85,46515.01,45757.28,1,0.2,0.106,0.356,0.636,67.14,0
C_2025_01175,Nov-2025,DeFi,156380.39,64619.54,112027.08,63134.06,79926.89,1,0.2,0.284,0.355,0.621,51.49,0
C_2025_01176,Nov-2025,DeFi,126296.23,34592.18,61717.87,40937.48,45749.17,3,0.6,0.253,0.366,0.594,56.91,0
C_2025_01177,Nov-2025,DeFi,131306.59,41937.73,97102.35,50103.0,63047.69,0,0.0,0.386,0.37,0.601,84.56,0
C_2025_01178,Nov-2025,NFT,213824.12,50739.03,68261.28,57138.02,58712.77,1,0.2,0.123,0.382,0.576,42.87,0
C_2025_01179,Nov-2025,Marketplace,100882.37,44319.88,110038.97,45312.75,66557.2,0,0.0,0.462,0.377,0.636,77.29,0
C_2025_01180,Nov-2025,Wallet,116412.17,35852.68,203164.73706888658,42709.21,51634.48,9,0.8,0.5723610666714782,0.382,0.632,40.31,1
C_2025_01181,Nov-2025,Wallet,122937.5,49310.26,73598.16,53783.6,58897.34,0,0.0,0.179,0.37,0.568,60.0,0
C_2025_01182,Nov-2025,NFT,166021.83,46751.12,70720.21,51716.96,56396.1,1,0.2,0.183,0.388,0.581,90.72,0
C_2025_01183,Nov-2025,NFT,159331.01,65432.73,145711.21,80296.81,97146.92,1,0.2,0.359,0.397,0.566,42.32,0
C_2025_01184,Nov-2025,Token,76131.66,48302.05,106417.55,61237.93,71985.84,1,0.2,0.346,0.379,0.628,45.13,0
C_2025_01185,Nov-2025,DAO,121147.1,51799.61,107321.65,66967.36,75362.87,0,0.0,0.311,0.395,0.631,57.28,0
C_2025_01186,Nov-2025,Token,68046.05,62365.39,84567.69,69399.5,72110.86,2,0.4,0.128,0.396,0.551,84.5,0
C_2025_01187,Nov-2025,DeFi,130684.44,48641.44,98186.37,62979.26,69935.69,1,0.2,0.298,0.381,0.633,91.52,0
C_2025_01188,Nov-2025,DeFi,125153.86,60684.56,122909.82,75401.77,86332.05,1,0.2,0.308,0.358,0.55,79.5,0
C_2025_01189,Nov-2025,DeFi,125599.9,46437.22,73706.97,52202.49,57448.89,2,0.4,0.204,0.356,0.6,58.53,0
C_2025_01190,Nov-2025,Wallet,105471.19,48576.16,114855.17,57160.9,73530.75,0,0.0,0.4,0.353,0.647,77.46,0
C_2025_01191,Nov-2025,Token,78493.21,44478.87,97107.67,53907.72,65164.75,1,0.2,0.352,0.351,0.643,73.18,0
C_2025_01192,Nov-2025,Wallet,117642.9,46199.0,104868.81,45846.78,65638.2,0,0.0,0.423,0.399,0.58,87.9,0
C_2025_01193,Nov-2025,DeFi,106192.18,48341.47,101362.09,54443.41,68048.99,0,0.0,0.348,0.358,0.589,50.21,0
C_2025_01194,Nov-2025,DeFi,124158.95,60846.44,80406.23,66550.02,69267.56,0,0.0,0.119,0.356,0.574,87.27,0
C_2025_01195,Nov-2025,DAO,95307.35,42857.81,82025.67,50946.85,58610.11,1,0.2,0.288,0.352,0.619,85.77,0
C_2025_01196,Nov-2025,DeFi,136862.72,57103.29,139344.61,63064.98,86504.29,4,0.8,0.433,0.377,0.595,88.28,0
C_2025_01197,Nov-2025,DeFi,125978.16,46458.66,101156.24,43577.98,63730.96,1,0.2,0.416,0.381,0.566,87.33,0
C_2025_01198,Nov-2025,Wallet,119922.06,49167.93,88906.96,49660.4,62578.43,0,0.0,0.298,0.35,0.603,45.89,0
C_2025_01199,Nov-2025,NFT,203683.54,36084.6,56233.94,35005.3,42441.28,2,0.4,0.23,0.358,0.646,42.08,0
C_2025_01200,Nov-2025,Healthcare,105420.43,55921.01,135338.09,57418.46,82892.52,1,0.2,0.447,0.362,0.627,69.08,0
C_2025_01201,Nov-2025,Marketplace,108515.39,55945.06,130394.28,60397.29,82245.54,5,1.0,0.415,0.381,0.557,86.02,0
C_2025_01202,Nov-2025,Token,76469.07,35122.7,81182.32,45297.64,53867.55,1,0.2,0.367,0.387,0.607,64.63,0
C_2025_01203,Nov-2025,DeFi,130370.32,34294.62,56252.89,41249.73,43932.41,3,0.6,0.209,0.393,0.606,51.38,0
C_2025_01204,Nov-2025,DeFi,107618.47,60361.66,138694.63,65270.26,88108.85,1,0.2,0.407,0.37,0.648,84.47,0
C_2025_01205,Nov-2025,Token,61011.22,43896.47,71496.85,50926.33,55439.88,4,0.8,0.211,0.356,0.606,92.38,0
C_2025_01206,Nov-2025,DeFi,135500.92,60922.29,124333.09,77506.85,87587.41,1,0.2,0.307,0.399,0.636,57.77,0
C_2025_01207,Nov-2025,Energy,81307.06,41841.59,58319.83,53688.1,51283.17,2,0.4,0.135,0.377,0.552,82.03,0
C_2025_01208,Nov-2025,Token,79782.94,59524.24,75431.32,58596.57,64517.38,0,0.0,0.12,0.364,0.613,71.14,0
C_2025_01209,Nov-2025,NFT,194075.21,67374.42,104763.01,67226.4,79787.94,0,0.0,0.221,0.392,0.612,50.26,0
C_2025_01210,Nov-2025,NFT,178512.07,48784.39,105645.04,56773.3,70400.91,1,0.2,0.357,0.399,0.63,56.6,0
C_2025_01211,Nov-2025,DeFi,136775.57,54850.59,87004.27,58724.2,66859.69,0,0.0,0.214,0.356,0.622,54.71,0
C_2025_01212,Nov-2025,Token,64587.76,43527.42,97618.13,52911.08,64685.54,2,0.4,0.365,0.38,0.647,58.02,0
C_2025_01213,Nov-2025,Wallet,107795.67,52696.08,130991.74,61554.58,81747.47,2,0.4,0.428,0.364,0.561,46.27,0
C_2025_01214,Nov-2025,Healthcare,124657.08,44337.35,88247.4,41722.95,58102.56,4,0.8,0.367,0.374,0.615,41.55,0
C_2025_01215,Nov-2025,DAO,104674.12,37484.37,236657.59741871356,35805.48,47341.3,5,0.4,0.5588881302484052,0.351,0.558,61.54,1
C_2025_01216,Nov-2025,Healthcare,105529.89,41628.68,83949.95,46578.12,57385.58,1,0.2,0.329,0.381,0.636,81.43,0
C_2025_01217,Nov-2025,Token,48526.72,56388.01,94425.48,70584.65,73799.38,0,0.0,0.213,0.399,0.616,77.46,0
C_2025_01218,Nov-2025,Energy,111237.42,46388.44,84900.65,43712.36,58333.82,2,0.4,0.323,0.371,0.557,79.28,0
C_2025_01219,Nov-2025,DeFi,142857.38,62197.11,115894.45,66769.45,81620.34,1,0.2,0.298,0.397,0.609,57.12,0
C_2025_01220,Nov-2025,Healthcare,126384.39,48201.93,67969.58,49027.83,55066.45,1,0.2,0.166,0.39,0.563,81.95,0
C_2025_01221,Nov-2025,Healthcare,112186.05,57135.02,94694.15,56737.24,69522.14,4,0.8,0.256,0.372,0.599,77.54,0
C_2025_01222,Nov-2025,NFT,169036.95,44463.48,57707.1,41321.88,47830.82,0,0.0,0.148,0.374,0.628,66.7,0
C_2025_01223,Nov-2025,DeFi,120833.72,48074.21,92080.57,48483.19,62879.32,2,0.4,0.328,0.361,0.597,93.27,0
C_2025_01224,Nov-2025,Energy,113779.66,51719.86,244545.66167311044,67071.11,67764.13,3,0.0,0.3271223284907267,0.353,0.636,91.0,1
C_2025_01225,Nov-2025,DAO,123481.13,55415.95,122412.8,61735.01,79854.59,2,0.4,0.378,0.378,0.603,85.29,0
C_2025_01226,Nov-2025,DeFi,129220.68,52250.79,114555.04,49110.79,71972.2,2,0.4,0.419,0.368,0.611,46.56,0
C_2025_01227,Nov-2025,Token,66496.86,53107.4,86492.08,56097.35,65232.28,3,0.6,0.231,0.374,0.649,51.77,0
C_2025_01228,Nov-2025,DeFi,104979.77,44734.59,98176.53,53932.24,65614.45,1,0.2,0.356,0.351,0.593,62.57,0
C_2025_01229,Nov-2025,Token,64854.93,52346.28,80264.84,65772.66,66127.93,2,0.4,0.172,0.369,0.644,72.42,0
C_2025_01230,Nov-2025,NFT,199071.56,38085.73,90778.64,38451.21,55771.86,2,0.4,0.444,0.386,0.611,77.38,0
C_2025_01231,Nov-2025,DeFi,109826.08,41399.18,86502.44,40828.58,56243.4,1,0.2,0.38,0.35,0.647,63.74,0
C_2025_01232,Nov-2025,DAO,94154.38,53086.42,118228.58,64419.38,78578.13,0,0.0,0.362,0.396,0.569,73.71,0
C_2025_01233,Nov-2025,Energy,108542.31,52818.82,70631.87,51516.24,58322.31,2,0.4,0.15,0.383,0.582,58.77,0
C_2025_01234,Nov-2025,Token,61637.85,66496.41,149992.18,63993.98,93494.19,1,0.2,0.427,0.36,0.616,87.02,0
C_2025_01235,Nov-2025,Token,58486.77,40678.38,77218.03,40053.12,52649.84,2,0.4,0.33,0.373,0.627,58.55,0
C_2025_01236,Nov-2025,Energy,104184.46,51147.34,101849.46,49155.72,67384.18,2,0.4,0.362,0.392,0.555,61.81,0
C_2025_01237,Nov-2025,Token,53644.53,43140.46,102902.11,51784.57,65942.38,0,0.0,0.4,0.386,0.603,89.55,0
C_2025_01238,Nov-2025,NFT,189065.08,35809.8,66283.29,39241.25,47111.45,1,0.2,0.289,0.388,0.595,92.72,0
C_2025_01239,Nov-2025,Wallet,120379.39,40943.02,99202.16,47714.31,62619.83,3,0.6,0.415,0.358,0.604,52.67,0
C_2025_01240,Nov-2025,DAO,112315.88,63411.64,109993.55,63888.42,79097.87,1,0.2,0.276,0.352,0.572,93.41,0
C_2025_01241,Nov-2025,DeFi,125974.43,52853.04,130211.63,50586.38,77883.68,0,0.0,0.475,0.356,0.607,82.95,0
C_2025_01242,Nov-2025,DAO,112033.14,49621.84,276244.02925109904,47645.87,61612.55,6,0.6,0.547799880536955,0.38,0.577,75.53,1
C_2025_01243,Nov-2025,Token,66258.77,57812.05,88321.11,74112.5,73415.22,1,0.2,0.17,0.359,0.574,85.81,0
C_2025_01244,Nov-2025,DeFi,141332.73,51673.36,77590.6,49009.88,59424.61,0,0.0,0.217,0.375,0.65,78.22,0
C_2025_01245,Nov-2025,Token,70842.0,47029.77,104229.2,42616.78,64625.25,2,0.4,0.434,0.361,0.597,63.37,0
C_2025_01246,Nov-2025,Healthcare,99936.47,45678.96,100078.02,59201.93,68319.64,2,0.4,0.338,0.361,0.564,70.32,0
C_2025_01247,Nov-2025,Marketplace,128767.91,56417.25,117589.21,57372.59,77126.35,2,0.4,0.371,0.361,0.587,54.96,0
C_2025_01248,Nov-2025,Marketplace,105198.5,54033.22,69389.67,64598.39,62673.76,0,0.0,0.102,0.37,0.556,52.44,0
C_2025_01249,Nov-2025,DeFi,138875.77,54554.99,80152.76,56429.8,63712.52,0,0.0,0.183,0.354,0.649,76.06,0
C_2025_01250,Nov-2025,DeFi,153341.57,51973.84,119129.26,63547.69,78216.93,0,0.0,0.375,0.359,0.615,60.67,0
C_2025_01251,Nov-2025,Wallet,105158.02,56576.34,140673.34,54487.28,83912.32,2,0.4,0.478,0.373,0.649,63.39,0
C_2025_01252,Nov-2025,Energy,103030.7,51085.48,117234.7,59221.73,75847.3,1,0.2,0.388,0.38,0.551,40.07,0
C_2025_01253,Nov-2025,NFT,151015.91,53581.57,77664.01,62224.74,64490.11,0,0.0,0.154,0.366,0.565,71.91,0
C_2025_01254,Nov-2025,DeFi,148779.21,57326.59,275422.54769669194,53640.48,66259.99,5,0.0,0.4574161373383865,0.371,0.645,51.98,1
C_2025_01255,Nov-2025,NFT,166131.41,47837.84,95065.33,56063.51,66322.23,3,0.6,0.311,0.364,0.616,73.72,0
C_2025_01256,Nov-2025,DAO,133557.9,52661.24,106829.02,65959.78,75150.01,2,0.4,0.307,0.384,0.64,61.22,0
C_2025_01257,Nov-2025,Marketplace,118687.67,57191.23,73055.16,64774.97,65007.12,0,0.0,0.1,0.398,0.631,46.03,0
C_2025_01258,Nov-2025,Token,66933.93,42257.08,69654.7,38621.38,50177.72,1,0.2,0.276,0.355,0.63,90.33,0
C_2025_01259,Nov-2025,Wallet,118259.12,54381.91,80563.42,54677.16,63207.5,0,0.0,0.194,0.388,0.645,79.43,0
C_2025_01260,Nov-2025,Token,67496.5,56866.16,96897.55,60864.12,71542.61,0,0.0,0.252,0.352,0.62,64.11,0
C_2025_01261,Nov-2025,NFT,215443.48,64649.42,100891.14,70490.94,78677.17,1,0.2,0.202,0.391,0.595,73.2,0
C_2025_01262,Nov-2025,Marketplace,106178.22,54325.05,67660.61,54565.53,58850.39,2,0.4,0.106,0.354,0.564,48.56,0
C_2025_01263,Nov-2025,Marketplace,126522.63,56102.47,130019.55,71601.04,85907.69,0,0.0,0.37,0.365,0.574,59.73,0
C_2025_01264,Nov-2025,Energy,111768.91,56510.29,122042.42,61937.97,80163.56,0,0.0,0.37,0.353,0.604,79.53,0
C_2025_01265,Nov-2025,Token,70615.5,42796.34,96457.19,45567.78,61607.1,2,0.4,0.4,0.388,0.649,59.0,0
C_2025_01266,Nov-2025,Wallet,95927.66,47504.11,69607.53,55929.34,57680.33,2,0.4,0.158,0.364,0.596,55.99,0
C_2025_01267,Nov-2025,Token,71185.45,43016.77,52058.83,47993.48,47689.69,1,0.2,0.078,0.38,0.617,76.03,0
C_2025_01268,Nov-2025,NFT,135033.1,44357.47,101432.28,53378.82,66389.52,1,0.2,0.377,0.354,0.559,72.06,0
C_2025_01269,Nov-2025,DeFi,127778.37,46742.43,101859.21,47571.6,65391.08,2,0.4,0.394,0.386,0.625,61.86,0
C_2025_01270,Nov-2025,DeFi,131620.18,38236.23,269329.3702194863,44195.23,58038.32,3,0.0,0.667451268502495,0.384,0.593,72.53,1
C_2025_01271,Nov-2025,DeFi,131663.45,63892.42,144280.54,75959.29,94710.75,1,0.2,0.374,0.392,0.644,47.53,0
C_2025_01272,Nov-2025,DeFi,104430.67,49334.93,107593.58,58642.06,71856.86,0,0.0,0.356,0.394,0.568,83.85,0
C_2025_01273,Nov-2025,NFT,135463.57,46038.28,64716.52,44521.12,51758.64,2,0.4,0.177,0.356,0.557,80.91,0
C_2025_01274,Nov-2025,Token,62926.23,50995.08,98336.41,47622.8,65651.43,6,1.0,0.353,0.365,0.572,58.0,0
C_2025_01275,Nov-2025,DAO,96746.58,53468.33,82139.78,58132.07,64580.06,1,0.2,0.195,0.396,0.625,76.65,0
C_2025_01276,Nov-2025,NFT,167287.36,71174.77,102671.95,89529.62,87792.11,1,0.2,0.147,0.388,0.568,60.45,0
C_2025_01277,Nov-2025,Marketplace,121854.34,53673.63,90456.71,67082.95,70404.43,0,0.0,0.216,0.366,0.565,74.13,0
C_2025_01278,Nov-2025,Marketplace,132183.96,39538.86,86597.12,44215.56,56783.85,2,0.4,0.373,0.368,0.622,73.62,0
C_2025_01279,Nov-2025,Token,61489.2,40887.51,210273.28037311457,43657.88,52825.92,4,0.0,0.4901859394958674,0.396,0.626,66.47,1
C_2025_01280,Nov-2025,Energy,118077.6,52440.68,72212.2,52448.51,59033.8,2,0.4,0.158,0.399,0.595,59.76,0
C_2025_01281,Nov-2025,DeFi,117126.76,45629.89,101711.12,58505.08,68615.36,3,0.6,0.35,0.384,0.593,70.73,0
C_2025_01282,Nov-2025,Healthcare,111780.35,47327.29,178214.22428974012,58062.72,55144.27,5,0.2,0.15504958201177418,0.366,0.598,72.82,1
C_2025_01283,Nov-2025,Marketplace,118390.55,37138.87,58943.96,34249.33,43444.05,0,0.0,0.254,0.355,0.629,92.88,0
C_2025_01284,Nov-2025,Token,68782.52,28220.37,39251.78,31618.45,33030.2,0,0.0,0.14,0.381,0.643,50.76,0
C_2025_01285,Nov-2025,Token,58156.14,47810.98,79281.03,46348.67,57813.56,1,0.2,0.263,0.365,0.616,90.54,0
C_2025_01286,Nov-2025,Wallet,94920.76,46751.91,72556.14,58047.19,59118.41,2,0.4,0.179,0.372,0.578,91.87,0
C_2025_01287,Nov-2025,Marketplace,91502.26,50746.95,87995.73,63471.2,67404.63,1,0.2,0.229,0.36,0.63,74.35,0
C_2025_01288,Nov-2025,DAO,92081.72,48649.72,238626.51897628137,62463.2,63543.96,5,0.2,0.366247228624447,0.376,0.628,58.71,1
C_2025_01289,Nov-2025,Token,67613.52,40113.67,82825.31,47538.2,56825.73,2,0.4,0.328,0.398,0.594,74.28,0
C_2025_01290,Nov-2025,Wallet,116665.35,65887.56,96646.16,79200.62,80578.11,2,0.4,0.156,0.356,0.558,58.68,0
C_2025_01291,Nov-2025,Token,66932.44,49194.26,109147.78,57260.63,71867.56,1,0.2,0.37,0.399,0.588,45.88,0
C_2025_01292,Nov-2025,Token,73618.35,49857.1,117337.61,45090.08,70761.6,2,0.4,0.466,0.392,0.636,72.79,0
C_2025_01293,Nov-2025,DeFi,149372.03,52456.02,116567.9,65886.98,78303.64,3,0.6,0.353,0.392,0.6,61.32,0
C_2025_01294,Nov-2025,DAO,103128.48,51166.54,95087.88,63874.07,70042.83,0,0.0,0.263,0.371,0.644,63.57,0
C_2025_01295,Nov-2025,DeFi,117383.68,33973.28,63709.71,39164.28,45615.76,3,0.6,0.284,0.367,0.616,79.47,0
C_2025_01296,Nov-2025,Energy,102047.7,50694.09,72028.58,51409.84,58044.17,1,0.2,0.17,0.351,0.626,54.59,0
C_2025_01297,Nov-2025,Wallet,113412.63,34513.82,51104.73,43273.03,42963.86,0,0.0,0.158,0.372,0.635,73.87,0
C_2025_01298,Nov-2025,DeFi,120370.5,36540.35,77418.14,47111.63,53690.04,3,0.6,0.323,0.351,0.632,50.97,0
C_2025_01299,Nov-2025,NFT,207437.47,45841.33,290205.7112372995,45614.34,61223.91,6,0.6,0.6599307657657529,0.399,0.621,43.43,1
C_2025_01300,Nov-2025,Energy,100283.44,54666.98,101950.24,51239.58,69285.6,4,0.8,0.334,0.373,0.552,89.98,0
C_2025_01301,Nov-2025,DeFi,117957.02,50278.15,67541.65,52963.19,56927.66,3,0.6,0.133,0.352,0.647,40.94,0
C_2025_01302,Nov-2025,NFT,172035.54,54042.09,65559.41,63535.28,61045.59,2,0.4,0.082,0.359,0.607,75.05,0
C_2025_01303,Nov-2025,DeFi,118590.99,54567.53,133510.87,63052.54,83710.32,2,0.4,0.423,0.399,0.608,87.68,0
C_2025_01304,Nov-2025,DeFi,131822.18,52512.18,100488.37,47334.71,66778.42,0,0.0,0.358,0.36,0.569,54.01,0
C_2025_01305,Nov-2025,NFT,155028.59,38864.13,67883.94,36514.66,47754.25,0,0.0,0.299,0.384,0.604,64.43,0
C_2025_01306,Nov-2025,DAO,123037.76,53566.08,94062.08,61946.37,69858.18,3,0.6,0.25,0.359,0.606,93.97,0
C_2025_01307,Nov-2025,Wallet,119452.76,50269.9,270253.67146623496,65327.64,67513.7,6,0.2,0.4016387348543397,0.379,0.577,41.79,1
C_2025_01308,Nov-2025,Healthcare,103198.24,56487.31,126278.12,57350.83,80038.76,0,0.0,0.409,0.399,0.586,73.08,0
C_2025_01309,Nov-2025,Marketplace,123595.12,66483.38,158835.74,77770.69,101029.94,2,0.4,0.407,0.377,0.645,74.4,0
C_2025_01310,Nov-2025,Token,69129.3,58523.4,134087.76,74780.91,89130.69,1,0.2,0.364,0.374,0.62,52.5,0
C_2025_01311,Nov-2025,DAO,94887.54,46766.21,77768.31,45266.69,56600.41,0,0.0,0.265,0.395,0.65,49.03,0
C_2025_01312,Nov-2025,NFT,171894.61,46750.13,84157.57,45905.28,58937.66,1,0.2,0.303,0.389,0.621,74.92,0
C_2025_01313,Nov-2025,Energy,119374.1,48276.89,118780.1,46802.31,71286.43,0,0.0,0.471,0.376,0.559,64.0,0
C_2025_01314,Nov-2025,Energy,118331.92,70582.02,115061.48,78838.59,88160.69,1,0.2,0.219,0.383,0.554,43.65,0
C_2025_01315,Nov-2025,DeFi,115826.95,50991.66,62671.35,49390.79,54351.27,2,0.4,0.109,0.383,0.568,73.74,0
C_2025_01316,Nov-2025,Token,79142.06,41904.58,104491.95,53433.65,66610.06,0,0.0,0.408,0.394,0.557,92.42,0
C_2025_01317,Nov-2025,Wallet,100442.23,38215.39,50411.06,36110.07,41578.84,5,1.0,0.152,0.352,0.55,59.29,0
C_2025_01318,Nov-2025,DAO,107938.27,48826.95,116664.27,46683.78,70725.0,2,0.4,0.459,0.355,0.582,42.82,0
C_2025_01319,Nov-2025,DAO,95246.06,46704.61,90145.62,54977.09,63942.44,2,0.4,0.295,0.392,0.572,80.38,0
C_2025_01320,Nov-2025,Wallet,104356.93,61988.37,98343.98,67456.77,75929.71,0,0.0,0.211,0.352,0.561,50.29,0
C_2025_01321,Nov-2025,NFT,198967.37,50114.69,75489.52,63849.36,63151.19,4,0.8,0.164,0.378,0.606,86.75,0
C_2025_01322,Nov-2025,Token,65023.41,51423.27,84784.9,50104.81,62104.32,0,0.0,0.258,0.375,0.606,85.37,0
C_2025_01323,Nov-2025,Energy,120258.85,50075.16,100976.99,61899.64,70983.93,0,0.0,0.306,0.393,0.618,49.36,0
C_2025_01324,Nov-2025,Energy,109517.54,45984.06,73920.21,53618.84,57841.04,2,0.4,0.204,0.399,0.628,89.35,0
C_2025_01325,Nov-2025,Token,52866.7,47205.9,81922.19,56006.82,61711.64,0,0.0,0.239,0.364,0.555,63.78,0
C_2025_01326,Nov-2025,DeFi,137301.12,51578.51,77780.71,60731.32,63363.51,2,0.4,0.171,0.355,0.565,78.61,0
C_2025_01327,Nov-2025,DeFi,143734.81,59491.32,97381.46,57582.29,71485.03,2,0.4,0.256,0.372,0.584,56.14,0
C_2025_01328,Nov-2025,DAO,101760.75,43234.49,57211.31,44909.51,48451.77,0,0.0,0.129,0.359,0.625,57.9,0
C_2025_01329,Nov-2025,Healthcare,124685.52,57594.37,112628.15,73921.17,81381.23,0,0.0,0.284,0.387,0.646,87.42,0
C_2025_01330,Nov-2025,DeFi,122544.54,42374.74,60349.57,48329.38,50351.23,2,0.4,0.148,0.385,0.592,86.97,0
C_2025_01331,Nov-2025,DeFi,109934.89,54897.37,289287.43392653373,70419.9,76994.1,7,0.4,0.432237066038559,0.362,0.603,46.28,1
C_2025_01332,Nov-2025,DAO,96945.28,44526.06,109649.19,53025.95,69067.07,1,0.2,0.419,0.376,0.571,69.5,0
C_2025_01333,Nov-2025,Healthcare,114587.96,58858.55,119125.28,65710.39,81231.41,3,0.6,0.332,0.373,0.569,75.0,0
C_2025_01334,Nov-2025,DeFi,115567.88,50001.79,72849.72,54594.6,59148.7,3,0.6,0.167,0.379,0.595,76.25,0
C_2025_01335,Nov-2025,NFT,174805.4,44778.37,70964.33,46142.95,53961.88,1,0.2,0.223,0.366,0.601,87.47,0
C_2025_01336,Nov-2025,DAO,128489.03,45788.14,105921.08,46887.36,66198.86,1,0.2,0.424,0.392,0.554,56.96,0
C_2025_01337,Nov-2025,Healthcare,118068.72,64746.53,114418.52,72255.78,83806.95,0,0.0,0.261,0.372,0.6,89.57,0
C_2025_01338,Nov-2025,Marketplace,117273.82,46847.0,95451.42,42543.47,61613.96,1,0.2,0.389,0.4,0.637,56.35,0
C_2025_01339,Nov-2025,DeFi,119660.06,38716.26,64385.8,40610.85,47904.3,1,0.2,0.244,0.358,0.635,84.68,0
C_2025_01340,Nov-2025,Healthcare,124099.94,49373.3,75111.03,44782.87,56422.4,2,0.4,0.237,0.395,0.647,74.89,0
C_2025_01341,Nov-2025,Wallet,107574.78,51025.8,180755.6512913533,60888.16,61268.58,5,0.2,0.21295419555028075,0.365,0.611,50.18,1
C_2025_01342,Nov-2025,Token,56095.49,53464.51,68593.57,55183.03,59080.37,1,0.2,0.114,0.353,0.568,70.18,0
C_2025_01343,Nov-2025,Marketplace,102596.81,49794.25,60222.56,64494.86,58170.56,2,0.4,0.106,0.363,0.584,75.7,0
C_2025_01344,Nov-2025,Token,64122.99,51062.87,117060.09,48439.39,72187.45,0,0.0,0.44,0.352,0.564,90.45,0
C_2025_01345,Nov-2025,NFT,158864.59,49380.14,120865.04,61804.03,77349.74,2,0.4,0.403,0.392,0.619,87.84,0
C_2025_01346,Nov-2025,Token,60336.8,59019.63,130239.7,59313.7,82857.68,1,0.2,0.404,0.397,0.579,68.63,0
C_2025_01347,Nov-2025,DeFi,136932.31,49126.46,80349.46,59512.69,62996.2,2,0.4,0.206,0.387,0.641,81.52,0
C_2025_01348,Nov-2025,Wallet,114483.84,47899.39,81613.68,54149.87,61220.98,1,0.2,0.239,0.389,0.61,89.13,0
C_2025_01349,Nov-2025,DAO,106463.47,40249.45,91877.27,36534.13,56220.28,0,0.0,0.449,0.4,0.578,93.65,0
C_2025_01350,Nov-2025,Wallet,104174.7,41124.2,89598.53,47832.02,59518.25,3,0.6,0.36,0.372,0.566,72.78,0
C_2025_01351,Nov-2025,Energy,100482.38,40474.03,192250.71840010906,36860.04,50232.78,4,0.0,0.5515163900931614,0.384,0.593,87.56,1
C_2025_01352,Nov-2025,Token,58698.22,51810.34,114770.94,67177.44,77919.57,2,0.4,0.344,0.372,0.636,49.21,0
C_2025_01353,Nov-2025,DAO,105349.03,36676.92,77972.33,38523.74,51057.66,1,0.2,0.373,0.369,0.621,52.43,0
C_2025_01354,Nov-2025,Wallet,98084.93,53700.15,68348.18,50929.56,57659.3,3,0.6,0.133,0.38,0.599,92.02,0
C_2025_01355,Nov-2025,NFT,192038.58,57318.94,72236.73,64189.64,64581.77,2,0.4,0.094,0.363,0.591,53.39,0
C_2025_01356,Nov-2025,Token,73821.54,51422.64,117268.05,52081.72,73590.8,1,0.2,0.42,0.396,0.59,61.65,0
C_2025_01357,Nov-2025,Healthcare,105520.71,35026.28,53495.19,36775.52,41765.66,2,0.4,0.199,0.373,0.637,42.9,0
C_2025_01358,Nov-2025,Wallet,107154.27,52629.01,109578.91,59629.76,73945.89,2,0.4,0.343,0.367,0.604,84.62,0
C_2025_01359,Nov-2025,Wallet,117566.53,45278.24,77857.3,44171.89,55769.14,1,0.2,0.28,0.376,0.556,59.6,0
C_2025_01360,Nov-2025,DeFi,147621.43,66928.1,115521.38,71721.43,84723.64,1,0.2,0.258,0.398,0.635,47.99,0
C_2025_01361,Nov-2025,Token,85149.71,64245.0,142298.4,65907.38,90816.92,3,0.6,0.401,0.357,0.57,82.17,0
C_2025_01362,Nov-2025,Token,61519.58,38175.98,91489.0,47783.88,59149.62,1,0.2,0.392,0.378,0.574,42.87,0
C_2025_01363,Nov-2025,DeFi,128068.39,38717.88,71205.96,35131.59,48351.81,0,0.0,0.336,0.369,0.618,52.56,0
C_2025_01364,Nov-2025,Token,77278.48,33516.18,78936.32,34536.02,48996.18,0,0.0,0.432,0.374,0.625,46.04,0
C_2025_01365,Nov-2025,NFT,168856.16,49616.16,61703.99,54239.46,55186.54,2,0.4,0.09,0.373,0.591,67.35,0
C_2025_01366,Nov-2025,DAO,125056.94,60012.23,138166.24,72058.52,90079.0,2,0.4,0.381,0.376,0.598,75.48,0
C_2025_01367,Nov-2025,DeFi,160152.26,56421.05,112656.53,67010.07,78695.88,3,0.6,0.31,0.362,0.55,70.8,0
C_2025_01368,Nov-2025,Token,68119.56,50599.1,84496.54,53516.31,62870.65,0,0.0,0.244,0.354,0.627,53.73,0
C_2025_01369,Nov-2025,NFT,206606.8,57332.54,103921.4,71696.68,77650.21,1,0.2,0.251,0.395,0.636,49.02,0
C_2025_01370,Nov-2025,NFT,133979.55,57575.8,135610.06,62254.09,85146.65,3,0.6,0.42,0.376,0.629,49.86,0
C_2025_01371,Nov-2025,Marketplace,113481.05,50351.2,79466.58,61314.72,63710.84,1,0.2,0.188,0.388,0.567,74.73,0
C_2025_01372,Nov-2025,Marketplace,98314.06,44068.04,60279.67,56336.62,53561.44,3,0.6,0.129,0.356,0.606,53.58,0
C_2025_01373,Nov-2025,NFT,152695.07,47773.52,333531.57086381165,45328.54,66401.25,5,0.0,0.6378817331227083,0.361,0.606,83.29,1
C_2025_01374,Nov-2025,DAO,103267.39,47993.33,86575.17,57555.72,64041.41,0,0.0,0.256,0.361,0.645,92.48,0
C_2025_01375,Nov-2025,NFT,164017.47,45244.02,74303.93,46477.05,55341.67,3,0.6,0.242,0.395,0.633,49.0,0
C_2025_01376,Nov-2025,Token,61889.52,55069.18,71872.47,64030.52,63657.39,1,0.2,0.108,0.366,0.649,77.31,0
C_2025_01377,Nov-2025,Wallet,99626.84,55542.21,72339.1,56139.88,61340.39,1,0.2,0.127,0.36,0.607,58.05,0
C_2025_01378,Nov-2025,NFT,165882.35,53696.59,311760.1751373867,48620.29,66395.45,6,0.2,0.6478568569380915,0.399,0.629,66.96,1
C_2025_01379,Nov-2025,DeFi,132665.47,43642.73,95420.15,42607.82,60556.9,6,1.0,0.407,0.378,0.629,78.34,0
C_2025_01380,Nov-2025,Token,54290.21,42914.65,66131.94,42443.1,50496.57,1,0.2,0.219,0.387,0.619,53.79,0
C_2025_01381,Nov-2025,Wallet,118481.24,39154.81,85781.23,48966.77,57967.6,6,1.0,0.346,0.398,0.597,83.9,0
C_2025_01382,Nov-2025,NFT,169558.11,42201.67,65534.93,42904.9,50213.83,0,0.0,0.216,0.39,0.551,57.19,0
C_2025_01383,Nov-2025,DAO,113968.32,40326.01,61720.09,40471.16,47505.75,2,0.4,0.212,0.359,0.575,93.56,0
C_2025_01384,Nov-2025,DeFi,153292.44,37093.28,56159.44,40661.06,44637.93,0,0.0,0.185,0.352,0.597,61.93,0
C_2025_01385,Nov-2025,DAO,114945.97,43617.75,108641.99,46158.87,66139.54,4,0.8,0.455,0.356,0.601,55.35,0
C_2025_01386,Nov-2025,Wallet,106913.41,40542.03,55555.51,47823.14,47973.56,2,0.4,0.128,0.357,0.608,94.18,0
C_2025_01387,Nov-2025,DeFi,125787.04,45766.11,106648.63,42512.55,64975.76,2,0.4,0.454,0.365,0.58,56.82,0
C_2025_01388,Nov-2025,NFT,181854.98,54714.7,113294.44,66724.56,78244.56,1,0.2,0.323,0.373,0.628,57.01,0
C_2025_01389,Nov-2025,Wallet,120125.48,52528.7,248651.93497839684,48675.66,63900.19,6,0.2,0.45156337126417706,0.384,0.645,66.71,1
C_2025_01390,Nov-2025,Energy,135148.28,46333.16,61833.76,46398.14,51521.68,2,0.4,0.142,0.36,0.618,82.04,0
C_2025_01391,Nov-2025,NFT,165052.52,56506.97,136200.85,63354.41,85354.08,2,0.4,0.423,0.398,0.562,54.02,0
C_2025_01392,Nov-2025,DeFi,136707.45,59460.14,403218.38630102697,65780.42,87126.71,7,0.4,0.7168123655240737,0.393,0.573,86.68,1
C_2025_01393,Nov-2025,Energy,112863.2,41414.73,97512.64,45117.86,61348.41,4,0.8,0.418,0.359,0.555,53.56,0
C_2025_01394,Nov-2025,NFT,178652.32,41004.77,59064.46,37542.88,45870.7,0,0.0,0.206,0.392,0.609,59.69,0
C_2025_01395,Nov-2025,DAO,110610.06,51679.83,74341.62,60549.52,62190.33,3,0.6,0.15,0.364,0.559,51.6,0
C_2025_01396,Nov-2025,DAO,112480.13,48965.62,63730.84,52440.52,55045.66,7,1.0,0.115,0.354,0.59,75.56,0
C_2025_01397,Nov-2025,NFT,148886.57,43119.2,84109.13,54908.02,60712.11,0,0.0,0.284,0.388,0.622,93.02,0
C_2025_01398,Nov-2025,NFT,146147.29,50796.46,266587.40662005363,61267.68,69674.92,6,0.4,0.562796120172696,0.38,0.583,40.51,1
C_2025_01399,Nov-2025,DeFi,126521.14,48561.95,111475.65,48727.18,69588.26,2,0.4,0.426,0.35,0.578,46.56,0
C_2025_01400,Nov-2025,Token,54918.62,53026.48,88533.85,66007.74,69189.36,2,0.4,0.212,0.37,0.625,44.02,0
C_2025_01401,Nov-2025,Healthcare,113038.23,44528.63,81622.0,54154.21,60101.61,2,0.4,0.261,0.375,0.648,85.71,0
C_2025_01402,Nov-2025,DeFi,126851.38,52814.52,116418.23,53141.41,74124.72,0,0.0,0.403,0.397,0.552,93.1,0
C_2025_01403,Nov-2025,DAO,113704.62,47288.26,73708.17,49193.07,56729.83,0,0.0,0.212,0.379,0.585,76.16,0
C_2025_01404,Nov-2025,Energy,107859.5,42947.67,97028.88,53910.97,64629.17,1,0.2,0.361,0.388,0.579,62.5,0
C_2025_01405,Nov-2025,DAO,96618.48,50585.76,62411.54,48619.1,53872.13,1,0.2,0.113,0.359,0.584,44.28,0
C_2025_01406,Nov-2025,Marketplace,128688.68,41658.42,81871.26,41216.82,54915.5,3,0.6,0.347,0.399,0.627,93.13,0
C_2025_01407,Nov-2025,DeFi,85796.44,62837.88,137117.91,78680.35,92878.71,3,0.6,0.344,0.377,0.568,59.11,0
C_2025_01408,Nov-2025,Marketplace,124649.03,63910.39,270122.8972455567,65852.73,72162.31,5,0.2,0.2548739315051103,0.39,0.647,51.81,1
C_2025_01409,Nov-2025,DAO,107686.33,39283.86,85328.26,39780.41,54797.51,0,0.0,0.394,0.377,0.646,61.52,0
C_2025_01410,Nov-2025,DeFi,136607.42,49399.78,103887.25,58670.58,70652.54,5,1.0,0.337,0.365,0.58,83.06,0
C_2025_01411,Nov-2025,Token,69363.27,35868.66,54669.5,44003.43,44847.2,0,0.0,0.172,0.391,0.61,50.28,0
C_2025_01412,Nov-2025,Wallet,88739.24,52739.31,85464.45,54881.12,64361.62,0,0.0,0.232,0.399,0.553,76.44,0
C_2025_01413,Nov-2025,Token,76654.32,39721.59,66061.88,46454.41,50745.96,2,0.4,0.22,0.383,0.578,41.58,0
C_2025_01414,Nov-2025,Wallet,91724.55,34385.79,62146.34,40641.58,45724.57,1,0.2,0.26,0.353,0.619,71.23,0
C_2025_01415,Nov-2025,Energy,125900.06,42221.32,80159.92,45924.04,56101.76,2,0.4,0.304,0.364,0.564,48.61,0
C_2025_01416,Nov-2025,Token,72155.67,52675.0,91251.28,50979.29,64968.52,5,1.0,0.286,0.355,0.559,79.19,0
C_2025_01417,Nov-2025,Healthcare,109921.54,43807.27,79489.12,44870.97,56055.79,1,0.2,0.296,0.368,0.627,41.67,0
C_2025_01418,Nov-2025,DAO,122040.39,54387.71,131180.33,68012.84,84526.96,1,0.2,0.396,0.354,0.576,45.18,0
C_2025_01419,Nov-2025,DAO,119097.74,47012.38,218192.19340382717,52877.6,59174.1,6,0.2,0.4367253318018378,0.398,0.58,74.5,1
C_2025_01420,Nov-2025,DeFi,120029.49,49031.4,90028.02,60080.0,66379.81,0,0.0,0.261,0.353,0.565,82.04,0
C_2025_01421,Nov-2025,DeFi,137302.63,63417.92,114703.63,79610.43,85910.66,4,0.8,0.249,0.393,0.643,41.31,0
C_2025_01422,Nov-2025,DeFi,139628.19,46935.24,80044.94,44477.71,57152.63,0,0.0,0.284,0.358,0.575,66.87,0
C_2025_01423,Nov-2025,Token,71882.66,27861.4,52333.74,31087.01,37094.05,1,0.2,0.293,0.35,0.56,45.59,0
C_2025_01424,Nov-2025,DeFi,115831.35,55247.07,130555.92,70243.48,85348.82,3,0.6,0.381,0.359,0.631,88.86,0
C_2025_01425,Nov-2025,Token,63273.35,59102.86,370196.40814672696,55499.46,81272.5,4,0.0,0.7237154867862974,0.388,0.593,94.76,1
C_2025_01426,Nov-2025,DAO,125567.57,49364.99,111676.71,62515.67,74519.12,2,0.4,0.36,0.354,0.593,85.56,0
C_2025_01427,Nov-2025,Token,75266.84,49171.3,105649.1,48373.31,67731.24,1,0.2,0.396,0.395,0.58,67.51,0
C_2025_01428,Nov-2025,Energy,95342.86,47687.96,79428.63,46599.42,57905.33,0,0.0,0.263,0.359,0.599,83.89,0
C_2025_01429,Nov-2025,NFT,193693.4,51311.56,104034.59,60328.85,71891.67,2,0.4,0.32,0.353,0.636,82.78,0
C_2025_01430,Nov-2025,DeFi,141942.7,43945.72,53457.13,43369.98,46924.28,0,0.0,0.099,0.389,0.626,84.75,0
C_2025_01431,Nov-2025,Token,65003.78,48482.05,102601.94,46647.51,65910.5,1,0.2,0.394,0.359,0.598,75.95,0
C_2025_01432,Nov-2025,Marketplace,106301.41,47226.0,69222.94,47012.55,54487.17,1,0.2,0.191,0.383,0.594,82.68,0
C_2025_01433,Nov-2025,Wallet,102154.95,53070.59,67054.38,66400.68,62175.21,0,0.0,0.104,0.357,0.552,74.56,0
C_2025_01434,Nov-2025,Wallet,112638.6,50297.59,336269.8108984798,53533.59,74060.67,4,0.2,0.7847132163421621,0.358,0.564,47.28,1
C_2025_01435,Nov-2025,Marketplace,106393.17,46424.18,74216.91,59637.97,60093.02,2,0.4,0.189,0.373,0.582,50.06,0
C_2025_01436,Nov-2025,Token,63023.36,40962.66,59077.72,42828.6,47622.99,0,0.0,0.171,0.373,0.577,59.35,0
C_2025_01437,Nov-2025,DAO,108157.99,43068.42,106733.66,44426.5,64742.86,6,1.0,0.459,0.373,0.649,82.33,0
C_2025_01438,Nov-2025,Token,68044.16,55525.61,121526.26,61592.96,79548.28,4,0.8,0.374,0.352,0.644,72.24,0
C_2025_01439,Nov-2025,Token,58625.75,46332.81,105563.76,57202.87,69699.81,2,0.4,0.369,0.365,0.551,85.85,0
C_2025_01440,Nov-2025,Token,66836.58,44205.09,82013.59,49097.52,58438.73,1,0.2,0.287,0.389,0.555,42.1,0
C_2025_01441,Nov-2025,DeFi,119649.41,49113.28,109320.63,54605.39,71013.1,0,0.0,0.383,0.352,0.611,84.34,0
C_2025_01442,Nov-2025,Marketplace,131230.29,33870.55,75862.52,38754.77,49495.95,1,0.2,0.379,0.381,0.623,74.15,0
C_2025_01443,Nov-2025,DeFi,130800.76,55024.82,114096.34,51711.48,73610.88,2,0.4,0.389,0.352,0.605,44.86,0
C_2025_01444,Nov-2025,DeFi,126600.07,55193.18,117856.88,59434.31,77494.79,1,0.2,0.369,0.366,0.592,48.01,0
C_2025_01445,Nov-2025,Token,61254.62,58197.12,100110.36,73189.97,77165.81,4,0.8,0.225,0.374,0.647,60.48,0
C_2025_01446,Nov-2025,DeFi,112236.69,46010.47,213174.64919180077,55034.13,54365.08,8,0.6,0.21549519995321245,0.352,0.649,58.72,1
C_2025_01447,Nov-2025,NFT,187102.66,47757.74,93635.25,47086.67,62826.55,2,0.4,0.347,0.393,0.589,68.82,0
C_2025_01448,Nov-2025,Energy,99987.94,44471.56,58020.78,50018.02,50836.79,0,0.0,0.109,0.371,0.557,62.29,0
C_2025_01449,Nov-2025,Energy,102332.18,41357.86,96407.76,49567.67,62444.43,0,0.0,0.388,0.354,0.622,61.49,0
C_2025_01450,Nov-2025,Marketplace,106224.78,62241.48,102686.2,67250.81,77392.83,2,0.4,0.233,0.376,0.553,65.76,0
C_2025_01451,Nov-2025,DAO,106371.81,56733.06,136850.66,65370.29,86318.0,2,0.4,0.416,0.362,0.589,49.36,0
C_2025_01452,Nov-2025,Healthcare,70146.63,45278.22,110620.9,48605.77,68168.3,3,0.6,0.441,0.375,0.585,61.99,0
C_2025_01453,Nov-2025,Marketplace,122929.93,46323.57,82816.38,51394.96,60178.3,1,0.2,0.268,0.374,0.627,48.31,0
C_2025_01454,Nov-2025,Marketplace,93375.67,54744.43,127424.53,56432.74,79533.9,1,0.2,0.426,0.359,0.578,62.91,0
C_2025_01455,Nov-2025,DeFi,135539.49,32618.16,64568.71,36749.81,44645.56,1,0.2,0.318,0.356,0.626,86.79,0
C_2025_01456,Nov-2025,Token,60381.26,37920.05,70081.57,42217.56,50073.06,1,0.2,0.285,0.386,0.556,65.76,0
C_2025_01457,Nov-2025,Marketplace,107732.47,60153.5,83842.95,77839.44,73945.3,3,0.6,0.136,0.397,0.603,86.88,0
C_2025_01458,Nov-2025,Token,54770.11,40192.86,99726.63,44563.16,61494.22,0,0.0,0.441,0.361,0.598,42.34,0
C_2025_01459,Nov-2025,DeFi,94258.56,41189.39,91157.76,42918.39,58421.84,1,0.2,0.396,0.38,0.559,80.36,0
C_2025_01460,Nov-2025,Marketplace,100684.68,72671.14,166092.72,92611.34,110458.4,3,0.6,0.364,0.363,0.559,54.95,0
C_2025_01461,Nov-2025,NFT,186072.55,53362.48,118067.71,61496.32,77642.17,2,0.4,0.371,0.392,0.618,78.38,0
C_2025_01462,Nov-2025,DeFi,145126.24,50752.56,245542.37515200977,53414.99,60566.04,8,0.6,0.3259273358019351,0.368,0.639,65.54,1
C_2025_01463,Nov-2025,DeFi,98815.46,51603.6,80484.64,59982.97,64023.73,0,0.0,0.189,0.394,0.628,50.49,0
C_2025_01464,Nov-2025,Wallet,120182.46,62832.79,90472.65,63415.96,72240.47,2,0.4,0.178,0.377,0.627,81.69,0
C_2025_01465,Nov-2025,Energy,125336.79,54198.94,88590.47,67884.16,70224.52,3,0.6,0.201,0.377,0.587,78.36,0
C_2025_01466,Nov-2025,NFT,200061.16,49278.06,102571.99,57843.46,69897.84,0,0.0,0.334,0.399,0.634,83.4,0
C_2025_01467,Nov-2025,DeFi,136339.43,33889.4,46707.53,37799.91,39465.62,0,0.0,0.136,0.378,0.615,61.46,0
C_2025_01468,Nov-2025,DeFi,146041.71,49966.86,67012.16,60794.34,59257.78,0,0.0,0.119,0.352,0.569,82.08,0
C_2025_01469,Nov-2025,DeFi,144906.1,47975.31,90295.27,43604.76,60625.11,1,0.2,0.347,0.389,0.567,59.0,0
C_2025_01470,Nov-2025,Healthcare,123159.36,46575.9,67443.3,56956.37,56991.86,1,0.2,0.149,0.365,0.563,61.06,0
C_2025_01471,Nov-2025,Healthcare,116773.98,40705.99,101474.2,36830.93,59670.37,3,0.6,0.496,0.377,0.597,54.79,0
C_2025_01472,Nov-2025,DeFi,128106.28,45090.95,57191.96,50510.75,50931.22,1,0.2,0.097,0.357,0.643,89.2,0
C_2025_01473,Nov-2025,DAO,103468.71,41378.05,82654.33,38823.97,54285.45,1,0.2,0.37,0.396,0.635,71.89,0
C_2025_01474,Nov-2025,Wallet,119223.39,50290.46,121308.44,64760.64,78786.51,0,0.0,0.389,0.358,0.618,69.78,0
C_2025_01475,Nov-2025,Token,71433.91,47651.7,93958.55,58247.64,66619.29,1,0.2,0.297,0.372,0.596,70.3,0
C_2025_01476,Nov-2025,Token,59090.09,44983.78,84787.39,50151.66,59974.28,2,0.4,0.295,0.38,0.622,41.38,0
C_2025_01477,Nov-2025,Wallet,121727.16,51437.56,62887.84,54630.44,56318.61,2,0.4,0.086,0.399,0.57,43.59,0
C_2025_01478,Nov-2025,DeFi,152642.86,26265.98,60058.42,31398.97,39241.12,1,0.2,0.379,0.374,0.636,89.27,0
C_2025_01479,Nov-2025,Token,53352.68,66830.09,147514.38,79924.02,98089.5,1,0.2,0.36,0.396,0.596,59.98,0
C_2025_01480,Nov-2025,DAO,127590.03,58740.3,230257.89785261577,72531.09,72616.13,5,0.2,0.31109006122238236,0.37,0.623,93.1,1
C_2025_01481,Nov-2025,DAO,88887.81,53873.02,122640.4,62966.53,79826.65,2,0.4,0.382,0.375,0.574,72.46,0
C_2025_01482,Nov-2025,DeFi,101984.23,34094.76,56991.36,30916.17,40667.43,1,0.2,0.286,0.35,0.581,55.32,0
C_2025_01483,Nov-2025,Healthcare,98112.15,47706.23,243541.51418563662,56149.09,64196.12,6,0.6,0.5003003791346422,0.391,0.593,78.59,1
C_2025_01484,Nov-2025,DeFi,100671.17,37564.98,82202.21,36435.58,52067.59,1,0.2,0.409,0.368,0.573,71.87,0
C_2025_01485,Nov-2025,Token,69829.86,55024.63,92103.05,71284.64,72804.1,2,0.4,0.208,0.386,0.625,50.79,0
C_2025_01486,Nov-2025,Marketplace,123516.72,49211.13,91298.93,57743.41,66084.49,2,0.4,0.275,0.379,0.562,77.96,0
C_2025_01487,Nov-2025,Token,58228.81,63952.83,87060.64,68299.25,73104.24,0,0.0,0.137,0.371,0.588,80.61,0
C_2025_01488,Nov-2025,DeFi,137939.5,60848.85,74813.23,77424.62,71028.9,1,0.2,0.102,0.391,0.57,71.86,0
C_2025_01489,Nov-2025,DAO,80683.0,41864.89,98659.97,45002.44,61842.43,0,0.0,0.421,0.397,0.642,77.64,0
C_2025_01490,Nov-2025,DeFi,116546.78,49434.17,110137.97,45983.23,68518.46,0,0.0,0.43,0.377,0.566,40.43,0
C_2025_01491,Nov-2025,Energy,97165.28,48186.58,67878.99,44850.34,53638.64,0,0.0,0.189,0.386,0.631,64.89,0
C_2025_01492,Nov-2025,NFT,164613.17,50058.26,64580.72,50209.79,54949.59,3,0.6,0.124,0.356,0.628,60.01,0
C_2025_01493,Nov-2025,Wallet,111140.33,63826.64,137882.17,80607.67,94105.49,3,0.6,0.337,0.397,0.596,47.02,0
C_2025_01494,Nov-2025,Token,56710.63,48504.25,89892.5,54543.53,64313.43,1,0.2,0.284,0.397,0.627,86.14,0
C_2025_01495,Nov-2025,Token,75423.43,44679.74,269672.65094118664,43805.51,56764.4,4,0.0,0.5336335206523287,0.367,0.564,94.9,1
C_2025_01496,Nov-2025,DeFi,128802.26,45107.16,208372.60994533836,46020.7,57255.63,4,0.2,0.5427050390600361,0.389,0.583,72.52,1
C_2025_01497,Nov-2025,Wallet,117179.01,52652.8,120391.87,60199.19,77747.95,1,0.2,0.39,0.388,0.638,45.71,0
C_2025_01498,Nov-2025,Wallet,125875.11,45586.6,80284.72,47085.99,57652.44,3,0.6,0.278,0.36,0.566,42.33,0
C_2025_01499,Nov-2025,DeFi,155062.76,67638.81,99212.88,79687.43,82179.7,1,0.2,0.158,0.367,0.649,60.58,0
C_2025_01500,Nov-2025,Wallet,106589.75,62542.33,139553.72,75526.7,92540.92,4,0.8,0.364,0.37,0.626,75.8,0
C_2025_01501,Nov-2025,DeFi,113226.52,56575.37,104640.19,67816.83,76344.13,1,0.2,0.269,0.359,0.572,54.18,0
C_2025_01502,Nov-2025,Wallet,112070.74,72767.02,106538.78,67456.62,82254.14,0,0.0,0.21,0.399,0.597,87.7,0
C_2025_01503,Nov-2025,NFT,175791.98,59590.78,343810.0107525432,58226.19,81357.2,6,0.2,0.6528510021444095,0.392,0.558,82.52,1
C_2025_01504,Nov-2025,Token,73263.79,39520.19,72470.26,41358.72,51116.39,2,0.4,0.296,0.396,0.611,84.4,0
C_2025_01505,Nov-2025,DeFi,121542.28,31396.64,73138.66,33466.91,46000.73,1,0.2,0.418,0.358,0.614,79.43,0
C_2025_01506,Nov-2025,DAO,96947.87,52015.04,92536.17,54201.65,66250.95,3,0.6,0.281,0.395,0.597,80.91,0
C_2025_01507,Nov-2025,Wallet,114901.82,43109.7,64975.96,46358.11,51481.26,0,0.0,0.187,0.358,0.559,53.19,0
C_2025_01508,Nov-2025,DeFi,134488.0,45011.22,55712.73,51632.21,50785.39,0,0.0,0.087,0.397,0.643,52.4,0
C_2025_01509,Nov-2025,Marketplace,106022.01,50642.9,122116.49,56172.85,76310.75,0,0.0,0.425,0.367,0.558,61.61,0
C_2025_01510,Nov-2025,Wallet,105681.07,66249.27,112546.83,62781.97,80526.02,1,0.2,0.282,0.39,0.564,72.75,0
C_2025_01511,Nov-2025,Marketplace,95896.64,44604.1,90604.71,48297.36,61168.73,2,0.4,0.341,0.365,0.606,76.82,0
C_2025_01512,Nov-2025,DAO,109605.37,46351.41,59097.5,45172.33,50207.08,3,0.6,0.126,0.371,0.608,48.09,0
C_2025_01513,Nov-2025,DeFi,141608.16,56728.33,134692.53,51248.06,80889.64,0,0.0,0.471,0.391,0.617,89.19,0
C_2025_01514,Nov-2025,DeFi,132009.13,45106.46,87495.72,41239.47,57947.22,2,0.4,0.362,0.364,0.614,65.76,0
C_2025_01515,Nov-2025,Token,61805.95,57254.96,238182.8532210967,74084.85,73297.88,5,0.2,0.2658991230504345,0.389,0.561,41.51,1
C_2025_01516,Nov-2025,DeFi,115851.36,42596.36,251477.35384525012,50445.46,63175.81,8,0.6,0.6680885189941022,0.4,0.621,81.89,1
C_2025_01517,Nov-2025,Marketplace,119447.32,53676.6,131008.07,52838.59,79174.42,2,0.4,0.463,0.38,0.576,58.34,0
C_2025_01518,Nov-2025,Healthcare,125288.76,29579.68,52775.34,32457.14,38270.72,1,0.2,0.27,0.352,0.57,72.01,0
C_2025_01519,Nov-2025,Healthcare,103357.7,53830.59,72193.39,64581.43,63535.14,2,0.4,0.119,0.366,0.579,68.8,0
C_2025_01520,Nov-2025,Marketplace,116260.1,45075.87,84202.39,40758.81,56679.03,2,0.4,0.345,0.361,0.605,93.85,0
C_2025_01521,Nov-2025,DAO,107708.17,46983.89,71222.74,46956.63,55054.42,3,0.6,0.208,0.377,0.614,68.7,0
C_2025_01522,Nov-2025,Token,54365.13,47723.92,87558.36,50610.54,61964.27,2,0.4,0.293,0.354,0.641,69.45,0
C_2025_01523,Nov-2025,Healthcare,140552.65,63698.44,147711.11,59815.64,90408.4,1,0.2,0.449,0.393,0.644,94.6,0
C_2025_01524,Nov-2025,NFT,195587.95,46227.4,109117.61,45059.41,66801.48,3,0.6,0.448,0.373,0.588,71.77,0
C_2025_01525,Nov-2025,DeFi,125083.07,49666.72,359399.7107361436,55498.39,76314.79,7,0.4,0.6905830516381211,0.359,0.631,54.35,1
C_2025_01526,Nov-2025,NFT,162069.43,56774.17,70578.46,62837.98,63396.87,0,0.0,0.089,0.388,0.614,90.8,0
C_2025_01527,Nov-2025,DeFi,121055.13,54229.08,121484.29,62726.49,79479.95,3,0.6,0.376,0.382,0.58,50.04,0
C_2025_01528,Nov-2025,Wallet,93804.2,54729.72,71361.51,49268.88,58453.37,1,0.2,0.161,0.388,0.588,66.73,0
C_2025_01529,Nov-2025,Healthcare,130817.15,41436.25,68907.7,53266.6,54536.85,4,0.8,0.206,0.387,0.62,88.99,0
C_2025_01530,Nov-2025,DeFi,145262.97,46296.67,97543.62,54470.56,66103.62,3,0.6,0.34,0.381,0.589,94.43,0
C_2025_01531,Nov-2025,DAO,91358.69,49031.74,83178.18,56952.1,63054.01,0,0.0,0.231,0.38,0.643,86.77,0
C_2025_01532,Nov-2025,DeFi,117235.32,54005.99,65678.89,52305.5,57330.13,1,0.2,0.104,0.362,0.626,72.24,0
C_2025_01533,Nov-2025,Token,70638.32,56476.34,71486.72,70991.01,66318.02,1,0.2,0.105,0.382,0.567,93.69,0
C_2025_01534,Nov-2025,Token,59410.42,49850.34,120560.09,56555.57,75655.33,3,0.6,0.421,0.363,0.597,44.21,0
C_2025_01535,Nov-2025,Token,58561.99,62466.36,334742.32511016907,56304.15,71957.5,8,0.6,0.43894404185192054,0.361,0.612,40.67,1
C_2025_01536,Nov-2025,DeFi,163307.21,48601.11,116334.01,51154.33,72029.82,3,0.6,0.435,0.366,0.639,42.71,0
C_2025_01537,Nov-2025,Marketplace,108201.46,58898.34,70986.21,62471.0,64118.52,0,0.0,0.079,0.381,0.618,66.81,0
C_2025_01538,Nov-2025,Wallet,111334.68,47381.4,108723.74,56295.24,70800.13,1,0.2,0.382,0.394,0.582,40.74,0
C_2025_01539,Nov-2025,Token,55439.13,55537.88,84821.21,60349.52,66902.87,1,0.2,0.192,0.391,0.579,84.47,0
C_2025_01540,Nov-2025,Token,63915.19,56287.94,94257.87,68721.3,73089.04,3,0.6,0.216,0.392,0.57,91.28,0
C_2025_01541,Nov-2025,Healthcare,120119.68,42805.06,67206.17,43965.69,51325.64,2,0.4,0.219,0.394,0.581,78.06,0
C_2025_01542,Nov-2025,DAO,102493.81,53631.91,92287.98,58626.49,68182.13,1,0.2,0.252,0.384,0.572,79.02,0
C_2025_01543,Nov-2025,NFT,177121.45,55662.33,381366.0686830471,51630.88,72777.34,7,0.4,0.6440321510043516,0.399,0.61,79.86,1
C_2025_01544,Nov-2025,Token,59477.19,49313.09,110307.42,45072.14,68230.88,1,0.2,0.437,0.393,0.566,68.28,0
C_2025_01545,Nov-2025,Healthcare,98031.47,68258.74,112148.6,74205.83,84871.06,1,0.2,0.229,0.368,0.607,53.09,0
C_2025_01546,Nov-2025,NFT,175010.79,52423.7,195195.29378475776,57185.17,61916.54,5,0.2,0.31967744997625663,0.384,0.605,49.33,1
C_2025_01547,Nov-2025,Healthcare,104386.43,59061.62,93432.09,72719.62,75071.11,5,1.0,0.188,0.389,0.611,43.82,0
C_2025_01548,Nov-2025,Token,58212.98,50139.43,108137.28,56086.0,71454.24,1,0.2,0.365,0.38,0.571,73.77,0
C_2025_01549,Nov-2025,NFT,194235.2,57706.04,130392.34,71637.43,86578.6,0,0.0,0.364,0.367,0.619,67.42,0
C_2025_01550,Nov-2025,Token,66834.55,39234.01,67861.74,41431.71,49509.15,2,0.4,0.263,0.353,0.636,92.83,0
C_2025_01551,Nov-2025,Token,56812.13,61373.97,423863.8173950418,71508.12,93806.06,8,0.6,0.6769288577969785,0.359,0.579,82.8,1
C_2025_01552,Nov-2025,Token,67476.45,54346.72,98080.92,50792.64,67740.09,0,0.0,0.317,0.369,0.596,73.5,0
C_2025_01553,Nov-2025,Token,73039.44,46857.59,284390.6562588013,44616.66,60096.93,7,0.6,0.5254588728279574,0.354,0.616,90.12,1
C_2025_01554,Nov-2025,NFT,170042.66,46589.39,110556.65,47229.42,68125.15,2,0.4,0.44,0.371,0.58,42.67,0
C_2025_01555,Nov-2025,DeFi,142881.0,56819.27,117726.31,65765.66,80103.75,1,0.2,0.335,0.39,0.599,56.88,0
C_2025_01556,Nov-2025,DAO,123344.56,45587.87,109152.91,57381.48,70707.42,3,0.6,0.39,0.39,0.571,54.7,0
C_2025_01557,Nov-2025,DeFi,131331.88,37353.25,60451.6,35921.22,44575.36,3,0.6,0.252,0.36,0.567,71.66,0
C_2025_01558,Nov-2025,Token,81452.69,46233.2,103239.42,55504.02,68325.55,2,0.4,0.366,0.378,0.561,55.89,0
C_2025_01559,Nov-2025,NFT,165765.1,39567.97,53202.37,36115.14,42961.83,3,0.6,0.172,0.356,0.579,47.12,0
C_2025_01560,Nov-2025,DAO,115750.37,55325.2,80884.62,57345.88,64518.57,3,0.6,0.18,0.361,0.628,77.72,0
C_2025_01561,Nov-2025,Token,69413.44,65175.11,125960.8,77837.27,89657.72,1,0.2,0.292,0.394,0.581,70.05,0
C_2025_01562,Nov-2025,Token,49756.91,36282.86,83282.41,44344.96,54636.75,2,0.4,0.376,0.38,0.638,88.61,0
C_2025_01563,Nov-2025,NFT,171560.52,42482.52,76644.35,54846.89,57991.25,2,0.4,0.244,0.378,0.56,85.89,0
C_2025_01564,Nov-2025,Marketplace,106962.32,62949.34,110663.31,79249.17,84287.28,1,0.2,0.235,0.397,0.631,85.13,0
C_2025_01565,Nov-2025,DeFi,124248.73,47378.93,58457.95,47133.35,50990.08,1,0.2,0.104,0.386,0.575,61.74,0
C_2025_01566,Nov-2025,Token,53165.54,42644.58,176469.90232688776,46736.66,48877.37,6,0.4,0.23288491336619796,0.377,0.553,74.04,1
C_2025_01567,Nov-2025,DeFi,132205.13,45506.12,95132.32,44555.37,61731.27,3,0.6,0.383,0.379,0.641,57.64,0
C_2025_01568,Nov-2025,Healthcare,118885.05,55359.08,133361.95,52434.04,80385.02,1,0.2,0.466,0.359,0.618,69.18,0
C_2025_01569,Nov-2025,Token,63142.12,46393.82,87057.26,57571.95,63674.34,2,0.4,0.269,0.365,0.562,62.5,0
C_2025_01570,Nov-2025,Wallet,86976.39,37268.01,46867.66,42322.45,42152.71,1,0.2,0.093,0.397,0.56,87.02,0
C_2025_01571,Nov-2025,Healthcare,126025.69,43796.97,75430.15,40659.49,53295.54,1,0.2,0.295,0.396,0.555,66.36,0
C_2025_01572,Nov-2025,DeFi,119131.53,62110.35,92072.61,74758.28,76313.75,3,0.6,0.161,0.368,0.576,81.31,0
C_2025_01573,Nov-2025,Wallet,99963.94,35068.41,160162.7244937509,41558.33,45703.97,8,0.8,0.4176829367395601,0.353,0.56,42.09,1
C_2025_01574,Nov-2025,DeFi,149261.2,48638.62,78162.66,51248.77,59350.01,3,0.6,0.225,0.356,0.552,45.89,0
C_2025_01575,Nov-2025,Token,68573.12,35690.72,45798.33,34066.47,38518.51,0,0.0,0.135,0.382,0.612,70.29,0
C_2025_01576,Nov-2025,DeFi,119542.48,39202.85,51971.09,38833.73,43335.89,5,1.0,0.141,0.4,0.56,77.55,0
C_2025_01577,Nov-2025,NFT,162416.01,38482.36,78493.02,41352.95,52776.11,1,0.2,0.345,0.367,0.646,83.92,0
C_2025_01578,Nov-2025,Token,53783.85,48451.18,109224.51,46652.33,68109.34,0,0.0,0.427,0.368,0.638,47.25,0
C_2025_01579,Nov-2025,NFT,174662.34,41531.55,209223.39899021017,46826.46,51039.85,5,0.2,0.35259564469640614,0.356,0.564,85.16,1
C_2025_01580,Nov-2025,DAO,106519.64,53374.62,71922.23,49177.59,58158.15,2,0.4,0.17,0.384,0.621,91.44,0
C_2025_01581,Nov-2025,Wallet,114213.1,61009.86,79847.41,61578.77,67478.68,1,0.2,0.13,0.363,0.557,80.19,0
C_2025_01582,Nov-2025,DeFi,123492.9,35359.15,48299.42,43174.2,42277.59,4,0.8,0.126,0.379,0.643,57.77,0
C_2025_01583,Nov-2025,DeFi,123347.13,48951.14,96236.05,58191.63,67792.94,1,0.2,0.302,0.372,0.568,76.42,0
C_2025_01584,Nov-2025,Token,58932.29,42164.67,97239.25,45680.66,61694.86,0,0.0,0.408,0.375,0.558,94.19,0
C_2025_01585,Nov-2025,Wallet,91692.62,54417.0,105178.97,50648.45,70081.47,3,0.6,0.355,0.366,0.554,75.83,0
C_2025_01586,Nov-2025,NFT,129645.51,65576.36,156066.5,63422.28,95021.71,0,0.0,0.454,0.354,0.572,41.83,0
C_2025_01587,Nov-2025,NFT,135220.62,50243.39,209457.10012971982,60293.76,60872.57,5,0.0,0.22595880001863752,0.384,0.585,68.15,1
C_2025_01588,Nov-2025,DAO,124078.75,50007.0,98232.09,50544.49,66261.19,3,0.6,0.341,0.354,0.583,52.8,0
C_2025_01589,Nov-2025,NFT,157817.91,44203.74,64297.55,42092.99,50198.1,1,0.2,0.199,0.36,0.575,91.32,0
C_2025_01590,Nov-2025,Wallet,119134.05,55375.01,73991.3,68361.78,65909.36,1,0.2,0.118,0.379,0.632,82.83,0
C_2025_01591,Nov-2025,DeFi,123478.98,38038.42,46369.48,47613.78,44007.23,0,0.0,0.097,0.393,0.583,60.25,0
C_2025_01592,Nov-2025,Token,64299.57,48135.38,113352.7,43813.74,68433.94,1,0.2,0.465,0.369,0.567,53.87,0
C_2025_01593,Nov-2025,Token,63620.39,58145.91,315636.34880830557,66038.36,71551.88,4,0.0,0.380176926635295,0.363,0.605,53.06,1
C_2025_01594,Nov-2025,Token,64231.27,66183.54,145841.1,84668.45,98897.7,0,0.0,0.344,0.367,0.582,48.32,0
C_2025_01595,Nov-2025,DeFi,138854.9,55638.94,101805.53,62043.45,73162.64,0,0.0,0.279,0.378,0.629,71.56,0
C_2025_01596,Nov-2025,Healthcare,120345.34,40339.16,67363.78,45097.14,50933.36,1,0.2,0.231,0.386,0.638,40.29,0
C_2025_01597,Nov-2025,DAO,110240.17,56029.15,118274.82,69602.21,81302.06,2,0.4,0.329,0.358,0.616,87.86,0
C_2025_01598,Nov-2025,DAO,113495.4,56361.87,106137.07,58196.86,73565.27,3,0.6,0.313,0.38,0.589,93.07,0
C_2025_01599,Nov-2025,Wallet,118192.47,50894.28,61575.4,57463.11,56644.26,3,0.6,0.078,0.35,0.597,41.61,0
C_2025_01600,Nov-2025,NFT,160689.74,49643.46,315163.8612672653,52224.05,65043.62,5,0.0,0.47014583503134283,0.367,0.589,94.45,1
C_2025_01601,Nov-2025,Token,66758.06,38531.49,95693.35,46885.41,60370.08,4,0.8,0.418,0.372,0.631,67.79,0
C_2025_01602,Nov-2025,Marketplace,122430.99,56835.5,86930.46,71060.28,71608.75,1,0.2,0.172,0.393,0.592,81.27,0
C_2025_01603,Nov-2025,NFT,131687.62,57044.64,128512.4,64676.52,83411.19,1,0.2,0.384,0.395,0.554,87.48,0
C_2025_01604,Nov-2025,Energy,126312.62,39070.31,93724.18,37534.17,56776.22,3,0.6,0.46,0.381,0.626,86.26,0
C_2025_01605,Nov-2025,Token,59426.36,59995.21,149732.71,64422.92,91383.61,0,0.0,0.452,0.368,0.563,46.68,0
C_2025_01606,Nov-2025,Wallet,108382.24,49472.45,103648.04,45989.37,66369.95,0,0.0,0.398,0.355,0.556,54.73,0
C_2025_01607,Nov-2025,DAO,115877.9,50606.31,118328.87,63276.79,77403.99,0,0.0,0.38,0.363,0.558,82.82,0
C_2025_01608,Nov-2025,Token,65787.21,44026.95,67019.5,43911.52,51652.65,5,1.0,0.21,0.397,0.578,72.74,0
C_2025_01609,Nov-2025,Healthcare,99277.03,62695.2,146933.74,80997.26,96875.4,1,0.2,0.373,0.374,0.635,75.5,0
C_2025_01610,Nov-2025,Marketplace,110662.42,45232.74,55296.58,54795.58,51774.97,1,0.2,0.089,0.39,0.555,48.72,0
C_2025_01611,Nov-2025,DAO,93362.13,45809.25,75093.82,59518.59,60140.55,4,0.8,0.199,0.362,0.633,77.38,0
C_2025_01612,Nov-2025,Token,60027.25,39334.26,73111.59,43710.44,52052.1,3,0.6,0.288,0.387,0.643,89.92,0
C_2025_01613,Nov-2025,Token,43913.29,42885.04,87192.11,54802.09,61626.41,0,0.0,0.304,0.373,0.569,89.18,0
C_2025_01614,Nov-2025,Energy,109704.21,54301.36,72503.9,65928.25,64244.51,2,0.4,0.117,0.399,0.606,71.12,0
C_2025_01615,Nov-2025,Healthcare,118388.97,36599.35,64837.04,37363.42,46266.6,0,0.0,0.284,0.363,0.57,69.81,0
C_2025_01616,Nov-2025,DeFi,154111.29,62041.91,105758.83,66291.28,78030.67,3,0.6,0.252,0.382,0.555,75.93,0
C_2025_01617,Nov-2025,DeFi,108504.39,67533.11,130538.98,65033.11,87701.73,3,0.6,0.346,0.357,0.618,57.17,0
C_2025_01618,Nov-2025,Marketplace,113193.03,55097.74,112365.84,61916.69,76460.09,0,0.0,0.334,0.397,0.613,94.67,0
C_2025_01619,Nov-2025,DeFi,157254.19,52584.33,66943.66,60613.67,60047.22,3,0.6,0.098,0.399,0.65,44.16,0
C_2025_01620,Nov-2025,NFT,171923.82,52550.62,110149.73,54402.73,72367.69,1,0.2,0.369,0.375,0.593,57.93,0
C_2025_01621,Nov-2025,DeFi,116568.13,52825.78,387528.4779809041,68263.43,77898.63,7,0.6,0.520982219990002,0.376,0.555,91.99,1
C_2025_01622,Nov-2025,Token,57188.6,57802.69,354434.539616012,64856.58,81904.08,5,0.0,0.7105817036288701,0.397,0.595,80.39,1
C_2025_01623,Nov-2025,Token,85025.9,50195.84,79992.37,49199.15,59795.79,2,0.4,0.239,0.384,0.619,42.53,0
C_2025_01624,Nov-2025,DeFi,115594.7,35959.18,47680.43,35756.39,39798.67,0,0.0,0.14,0.4,0.624,44.81,0
C_2025_01625,Nov-2025,NFT,203590.39,47575.26,114205.3,54222.48,72001.01,0,0.0,0.416,0.389,0.646,71.91,0
C_2025_01626,Nov-2025,Wallet,96459.78,60108.31,101942.86,71761.02,77937.4,3,0.6,0.226,0.361,0.603,49.71,0
C_2025_01627,Nov-2025,DAO,93146.62,57279.92,127676.51,70067.33,85007.92,1,0.2,0.36,0.382,0.649,74.24,0
C_2025_01628,Nov-2025,DeFi,114776.25,45205.58,102027.48,55960.99,67731.35,1,0.2,0.364,0.362,0.641,67.65,0
C_2025_01629,Nov-2025,Healthcare,98374.7,64317.59,129942.02,67812.75,87357.45,1,0.2,0.345,0.38,0.579,48.21,0
C_2025_01630,Nov-2025,DeFi,112465.29,35506.88,71627.66,44945.02,50693.19,0,0.0,0.302,0.362,0.569,67.63,0
C_2025_01631,Nov-2025,Token,78119.65,45973.15,175022.1045047134,52308.22,55979.05,8,1.0,0.2767509342538354,0.36,0.551,78.88,1
C_2025_01632,Nov-2025,NFT,201464.54,55881.93,134446.26,64752.86,85027.02,2,0.4,0.413,0.377,0.588,40.08,0
C_2025_01633,Nov-2025,Token,72249.11,56674.72,123044.62,58828.83,79516.06,1,0.2,0.387,0.351,0.606,46.81,0
C_2025_01634,Nov-2025,DeFi,132032.77,48218.01,58457.5,61892.81,56189.44,2,0.4,0.103,0.379,0.585,86.39,0
C_2025_01635,Nov-2025,Marketplace,94032.21,43832.01,101463.17,46017.53,63770.9,0,0.0,0.418,0.37,0.615,53.99,0
C_2025_01636,Nov-2025,Token,59784.38,49199.78,96653.98,59163.62,68339.12,1,0.2,0.299,0.354,0.57,48.51,0
C_2025_01637,Nov-2025,Wallet,143261.48,36120.19,259884.34432440056,33566.23,52529.78,5,0.4,0.8651551681282107,0.394,0.571,42.24,1
C_2025_01638,Nov-2025,DAO,95926.78,60438.19,73907.87,60471.41,64939.16,1,0.2,0.098,0.359,0.591,66.54,0
C_2025_01639,Nov-2025,DAO,115338.3,49693.91,62572.36,63627.45,58631.24,2,0.4,0.108,0.373,0.638,89.28,0
C_2025_01640,Nov-2025,DeFi,119207.91,44999.14,83028.17,56703.9,61577.07,1,0.2,0.258,0.385,0.628,71.02,0
C_2025_01641,Nov-2025,Healthcare,115087.42,49291.6,98323.43,58727.3,68780.78,2,0.4,0.309,0.362,0.621,68.68,0
C_2025_01642,Nov-2025,Token,55888.43,57242.92,113245.98,61683.45,77390.78,1,0.2,0.328,0.386,0.631,54.3,0
C_2025_01643,Nov-2025,Energy,122330.63,39829.73,83812.13,47064.39,56902.08,2,0.4,0.338,0.363,0.566,78.09,0
C_2025_01644,Nov-2025,DeFi,133957.29,51928.61,123521.0,55223.06,76890.89,1,0.2,0.429,0.351,0.628,44.11,0
C_2025_01645,Nov-2025,Wallet,100216.19,56503.38,117302.44,51829.88,75211.9,1,0.2,0.397,0.385,0.572,43.76,0
C_2025_01646,Nov-2025,DeFi,110778.78,49426.35,106181.5,49180.52,68262.79,1,0.2,0.393,0.364,0.588,84.86,0
C_2025_01647,Nov-2025,Energy,100418.33,35501.64,67646.85,37240.14,46796.21,1,0.2,0.315,0.372,0.588,75.62,0
C_2025_01648,Nov-2025,DeFi,130176.05,54219.51,134623.78,55352.68,81398.66,0,0.0,0.462,0.358,0.59,57.4,0
C_2025_01649,Nov-2025,DAO,108221.86,42906.68,70347.67,40720.49,51324.94,2,0.4,0.263,0.386,0.611,63.49,0
C_2025_01650,Nov-2025,DeFi,120130.63,39512.7,77829.73,41105.12,52815.85,0,0.0,0.335,0.356,0.638,64.22,0
C_2025_01651,Nov-2025,Marketplace,107845.64,68752.43,160491.31,76918.43,102054.05,3,0.6,0.406,0.359,0.629,85.97,0
C_2025_01652,Nov-2025,Token,82216.59,64287.55,129958.11,69150.67,87798.78,1,0.2,0.34,0.398,0.625,74.71,0
C_2025_01653,Nov-2025,Wallet,99244.0,46115.28,79878.39,53707.27,59900.31,2,0.4,0.241,0.391,0.553,64.78,0
C_2025_01654,Nov-2025,NFT,180638.98,62638.46,128215.84,69320.13,86724.81,1,0.2,0.34,0.375,0.559,48.79,0
C_2025_01655,Nov-2025,DeFi,113979.04,47098.7,115523.39,60225.86,74282.65,1,0.2,0.399,0.377,0.632,74.51,0
C_2025_01656,Nov-2025,Wallet,110793.13,63424.44,150556.61,80129.08,98036.71,3,0.6,0.385,0.366,0.568,89.27,0
C_2025_01657,Nov-2025,Wallet,104423.76,52304.72,129522.06,62367.35,81398.05,1,0.2,0.421,0.375,0.62,69.86,0
C_2025_01658,Nov-2025,DAO,122239.14,54277.63,91546.73,67275.36,71033.24,0,0.0,0.217,0.364,0.554,60.04,0
C_2025_01659,Nov-2025,Wallet,124499.3,46197.41,94661.73,49647.85,63502.33,1,0.2,0.348,0.359,0.613,75.28,0
C_2025_01660,Nov-2025,NFT,165176.74,61104.7,130722.52,71711.99,87846.4,1,0.2,0.349,0.378,0.61,94.93,0
C_2025_01661,Nov-2025,Wallet,111330.04,38588.29,63672.25,42846.78,48369.11,1,0.2,0.227,0.379,0.584,50.01,0
C_2025_01662,Nov-2025,DeFi,124942.59,48946.36,119212.53,55429.76,74529.55,3,0.6,0.425,0.379,0.599,80.33,0
C_2025_01663,Nov-2025,Token,51763.92,53862.79,74826.26,61535.53,63408.19,1,0.2,0.137,0.37,0.601,85.48,0
C_2025_01664,Nov-2025,NFT,170637.61,45117.74,102392.59,52308.14,66606.16,2,0.4,0.382,0.375,0.648,92.09,0
C_2025_01665,Nov-2025,Token,57436.25,47022.92,76335.45,42894.0,55417.46,0,0.0,0.269,0.37,0.644,87.92,0
C_2025_01666,Nov-2025,Wallet,143610.52,53930.92,65133.1,53186.7,57416.91,0,0.0,0.095,0.388,0.565,87.8,0
C_2025_01667,Nov-2025,Token,55098.86,55244.54,77620.59,63589.22,65484.78,3,0.6,0.141,0.366,0.65,81.19,0
C_2025_01668,Nov-2025,DeFi,111021.82,65086.31,130406.8,67471.49,87654.86,0,0.0,0.345,0.37,0.643,74.45,0
C_2025_01669,Nov-2025,DeFi,116433.99,43473.7,68958.77,49163.57,53865.35,2,0.4,0.203,0.366,0.628,49.64,0
C_2025_01670,Nov-2025,Token,70234.85,59031.65,123268.18,64499.25,82266.36,1,0.2,0.353,0.393,0.556,48.18,0
C_2025_01671,Nov-2025,DeFi,153685.51,54051.72,70220.05,68554.12,64275.3,3,0.6,0.113,0.366,0.599,90.39,0
C_2025_01672,Nov-2025,DeFi,117021.86,43853.96,69594.65,47209.86,53552.82,1,0.2,0.213,0.381,0.626,80.46,0
C_2025_01673,Nov-2025,DAO,139434.34,58306.84,73954.24,58430.77,63563.95,4,0.8,0.116,0.392,0.604,68.43,0
C_2025_01674,Nov-2025,DeFi,131062.88,50792.01,120976.13,50146.89,73971.68,2,0.4,0.449,0.39,0.568,84.45,0
C_2025_01675,Nov-2025,NFT,150477.05,53581.38,97269.51,62838.21,71229.7,3,0.6,0.264,0.375,0.556,90.72,0
C_2025_01676,Nov-2025,DAO,111381.83,39506.11,88676.9,38960.18,55714.4,1,0.2,0.418,0.388,0.606,87.08,0
C_2025_01677,Nov-2025,Healthcare,113494.63,56180.33,120394.94,62904.45,79826.57,3,0.6,0.361,0.366,0.589,63.95,0
C_2025_01678,Nov-2025,DeFi,129956.27,43617.42,80369.84,49522.24,57836.5,1,0.2,0.279,0.394,0.646,72.1,0
C_2025_01679,Nov-2025,Token,57013.32,60023.11,83510.46,57464.17,66999.25,0,0.0,0.175,0.352,0.64,69.74,0
C_2025_01680,Nov-2025,Wallet,120516.98,54272.92,120974.51,68006.26,81084.56,4,0.8,0.355,0.384,0.619,89.82,0
C_2025_01681,Nov-2025,DeFi,148146.82,35516.67,147068.24496015854,36682.68,38460.69,5,0.0,0.14362641980475493,0.376,0.632,51.35,1
C_2025_01682,Nov-2025,DAO,92767.27,51065.09,69289.96,56396.21,58917.09,0,0.0,0.13,0.379,0.553,45.87,0
C_2025_01683,Nov-2025,DeFi,162962.26,59615.73,73785.38,67327.07,66909.39,2,0.4,0.087,0.38,0.617,42.05,0
C_2025_01684,Nov-2025,Wallet,113483.3,52506.91,113858.85,60560.04,75641.93,3,0.6,0.36,0.369,0.64,40.94,0
C_2025_01685,Nov-2025,DeFi,132356.48,50549.45,107068.61,65591.18,74403.08,1,0.2,0.321,0.391,0.578,64.53,0
C_2025_01686,Nov-2025,DeFi,113251.86,42747.94,75271.75,44949.49,54323.06,2,0.4,0.273,0.361,0.617,76.87,0
C_2025_01687,Nov-2025,Marketplace,110838.66,59398.38,311992.6080847103,55629.47,78093.85,4,0.2,0.5963605456701849,0.363,0.6,84.69,1
C_2025_01688,Nov-2025,Wallet,116782.97,62113.98,118093.81,66519.25,82242.35,2,0.4,0.309,0.362,0.611,68.76,0
C_2025_01689,Nov-2025,NFT,195066.27,60124.18,77525.02,62819.09,66822.76,3,0.6,0.114,0.372,0.586,77.52,0
C_2025_01690,Nov-2025,DeFi,128582.4,52574.11,216926.53315185703,66193.2,62036.34,4,0.0,0.175890914211236,0.398,0.616,91.79,1
C_2025_01691,Nov-2025,DeFi,85868.11,44379.89,72380.94,56942.18,57901.0,2,0.4,0.198,0.387,0.623,63.38,0
C_2025_01692,Nov-2025,DeFi,127313.36,49236.73,109999.11,56558.42,71931.42,1,0.2,0.377,0.352,0.567,64.93,0
C_2025_01693,Nov-2025,Energy,100082.1,43064.21,100694.86,47631.39,63796.82,1,0.2,0.41,0.368,0.598,50.25,0
C_2025_01694,Nov-2025,Wallet,114300.64,49055.44,64169.93,56779.54,56668.3,3,0.6,0.109,0.36,0.639,90.14,0
C_2025_01695,Nov-2025,DAO,126561.48,54474.84,117769.74,63448.41,78564.33,3,0.6,0.356,0.387,0.597,56.21,0
C_2025_01696,Nov-2025,Energy,117496.9,57671.6,139481.16,55720.95,84291.24,1,0.2,0.463,0.395,0.56,76.09,0
C_2025_01697,Nov-2025,Token,60319.49,59390.74,144935.94,73661.87,92662.85,1,0.2,0.404,0.365,0.578,88.95,0
C_2025_01698,Nov-2025,DeFi,168131.6,37921.61,50086.3,39855.58,42621.16,1,0.2,0.125,0.383,0.62,47.52,0
C_2025_01699,Nov-2025,DeFi,138509.96,57955.32,136530.98,62576.35,85687.55,3,0.6,0.42,0.397,0.622,91.05,0
C_2025_01700,Nov-2025,DeFi,137008.06,60155.61,81246.68,61153.72,67518.67,2,0.4,0.144,0.385,0.623,55.7,0
C_2025_01701,Nov-2025,Wallet,106553.53,35055.5,43059.57,42617.99,40244.35,2,0.4,0.091,0.383,0.582,68.4,0
C_2025_01702,Nov-2025,Token,49290.64,44620.73,102742.68,48788.44,65383.95,1,0.2,0.405,0.357,0.648,72.33,0
C_2025_01703,Nov-2025,Wallet,148238.9,60755.47,89908.95,72146.0,74270.14,0,0.0,0.162,0.379,0.607,90.28,0
C_2025_01704,Nov-2025,Token,56003.83,50649.0,98490.99,47434.36,65524.78,0,0.0,0.356,0.352,0.601,44.65,0
C_2025_01705,Nov-2025,Token,71003.76,49575.58,105878.07,46153.12,67202.26,1,0.2,0.407,0.395,0.553,84.68,0
C_2025_01706,Nov-2025,NFT,207692.18,67537.62,165140.09,80981.51,104553.07,2,0.4,0.413,0.381,0.582,71.36,0
C_2025_01707,Nov-2025,DeFi,121628.86,46703.17,78749.08,55843.72,60431.99,3,0.6,0.223,0.395,0.607,82.92,0
C_2025_01708,Nov-2025,DeFi,120084.67,56393.97,106467.69,72420.68,78427.45,0,0.0,0.266,0.384,0.646,56.53,0
C_2025_01709,Nov-2025,Token,58393.7,56075.54,91638.7,51271.19,66328.48,3,0.6,0.271,0.354,0.625,79.96,0
C_2025_01710,Nov-2025,Token,66851.4,53313.61,121411.27,63890.07,79538.32,3,0.6,0.376,0.37,0.558,55.99,0
C_2025_01711,Nov-2025,Marketplace,89159.28,52707.78,78408.41,58556.1,63224.1,0,0.0,0.174,0.39,0.598,71.56,0
C_2025_01712,Nov-2025,DeFi,123472.1,43001.79,74527.12,52603.45,56710.79,1,0.2,0.233,0.381,0.574,94.35,0
C_2025_01713,Nov-2025,NFT,176671.75,54778.88,115505.29,66861.58,79048.59,4,0.8,0.332,0.392,0.617,80.31,0
C_2025_01714,Nov-2025,Token,59940.39,39552.0,55036.28,43598.41,46062.23,3,0.6,0.142,0.367,0.633,73.83,0
C_2025_01715,Nov-2025,Token,56331.23,58307.09,111554.87,67263.92,79041.96,7,1.0,0.295,0.371,0.574,40.23,0
C_2025_01716,Nov-2025,DAO,103254.87,63275.36,101642.19,76227.08,80381.54,4,0.8,0.198,0.361,0.571,62.51,0
C_2025_01717,Nov-2025,Marketplace,103549.88,45821.53,97703.21,47699.94,63741.56,1,0.2,0.377,0.37,0.56,69.32,0
C_2025_01718,Nov-2025,DeFi,131568.13,48842.51,259852.627390736,58102.43,67177.5,4,0.2,0.4973840214310678,0.355,0.602,68.3,1
C_2025_01719,Nov-2025,Token,78487.49,48211.27,110030.44,57868.75,72036.82,0,0.0,0.377,0.381,0.558,78.2,0
C_2025_01720,Nov-2025,Healthcare,98379.05,47509.05,110252.63,54426.52,70729.4,1,0.2,0.397,0.377,0.642,72.8,0
C_2025_01721,Nov-2025,DeFi,150501.2,52505.14,98877.84,49167.21,66850.07,3,0.6,0.339,0.389,0.616,51.87,0
C_2025_01722,Nov-2025,Token,76077.04,46158.39,112601.31,43000.17,67253.29,1,0.2,0.477,0.361,0.601,73.33,0
C_2025_01723,Nov-2025,DAO,114342.89,40221.1,199425.20977357475,41585.85,50793.13,7,0.4,0.41441835809386945,0.398,0.631,81.31,1
C_2025_01724,Nov-2025,Energy,102903.81,61103.72,441945.2994586871,64446.59,86193.22,4,0.2,0.7528242379720148,0.365,0.605,57.56,1
C_2025_01725,Nov-2025,DeFi,125904.26,28159.06,65139.2,31236.19,41511.48,1,0.2,0.404,0.37,0.602,81.04,0
C_2025_01726,Nov-2025,DAO,106478.82,46804.6,79265.94,48871.46,58314.0,2,0.4,0.254,0.375,0.612,52.77,0
C_2025_01727,Nov-2025,Token,68021.69,64027.0,114020.28,78363.52,85470.27,1,0.2,0.246,0.378,0.611,88.13,0
C_2025_01728,Nov-2025,DeFi,135816.72,59700.68,130096.37,64078.4,84625.15,1,0.2,0.381,0.354,0.633,43.28,0
C_2025_01729,Nov-2025,DeFi,136918.42,45876.52,154062.85538638337,46471.16,49155.95,8,0.6,0.1381139577664665,0.375,0.623,67.42,1
C_2025_01730,Nov-2025,DeFi,142710.04,51848.86,89277.84,54651.29,65259.33,0,0.0,0.261,0.381,0.553,67.73,0
C_2025_01731,Nov-2025,DeFi,133377.84,60978.96,292150.8230850826,74056.96,76528.48,6,0.2,0.299503588671016,0.381,0.567,89.78,1
C_2025_01732,Nov-2025,Token,72260.26,58721.95,130953.26,58879.29,82851.5,2,0.4,0.411,0.385,0.613,46.31,0
C_2025_01733,Nov-2025,Token,70727.28,57294.0,117600.79,55118.97,76671.26,1,0.2,0.378,0.364,0.573,84.29,0
C_2025_01734,Nov-2025,Token,72453.84,65737.4,98194.49,83304.45,82412.11,0,0.0,0.161,0.39,0.647,79.99,0
C_2025_01735,Nov-2025,Energy,102232.15,45059.94,73084.23,40682.46,52942.21,1,0.2,0.271,0.391,0.586,66.4,0
C_2025_01736,Nov-2025,NFT,193931.03,56567.27,84132.36,62246.55,67648.73,2,0.4,0.176,0.374,0.628,52.93,0
C_2025_01737,Nov-2025,Wallet,116745.11,53121.38,124421.32,64461.17,80667.96,2,0.4,0.388,0.382,0.566,93.92,0
C_2025_01738,Nov-2025,Wallet,122257.5,56578.74,72732.52,68198.15,65836.47,2,0.4,0.103,0.374,0.561,65.94,0
C_2025_01739,Nov-2025,DAO,101217.69,40060.64,187649.96035519917,39741.03,45447.49,4,0.0,0.33317503367239615,0.396,0.603,61.82,1
C_2025_01740,Nov-2025,Marketplace,136643.86,54849.9,131554.32,53285.42,79896.55,2,0.4,0.457,0.351,0.565,41.45,0
C_2025_01741,Nov-2025,DAO,104948.17,50720.33,66244.26,55418.84,57461.15,2,0.4,0.113,0.397,0.603,78.15,0
C_2025_01742,Nov-2025,DeFi,124601.42,48018.34,186507.5496308745,53061.88,55806.33,6,0.2,0.21688282005015963,0.399,0.566,69.74,1
C_2025_01743,Nov-2025,DeFi,125589.29,44801.17,84485.32,57285.14,62190.54,1,0.2,0.266,0.369,0.565,52.65,0
C_2025_01744,Nov-2025,Wallet,102359.23,51390.59,92715.86,58779.77,67628.74,1,0.2,0.266,0.399,0.587,82.82,0
C_2025_01745,Nov-2025,Token,62681.85,33822.03,57666.66,35073.98,42187.56,0,0.0,0.26,0.368,0.639,77.97,0
C_2025_01746,Nov-2025,Energy,113336.11,41348.74,97578.89,48792.07,62573.23,0,0.0,0.399,0.393,0.58,64.97,0
C_2025_01747,Nov-2025,Token,74472.55,50706.52,122257.96,64491.65,79152.04,0,0.0,0.392,0.396,0.555,54.62,0
C_2025_01748,Nov-2025,NFT,119543.23,66562.02,132200.35,72670.99,90477.79,2,0.4,0.327,0.396,0.558,73.53,0
C_2025_01749,Nov-2025,Token,65490.48,66084.97,138943.73,64043.06,89690.59,1,0.2,0.388,0.37,0.558,69.99,0
C_2025_01750,Nov-2025,DAO,115302.91,51360.08,383674.7474253045,57340.51,73232.26,8,0.6,0.6632883739732408,0.37,0.634,50.18,1
C_2025_01751,Nov-2025,DAO,130596.3,53388.47,126806.64,66926.04,82373.72,2,0.4,0.387,0.373,0.641,91.19,0
C_2025_01752,Nov-2025,DeFi,134508.21,32108.59,71050.65,36116.75,46425.33,4,0.8,0.377,0.393,0.605,62.64,0
C_2025_01753,Nov-2025,Healthcare,107134.38,42970.78,92564.1,54509.06,63347.98,1,0.2,0.334,0.358,0.619,92.81,0
C_2025_01754,Nov-2025,NFT,200607.04,62331.66,119647.92,58303.93,80094.5,4,0.8,0.35,0.389,0.643,94.45,0
C_2025_01755,Nov-2025,DeFi,116084.29,51542.39,283581.14523588406,62626.09,68927.8,3,0.0,0.40628898202202307,0.353,0.557,80.21,1
C_2025_01756,Nov-2025,DeFi,95292.11,50164.72,67085.39,59841.3,59030.47,1,0.2,0.117,0.383,0.606,59.93,0
C_2025_01757,Nov-2025,Energy,93928.79,56626.13,126461.97,56157.7,79748.6,0,0.0,0.414,0.389,0.621,50.05,0
C_2025_01758,Nov-2025,DAO,101688.97,58871.84,121020.29,55908.47,78600.2,1,0.2,0.382,0.37,0.557,66.13,0
C_2025_01759,Nov-2025,DAO,92152.52,33244.5,41852.52,34728.75,36608.59,2,0.4,0.103,0.368,0.592,71.01,0
C_2025_01760,Nov-2025,DeFi,131385.72,46802.43,113908.98,60650.76,73787.39,2,0.4,0.392,0.378,0.613,88.07,0
C_2025_01761,Nov-2025,DeFi,129680.01,63461.3,114257.24,73351.16,83689.9,1,0.2,0.263,0.351,0.567,66.87,0
C_2025_01762,Nov-2025,DAO,103277.34,56535.18,106254.28,58682.66,73824.04,0,0.0,0.311,0.398,0.635,44.32,0
C_2025_01763,Nov-2025,NFT,156970.4,60399.35,150593.99,61665.29,90886.21,1,0.2,0.465,0.392,0.569,79.02,0
C_2025_01764,Nov-2025,Token,41369.41,45815.17,112948.09,59383.5,72715.58,1,0.2,0.399,0.375,0.603,68.29,0
C_2025_01765,Nov-2025,Wallet,106035.81,50381.6,107040.51,59700.06,72374.06,0,0.0,0.343,0.379,0.607,77.53,0
C_2025_01766,Nov-2025,Token,66764.39,44217.38,69199.2,48762.98,54059.85,2,0.4,0.201,0.38,0.647,48.62,0
C_2025_01767,Nov-2025,Token,68615.18,56298.86,124206.8,57018.55,79174.74,2,0.4,0.402,0.353,0.61,46.86,0
C_2025_01768,Nov-2025,Wallet,116701.81,59348.77,138706.66,72045.55,90033.66,0,0.0,0.387,0.369,0.627,62.95,0
C_2025_01769,Nov-2025,NFT,187681.62,53259.18,342852.1677728787,54091.08,69465.49,5,0.2,0.5811107200136384,0.366,0.574,73.49,1
C_2025_01770,Nov-2025,DeFi,125531.57,54946.31,79271.19,67882.38,67366.63,2,0.4,0.148,0.357,0.604,73.79,0
C_2025_01771,Nov-2025,Token,84845.21,46024.29,66021.56,50251.42,54099.09,2,0.4,0.159,0.373,0.583,56.7,0
C_2025_01772,Nov-2025,Token,62270.15,49490.0,102398.9,61270.71,71053.21,1,0.2,0.319,0.399,0.576,46.96,0
C_2025_01773,Nov-2025,Wallet,126446.1,44013.83,69633.91,49730.4,54459.38,1,0.2,0.202,0.367,0.622,73.66,0
C_2025_01774,Nov-2025,Token,73941.06,54014.82,89357.62,61475.58,68282.67,0,0.0,0.223,0.366,0.552,82.26,0
C_2025_01775,Nov-2025,DeFi,148369.58,46932.18,99537.74,57796.87,68088.93,1,0.2,0.333,0.399,0.622,85.87,0
C_2025_01776,Nov-2025,DAO,106608.69,51300.84,99397.53,54975.48,68557.95,0,0.0,0.319,0.362,0.578,46.15,0
C_2025_01777,Nov-2025,Token,54457.61,55383.16,86447.87,69743.76,70524.93,1,0.2,0.18,0.386,0.641,41.38,0
C_2025_01778,Nov-2025,NFT,218006.22,41962.36,67732.79,50730.95,53475.37,3,0.6,0.2,0.398,0.596,51.46,0
C_2025_01779,Nov-2025,DeFi,114476.63,57949.52,89672.3,72535.39,73385.74,0,0.0,0.177,0.353,0.577,73.38,0
C_2025_01780,Nov-2025,Token,64364.02,41561.09,83767.97,51514.76,58947.94,1,0.2,0.306,0.362,0.618,63.69,0
C_2025_01781,Nov-2025,NFT,181895.5,45039.82,66798.16,43717.87,51851.95,2,0.4,0.204,0.359,0.551,65.94,0
C_2025_01782,Nov-2025,Healthcare,92105.27,46801.42,59426.0,50157.19,52128.2,3,0.6,0.102,0.398,0.584,94.47,0
C_2025_01783,Nov-2025,NFT,171182.51,36728.72,60973.56,38282.5,45328.26,4,0.8,0.244,0.355,0.65,70.33,0
C_2025_01784,Nov-2025,Wallet,100856.16,63104.44,120657.62,80586.34,88116.13,0,0.0,0.273,0.365,0.565,83.57,0
C_2025_01785,Nov-2025,DeFi,132005.98,34805.51,60149.4,31948.9,42301.27,3,0.6,0.3,0.379,0.574,54.42,0
C_2025_01786,Nov-2025,DAO,77840.19,47651.47,75222.51,58277.96,60383.98,2,0.4,0.188,0.377,0.582,68.95,0
C_2025_01787,Nov-2025,Energy,118324.38,55795.43,92647.57,65710.88,71384.63,2,0.4,0.218,0.384,0.56,87.97,0
C_2025_01788,Nov-2025,Marketplace,81296.22,52775.68,67241.95,55536.56,58518.06,1,0.2,0.107,0.374,0.643,61.72,0
C_2025_01789,Nov-2025,DeFi,157538.69,36571.99,65896.09,35381.23,45949.77,0,0.0,0.307,0.38,0.642,45.85,0
C_2025_01790,Nov-2025,DeFi,121700.82,40141.14,90372.35,40450.39,56987.96,1,0.2,0.414,0.397,0.606,76.23,0
C_2025_01791,Nov-2025,Token,74964.45,45324.72,64204.11,41679.02,50402.61,3,0.6,0.196,0.379,0.563,86.24,0
C_2025_01792,Nov-2025,Token,69994.15,59159.05,106844.11,76065.75,80689.64,2,0.4,0.245,0.381,0.608,61.68,0
C_2025_01793,Nov-2025,DAO,100430.47,36736.54,71492.42,39354.16,49194.37,1,0.2,0.321,0.377,0.557,60.26,0
C_2025_01794,Nov-2025,Token,67491.12,53756.77,87097.84,68554.57,69803.06,0,0.0,0.195,0.398,0.575,40.5,0
C_2025_01795,Nov-2025,DeFi,100673.71,42659.07,81087.03,51989.0,58578.37,2,0.4,0.279,0.357,0.555,75.27,0
C_2025_01796,Nov-2025,DAO,111209.15,48498.45,92186.68,47500.99,62728.71,1,0.2,0.332,0.372,0.63,65.41,0
C_2025_01797,Nov-2025,Marketplace,115510.91,44233.72,63820.37,52877.87,53643.99,1,0.2,0.149,0.393,0.621,41.81,0
C_2025_01798,Nov-2025,Token,70724.87,46854.11,57341.18,52387.64,52194.31,4,0.8,0.082,0.391,0.615,62.13,0
C_2025_01799,Nov-2025,DeFi,157066.16,48128.96,112583.17,48556.71,69756.28,2,0.4,0.434,0.359,0.616,94.49,0
C_2025_01800,Nov-2025,DAO,116617.24,55806.57,208929.49026113743,69783.65,69217.2,5,0.4,0.2922599912350115,0.353,0.598,54.84,1
C_2025_01801,Nov-2025,DeFi,140326.55,52718.26,94309.35,63718.26,70248.62,3,0.6,0.25,0.385,0.575,84.53,0
C_2025_01802,Nov-2025,Token,64607.37,55086.57,396658.6906992905,65818.0,79071.22,7,0.6,0.6513882938573851,0.353,0.634,77.07,1
C_2025_01803,Nov-2025,NFT,181678.9,46960.74,106608.99,55577.19,69715.64,0,0.0,0.378,0.383,0.639,63.4,0
C_2025_01804,Nov-2025,DeFi,109254.73,33254.58,43462.18,41794.69,39503.82,4,0.8,0.113,0.383,0.615,89.57,0
C_2025_01805,Nov-2025,Wallet,90988.07,61394.27,78183.7,71896.95,70491.64,1,0.2,0.098,0.384,0.641,85.4,0
C_2025_01806,Nov-2025,Token,47638.71,42356.79,64031.33,44431.03,50273.05,0,0.0,0.194,0.399,0.607,47.03,0
C_2025_01807,Nov-2025,NFT,188194.45,33484.87,63378.54,30611.92,42491.77,2,0.4,0.349,0.354,0.608,47.58,0
C_2025_01808,Nov-2025,DeFi,128232.55,46411.28,93267.61,43846.4,61175.1,1,0.2,0.371,0.358,0.601,44.69,0
C_2025_01809,Nov-2025,Healthcare,110326.13,45029.35,68546.65,42244.26,51940.08,4,0.8,0.227,0.399,0.626,73.46,0
C_2025_01810,Nov-2025,Token,56044.87,46214.54,96711.21,59985.54,67637.1,2,0.4,0.315,0.372,0.591,67.75,0
C_2025_01811,Nov-2025,DeFi,150009.03,44290.3,278806.1863261277,55502.57,67759.84,6,0.2,0.7540207921911881,0.367,0.581,79.97,1
C_2025_01812,Nov-2025,Wallet,106548.35,48994.68,82590.48,58234.4,63273.18,1,0.2,0.224,0.383,0.623,89.34,0
C_2025_01813,Nov-2025,DAO,95408.75,48033.45,77554.97,51533.5,59040.64,1,0.2,0.223,0.366,0.628,76.9,0
C_2025_01814,Nov-2025,Marketplace,119675.98,54794.17,121544.79,64266.62,80201.86,3,0.6,0.368,0.365,0.619,90.86,0
C_2025_01815,Nov-2025,Token,58685.18,38492.59,79227.15,39723.27,52481.0,1,0.2,0.36,0.352,0.571,55.73,0
C_2025_01816,Nov-2025,DeFi,120166.86,53992.85,128940.27,56541.31,79824.81,1,0.2,0.435,0.362,0.607,70.84,0
C_2025_01817,Nov-2025,Token,71012.51,56267.08,116579.43,60748.88,77865.13,4,0.8,0.352,0.366,0.607,79.68,0
C_2025_01818,Nov-2025,Wallet,127416.51,52042.63,81574.34,50666.87,61427.94,0,0.0,0.232,0.379,0.619,57.94,0
C_2025_01819,Nov-2025,Marketplace,103461.56,51105.54,67923.42,60340.41,59789.79,2,0.4,0.115,0.393,0.567,66.75,0
C_2025_01820,Nov-2025,DeFi,143062.26,55948.09,124209.16,55459.49,78538.91,0,0.0,0.411,0.38,0.624,57.55,0
C_2025_01821,Nov-2025,Token,67475.33,45485.58,72304.2,43963.86,53917.88,0,0.0,0.241,0.366,0.609,59.71,0
C_2025_01822,Nov-2025,DeFi,144559.51,39813.96,52875.7,44761.35,45817.0,0,0.0,0.118,0.361,0.567,43.7,0
C_2025_01823,Nov-2025,Token,61577.33,66023.58,150558.15,62032.87,92871.53,0,0.0,0.44,0.365,0.627,56.82,0
C_2025_01824,Nov-2025,Energy,90174.77,43899.02,180260.74573803268,56005.2,52387.11,8,0.6,0.22317669411720087,0.354,0.614,48.55,1
C_2025_01825,Nov-2025,Energy,131651.06,40428.57,89626.01,47463.88,59172.82,1,0.2,0.367,0.367,0.554,79.57,0
C_2025_01826,Nov-2025,DAO,109379.44,43017.91,99530.87,48214.03,63587.61,0,0.0,0.401,0.399,0.633,47.24,0
C_2025_01827,Nov-2025,DAO,108873.85,56421.82,94984.29,61185.03,70863.71,2,0.4,0.242,0.398,0.565,81.01,0
C_2025_01828,Nov-2025,Token,55919.9,53955.98,76722.8,67344.13,66007.64,2,0.4,0.142,0.386,0.598,55.81,0
C_2025_01829,Nov-2025,NFT,194189.92,47079.56,85140.8,46391.24,59537.2,2,0.4,0.304,0.4,0.619,48.81,0
C_2025_01830,Nov-2025,Healthcare,119280.8,41549.84,91978.43,41367.61,58298.63,1,0.2,0.409,0.38,0.567,45.73,0
C_2025_01831,Nov-2025,Healthcare,122954.28,55534.63,102806.16,58063.29,72134.7,1,0.2,0.301,0.398,0.627,51.44,0
C_2025_01832,Nov-2025,Wallet,120070.7,32333.78,64566.72,35155.66,44018.72,4,0.8,0.331,0.389,0.646,54.66,0
C_2025_01833,Nov-2025,DeFi,138085.62,47423.9,104517.27,60257.68,70732.95,0,0.0,0.346,0.381,0.564,67.71,0
C_2025_01834,Nov-2025,Marketplace,100512.51,47741.5,77326.39,46193.61,57087.17,2,0.4,0.251,0.392,0.615,79.06,0
C_2025_01835,Nov-2025,NFT,185081.88,51229.19,75260.86,66373.35,64287.8,3,0.6,0.154,0.353,0.572,92.88,0
C_2025_01836,Nov-2025,DAO,82916.42,55100.64,120706.22,61151.11,78985.99,0,0.0,0.375,0.387,0.623,49.08,0
C_2025_01837,Nov-2025,DAO,97959.87,49119.73,97466.67,51584.58,66056.99,2,0.4,0.337,0.39,0.607,94.24,0
C_2025_01838,Nov-2025,Healthcare,102651.27,50985.55,64539.49,63898.21,59807.75,2,0.4,0.104,0.374,0.647,92.25,0
C_2025_01839,Nov-2025,Energy,109065.83,50902.17,116072.66,60244.89,75739.91,2,0.4,0.38,0.38,0.619,52.12,0
C_2025_01840,Nov-2025,DeFi,152758.47,36952.37,183861.38055879608,38799.22,46021.92,4,0.0,0.49510720864126617,0.397,0.625,40.07,1
C_2025_01841,Nov-2025,DAO,119301.73,56868.82,68961.99,59589.53,61806.78,2,0.4,0.084,0.371,0.565,93.7,0
C_2025_01842,Nov-2025,Marketplace,119702.49,42335.19,58680.95,43673.2,48229.78,1,0.2,0.154,0.372,0.566,70.75,0
C_2025_01843,Nov-2025,DeFi,122679.81,51460.7,120030.64,50125.62,73872.32,1,0.2,0.442,0.373,0.6,47.05,0
C_2025_01844,Nov-2025,Marketplace,115584.36,59723.91,82179.9,62686.2,68196.67,2,0.4,0.146,0.369,0.574,68.46,0
C_2025_01845,Nov-2025,Token,63250.73,59424.21,290935.59360182454,75001.69,79737.08,5,0.4,0.42423355460534956,0.38,0.608,61.83,1
C_2025_01846,Nov-2025,Healthcare,112936.74,63084.43,113594.74,61441.65,79373.61,2,0.4,0.305,0.394,0.565,67.96,0
C_2025_01847,Nov-2025,DAO,113016.63,67542.32,159129.36,87523.04,104731.57,0,0.0,0.375,0.356,0.563,77.46,0
C_2025_01848,Nov-2025,Marketplace,126746.5,43907.43,75833.09,50539.32,56759.95,3,0.6,0.242,0.371,0.605,65.41,0
C_2025_01849,Nov-2025,Token,61482.54,59080.29,125988.07,62513.77,82527.38,1,0.2,0.373,0.354,0.583,65.34,0
C_2025_01850,Nov-2025,Token,64240.35,51854.37,123060.26,51415.86,75443.5,0,0.0,0.446,0.376,0.617,42.44,0
C_2025_01851,Nov-2025,Wallet,107153.95,38057.68,62045.65,45100.19,48401.17,1,0.2,0.208,0.395,0.579,80.21,0
C_2025_01852,Nov-2025,DAO,139020.27,49750.72,81359.3,58271.61,63127.21,1,0.2,0.212,0.393,0.555,88.51,0
C_2025_01853,Nov-2025,Token,65171.29,59472.49,109266.65,62132.28,76957.14,1,0.2,0.297,0.38,0.618,91.39,0
C_2025_01854,Nov-2025,Token,69967.47,59676.25,80673.7,62629.83,67659.93,0,0.0,0.137,0.394,0.625,81.66,0
C_2025_01855,Nov-2025,NFT,177014.72,67420.43,94048.97,69569.66,77013.02,0,0.0,0.157,0.386,0.566,78.62,0
C_2025_01856,Nov-2025,NFT,166995.15,65126.72,89601.17,66814.83,73847.57,2,0.4,0.151,0.391,0.626,50.25,0
C_2025_01857,Nov-2025,DAO,121260.94,59763.81,129840.29,58303.87,82635.99,0,0.0,0.404,0.362,0.587,83.65,0
C_2025_01858,Nov-2025,DAO,113338.46,51244.64,65399.35,46357.05,54333.68,1,0.2,0.149,0.367,0.605,45.63,0
C_2025_01859,Nov-2025,Token,53944.18,59022.48,119374.72,72810.29,83735.83,0,0.0,0.308,0.397,0.603,90.76,0
C_2025_01860,Nov-2025,DeFi,136977.31,39598.54,68309.59,47901.92,51936.68,3,0.6,0.232,0.361,0.611,74.32,0
C_2025_01861,Nov-2025,DeFi,120706.0,27453.57,67190.39,32754.14,42466.03,0,0.0,0.415,0.361,0.648,79.96,0
C_2025_01862,Nov-2025,Marketplace,107002.73,54228.31,117373.22,64293.15,78631.56,1,0.2,0.352,0.381,0.598,85.49,0
C_2025_01863,Nov-2025,Token,67128.92,52021.25,116759.13,56975.41,75251.93,2,0.4,0.391,0.362,0.601,47.8,0
C_2025_01864,Nov-2025,NFT,153482.68,60052.13,92411.61,77023.08,76495.61,5,1.0,0.173,0.398,0.569,91.89,0
C_2025_01865,Nov-2025,Marketplace,118363.17,30649.8,41670.27,34206.49,35508.85,4,0.8,0.129,0.4,0.596,86.85,0
C_2025_01866,Nov-2025,DeFi,130464.22,37959.43,93221.35,48542.99,59907.92,2,0.4,0.4,0.386,0.612,45.04,0
C_2025_01867,Nov-2025,Marketplace,101666.02,53479.14,96693.07,55767.66,68646.63,3,0.6,0.289,0.373,0.59,87.41,0
C_2025_01868,Nov-2025,NFT,151163.69,43297.93,93796.74,45198.94,60764.54,2,0.4,0.385,0.352,0.589,58.88,0
C_2025_01869,Nov-2025,Marketplace,125517.17,48754.22,102852.05,62744.46,71450.24,1,0.2,0.321,0.386,0.604,40.9,0
C_2025_01870,Nov-2025,NFT,179991.85,48822.63,117363.73,59541.16,75242.5,2,0.4,0.4,0.364,0.553,45.18,0
C_2025_01871,Nov-2025,Token,65153.63,37861.97,87150.36,47130.08,57380.8,4,0.8,0.373,0.364,0.642,61.34,0
C_2025_01872,Nov-2025,Token,48437.81,50329.44,103763.64,65328.24,73140.44,0,0.0,0.308,0.395,0.55,60.03,0
C_2025_01873,Nov-2025,Token,69109.4,44708.1,56591.24,50135.39,50478.24,1,0.2,0.096,0.389,0.572,52.3,0
C_2025_01874,Nov-2025,DeFi,139221.98,37250.19,76644.72,33787.45,49227.46,1,0.2,0.395,0.367,0.638,83.32,0
C_2025_01875,Nov-2025,Healthcare,92114.09,59268.52,321487.6637614285,73342.14,85906.35,7,0.6,0.5346697109514177,0.366,0.625,51.37,1
C_2025_01876,Nov-2025,Token,70142.46,54719.34,124146.6,59598.46,79488.13,0,0.0,0.398,0.355,0.624,88.74,0
C_2025_01877,Nov-2025,DeFi,115983.84,53168.73,385869.7293062211,68887.57,83492.74,6,0.4,0.6909604204918585,0.387,0.647,46.32,1
C_2025_01878,Nov-2025,DAO,130706.23,55805.92,131541.7,69737.53,85695.05,3,0.6,0.384,0.371,0.575,85.0,0
C_2025_01879,Nov-2025,DeFi,136551.52,50913.86,77791.85,47268.99,58658.23,1,0.2,0.232,0.363,0.563,52.33,0
C_2025_01880,Nov-2025,DeFi,123478.85,36272.49,85900.34,42472.49,54881.77,4,0.8,0.402,0.395,0.604,55.25,0
C_2025_01881,Nov-2025,DeFi,131685.65,58238.99,138491.08,53350.82,83360.3,2,0.4,0.468,0.397,0.645,88.52,0
C_2025_01882,Nov-2025,Marketplace,133497.83,56787.65,132343.74,68733.44,85954.94,4,0.8,0.386,0.357,0.595,61.17,0
C_2025_01883,Nov-2025,Marketplace,103508.87,53605.07,132346.84,55000.22,80317.38,1,0.2,0.458,0.379,0.556,48.23,0
C_2025_01884,Nov-2025,DeFi,118746.12,54705.89,82396.31,66587.63,67896.61,0,0.0,0.167,0.372,0.552,59.07,0
C_2025_01885,Nov-2025,Marketplace,103419.24,52129.72,122756.89,65881.52,80256.05,0,0.0,0.381,0.4,0.58,44.63,0
C_2025_01886,Nov-2025,Energy,92423.52,59063.65,135121.83,70087.44,88090.97,3,0.6,0.381,0.365,0.596,67.39,0
C_2025_01887,Nov-2025,Token,50170.47,53138.55,109860.62,61536.23,74845.13,1,0.2,0.334,0.374,0.586,67.01,0
C_2025_01888,Nov-2025,NFT,174242.27,56567.74,68909.4,60840.56,62105.9,3,0.6,0.082,0.373,0.606,94.99,0
C_2025_01889,Nov-2025,NFT,202368.16,58124.76,106885.06,60554.13,75187.98,3,0.6,0.298,0.353,0.618,42.57,0
C_2025_01890,Nov-2025,Token,59012.93,39787.05,85992.9,43674.03,56484.66,0,0.0,0.37,0.381,0.591,90.7,0
C_2025_01891,Nov-2025,NFT,212360.66,49968.7,74179.99,60181.77,61443.49,2,0.4,0.162,0.372,0.618,45.23,0
C_2025_01892,Nov-2025,DeFi,139434.09,48982.7,86538.46,63391.54,66304.23,0,0.0,0.233,0.386,0.608,67.53,0
C_2025_01893,Nov-2025,DeFi,134674.51,55162.38,84767.74,69541.42,69823.85,2,0.4,0.173,0.393,0.614,47.76,0
C_2025_01894,Nov-2025,Token,56162.65,54285.12,94211.8,52554.42,67017.11,0,0.0,0.287,0.361,0.604,66.49,0
C_2025_01895,Nov-2025,Healthcare,90152.49,50078.51,104699.62,59178.04,71318.72,2,0.4,0.335,0.386,0.578,40.03,0
C_2025_01896,Nov-2025,Wallet,112547.6,51924.65,70625.28,54502.29,59017.41,3,0.6,0.14,0.371,0.56,61.43,0
C_2025_01897,Nov-2025,Token,74494.83,50734.07,64831.85,50276.61,55280.84,1,0.2,0.122,0.39,0.589,51.26,0
C_2025_01898,Nov-2025,Token,62359.58,62439.7,133872.93,73236.45,89849.7,0,0.0,0.35,0.357,0.626,79.67,0
C_2025_01899,Nov-2025,DeFi,119678.77,48411.18,58854.8,49150.07,52138.69,0,0.0,0.091,0.362,0.592,46.68,0
C_2025_01900,Nov-2025,Token,70472.84,51076.67,84254.74,59803.52,65044.98,0,0.0,0.216,0.381,0.563,40.11,0
C_2025_01901,Nov-2025,Token,65753.41,55922.67,134495.29,57797.9,82738.62,1,0.2,0.442,0.385,0.607,90.89,0
C_2025_01902,Nov-2025,Token,56967.67,45737.94,234366.31306848093,50404.38,60458.54,5,0.0,0.5485268870881392,0.36,0.591,62.48,1
C_2025_01903,Nov-2025,DAO,99712.98,46439.97,55992.01,59819.05,54083.68,4,0.8,0.104,0.356,0.642,74.65,0
C_2025_01904,Nov-2025,Token,60088.41,49433.66,71420.0,45806.65,55553.44,0,0.0,0.204,0.371,0.562,49.17,0
C_2025_01905,Nov-2025,NFT,135519.76,44646.86,80719.54,47846.65,57737.68,2,0.4,0.282,0.355,0.635,67.85,0
C_2025_01906,Nov-2025,Token,59172.21,55455.63,126301.38,70403.07,84053.36,1,0.2,0.363,0.395,0.629,81.3,0
C_2025_01907,Nov-2025,Token,62053.34,46157.12,90019.1,46433.71,60869.98,2,0.4,0.339,0.383,0.642,48.86,0
C_2025_01908,Nov-2025,Token,51423.23,58333.33,104853.89,59196.67,74127.96,1,0.2,0.293,0.399,0.612,67.54,0
C_2025_01909,Nov-2025,DeFi,141401.81,32041.12,54282.07,33449.75,39924.31,1,0.2,0.255,0.359,0.606,86.35,0
C_2025_01910,Nov-2025,DeFi,135166.67,59449.77,143156.46,64093.49,88899.91,2,0.4,0.432,0.382,0.588,74.45,0
C_2025_01911,Nov-2025,Marketplace,121008.4,37863.42,59009.0,34849.06,43907.16,5,1.0,0.245,0.356,0.569,55.92,0
C_2025_01912,Nov-2025,DeFi,130657.83,56511.14,120382.33,53352.05,76748.5,2,0.4,0.402,0.365,0.57,47.1,0
C_2025_01913,Nov-2025,Energy,118013.38,39987.8,71657.26,44846.41,52163.83,0,0.0,0.267,0.39,0.628,41.19,0
C_2025_01914,Nov-2025,DeFi,120274.88,48598.95,108362.89,58071.26,71677.7,1,0.2,0.366,0.373,0.568,60.42,0
C_2025_01915,Nov-2025,Energy,101994.09,50265.79,107032.52,56162.83,71153.71,2,0.4,0.358,0.4,0.642,82.78,0
C_2025_01916,Nov-2025,DeFi,134589.4,60367.98,87364.54,70679.82,72804.11,3,0.6,0.153,0.384,0.648,49.75,0
C_2025_01917,Nov-2025,Token,68795.06,34232.71,48654.23,31113.71,38000.22,2,0.4,0.201,0.371,0.626,92.43,0
C_2025_01918,Nov-2025,Token,64671.62,52043.07,399336.2269197493,47576.09,75456.67,5,0.4,0.7420157420336301,0.375,0.563,87.94,1
C_2025_01919,Nov-2025,NFT,201112.93,38224.17,53758.82,37553.94,43178.97,3,0.6,0.173,0.358,0.6,67.21,0
C_2025_01920,Nov-2025,DeFi,138258.35,43861.22,213446.8119451211,42744.78,53289.29,6,0.2,0.5023280073290503,0.386,0.598,68.91,1
C_2025_01921,Nov-2025,NFT,179155.32,53884.9,65896.97,60072.49,59951.45,4,0.8,0.082,0.398,0.611,84.05,0
C_2025_01922,Nov-2025,Token,51486.07,43045.05,77576.54,41269.44,53963.68,2,0.4,0.31,0.358,0.563,62.17,0
C_2025_01923,Nov-2025,NFT,190226.85,59861.18,131578.65,65715.66,85718.5,1,0.2,0.379,0.362,0.59,64.74,0
C_2025_01924,Nov-2025,NFT,177263.2,56357.13,203396.873310854,59915.81,62402.17,8,0.6,0.19498173257891663,0.386,0.627,74.93,1
C_2025_01925,Nov-2025,DeFi,137348.43,47246.39,287664.85581111046,56542.03,68483.7,8,0.8,0.6075741963224353,0.375,0.608,58.11,1
C_2025_01926,Nov-2025,DeFi,137180.12,54952.79,117442.25,71375.97,81257.0,1,0.2,0.326,0.378,0.581,48.83,0
C_2025_01927,Nov-2025,NFT,179247.6,57046.45,362478.74946621194,63785.81,83488.48,4,0.0,0.730967496790348,0.367,0.588,93.51,1
C_2025_01928,Nov-2025,DeFi,138142.96,49780.78,85338.15,45326.29,60148.4,1,0.2,0.298,0.351,0.605,44.16,0
C_2025_01929,Nov-2025,DeFi,122719.73,47986.48,111203.26,54533.2,71240.98,4,0.8,0.398,0.379,0.598,86.53,0
C_2025_01930,Nov-2025,Token,74157.33,54392.33,314738.2106651294,53109.66,76125.54,4,0.2,0.7630784666460758,0.379,0.618,94.85,1
C_2025_01931,Nov-2025,NFT,171512.74,44195.06,100237.26,54696.8,66376.38,2,0.4,0.366,0.354,0.556,86.87,0
C_2025_01932,Nov-2025,Token,72363.17,58542.85,96102.73,61584.86,72076.82,1,0.2,0.236,0.389,0.581,42.15,0
C_2025_01933,Nov-2025,Energy,100052.88,59513.28,127286.51,70407.89,85735.89,3,0.6,0.347,0.387,0.609,40.7,0
C_2025_01934,Nov-2025,DAO,111249.6,57330.63,133535.39,71840.71,87568.91,2,0.4,0.377,0.372,0.64,83.35,0
C_2025_01935,Nov-2025,Marketplace,113398.7,42328.57,105596.19,48179.24,65368.0,2,0.4,0.437,0.369,0.622,67.5,0
C_2025_01936,Nov-2025,Token,78597.94,54507.23,120507.19,54976.36,76663.59,0,0.0,0.404,0.365,0.601,58.82,0
C_2025_01937,Nov-2025,DeFi,120551.99,50771.44,94570.72,53167.55,66169.91,2,0.4,0.304,0.395,0.568,77.48,0
C_2025_01938,Nov-2025,DAO,110868.51,56358.19,131840.47,53536.93,80578.53,2,0.4,0.45,0.372,0.587,76.84,0
C_2025_01939,Nov-2025,NFT,162576.82,34673.05,187786.887234344,41951.75,46249.97,5,0.2,0.4994548114253448,0.386,0.638,68.26,1
C_2025_01940,Nov-2025,Healthcare,95879.75,52265.2,77709.97,51955.16,60643.44,2,0.4,0.199,0.36,0.577,61.12,0
C_2025_01941,Nov-2025,DAO,98055.8,66367.15,113499.65,74722.2,84863.0,1,0.2,0.242,0.351,0.575,45.04,0
C_2025_01942,Nov-2025,DeFi,147294.01,44469.32,94772.24,50889.4,63376.99,2,0.4,0.353,0.37,0.59,62.29,0
C_2025_01943,Nov-2025,Energy,105304.79,42888.6,229411.06624149258,39880.9,50679.49,3,0.0,0.40113018711536613,0.352,0.579,87.67,1
C_2025_01944,Nov-2025,DAO,100113.66,47187.89,96235.08,61280.1,68234.36,1,0.2,0.302,0.399,0.568,68.12,0
C_2025_01945,Nov-2025,DeFi,117047.17,36742.59,55664.93,46159.83,46189.12,3,0.6,0.167,0.372,0.613,61.2,0
C_2025_01946,Nov-2025,Token,66368.32,51069.43,125646.25,60655.6,79123.76,1,0.2,0.419,0.4,0.609,77.46,0
C_2025_01947,Nov-2025,Energy,120551.56,53716.46,65135.19,53077.16,57309.6,3,0.6,0.097,0.368,0.624,80.77,0
C_2025_01948,Nov-2025,Token,52611.34,56360.17,135416.66,63165.77,84980.87,1,0.2,0.421,0.367,0.637,42.76,0
C_2025_01949,Nov-2025,DAO,74826.84,65785.0,143187.58,66624.25,91865.61,0,0.0,0.395,0.396,0.607,45.76,0
C_2025_01950,Nov-2025,NFT,183994.57,40086.98,69998.53,50278.67,53454.73,2,0.4,0.232,0.394,0.594,91.24,0
C_2025_01951,Nov-2025,DeFi,159160.73,49642.79,64043.19,59475.07,57720.35,1,0.2,0.104,0.356,0.565,50.22,0
C_2025_01952,Nov-2025,DAO,118669.95,47466.74,79684.23,56473.32,61208.1,0,0.0,0.222,0.38,0.598,93.79,0
C_2025_01953,Nov-2025,DeFi,127674.07,59507.8,131374.51,58151.94,83011.42,1,0.2,0.412,0.367,0.573,79.54,0
C_2025_01954,Nov-2025,DeFi,154866.11,49476.58,92515.46,46240.5,62744.18,5,1.0,0.336,0.358,0.566,43.9,0
C_2025_01955,Nov-2025,DAO,106488.86,34087.73,85126.16,36555.59,51923.16,2,0.4,0.453,0.353,0.605,78.52,0
C_2025_01956,Nov-2025,Wallet,107015.32,56679.92,339752.8714029512,64575.49,80023.28,4,0.0,0.5666455057765701,0.354,0.552,60.4,1
C_2025_01957,Nov-2025,NFT,160689.11,54299.7,301989.26172361284,55143.03,72456.43,8,0.8,0.5327689258071915,0.39,0.569,55.94,1
C_2025_01958,Nov-2025,DeFi,138269.25,41998.89,87866.16,48760.88,59541.98,1,0.2,0.34,0.396,0.601,62.38,0
C_2025_01959,Nov-2025,DAO,94586.59,52971.03,72692.86,56266.37,60643.42,1,0.2,0.142,0.395,0.603,66.59,0
C_2025_01960,Nov-2025,DeFi,133992.67,50893.55,68495.5,62772.81,60720.62,1,0.2,0.121,0.365,0.598,78.01,0
C_2025_01961,Nov-2025,Marketplace,112608.04,37169.06,77686.06,40123.87,51659.66,4,0.8,0.357,0.35,0.588,73.06,0
C_2025_01962,Nov-2025,Marketplace,105023.01,68199.91,92912.03,66031.08,75714.34,4,0.8,0.161,0.36,0.593,78.27,0
C_2025_01963,Nov-2025,Token,62020.55,50230.55,122543.65,62181.72,78318.64,1,0.2,0.404,0.396,0.56,67.67,0
C_2025_01964,Nov-2025,DeFi,95775.07,41105.19,93977.38,43253.29,59445.29,0,0.0,0.411,0.353,0.554,62.5,0
C_2025_01965,Nov-2025,DeFi,116635.22,55254.45,356511.76055880915,64914.88,77637.0,6,0.2,0.5074989162272493,0.384,0.597,58.52,1
C_2025_01966,Nov-2025,DAO,112867.0,50476.59,88581.06,53338.31,64131.99,1,0.2,0.27,0.378,0.583,46.68,0
C_2025_01967,Nov-2025,DeFi,127994.86,49927.34,85990.89,47046.24,60988.16,0,0.0,0.291,0.391,0.642,51.42,0
C_2025_01968,Nov-2025,Healthcare,88910.92,52488.31,96665.14,56406.7,68520.05,1,0.2,0.291,0.356,0.555,82.22,0
C_2025_01969,Nov-2025,DeFi,129720.15,66803.16,120788.59,73414.31,87002.02,1,0.2,0.276,0.375,0.603,78.05,0
C_2025_01970,Nov-2025,Marketplace,99811.72,61723.04,107250.11,64777.02,77916.72,2,0.4,0.267,0.385,0.64,79.0,0
C_2025_01971,Nov-2025,Healthcare,110936.93,52167.37,127946.49,50251.16,76788.34,0,0.0,0.471,0.379,0.648,62.97,0
C_2025_01972,Nov-2025,Token,65884.39,38177.82,78014.02,39173.18,51788.34,3,0.6,0.358,0.366,0.587,61.7,0
C_2025_01973,Nov-2025,DeFi,133498.22,47153.45,270849.9421150251,59032.72,61721.81,6,0.2,0.40968220487508566,0.399,0.621,68.62,1
C_2025_01974,Nov-2025,Wallet,114852.9,30699.59,49795.11,35276.14,38590.28,0,0.0,0.211,0.381,0.578,40.97,0
C_2025_01975,Nov-2025,DeFi,162140.67,61516.78,107933.64,57143.83,75531.42,2,0.4,0.304,0.376,0.6,43.32,0
C_2025_01976,Nov-2025,Healthcare,124813.48,53422.7,116125.49,52417.7,73988.63,3,0.6,0.403,0.374,0.61,53.62,0
C_2025_01977,Nov-2025,Marketplace,117275.6,60373.11,73869.05,69027.44,67756.53,1,0.2,0.082,0.4,0.64,56.09,0
C_2025_01978,Nov-2025,DeFi,101048.7,53455.97,118038.51,68003.08,79832.52,2,0.4,0.346,0.37,0.644,68.07,0
C_2025_01979,Nov-2025,NFT,215218.06,46959.57,72299.16,48364.47,55874.4,3,0.6,0.208,0.377,0.647,57.53,0
C_2025_01980,Nov-2025,Token,65318.79,40057.39,68264.5,38608.55,48976.81,6,1.0,0.279,0.358,0.557,40.54,0
C_2025_01981,Nov-2025,Energy,99503.84,37388.72,56581.8,34616.04,42862.19,1,0.2,0.228,0.39,0.551,86.34,0
C_2025_01982,Nov-2025,Token,66730.44,50932.53,74962.12,66101.57,63998.74,2,0.4,0.155,0.377,0.615,74.12,0
C_2025_01983,Nov-2025,NFT,165357.51,51893.18,86264.25,55712.51,64623.31,1,0.2,0.238,0.357,0.587,67.14,0
C_2025_01984,Nov-2025,Token,71232.24,57160.69,81437.91,65250.09,67949.57,4,0.8,0.149,0.358,0.552,77.96,0
C_2025_01985,Nov-2025,DAO,99627.66,57373.41,115734.82,72689.98,81932.74,1,0.2,0.302,0.355,0.563,43.42,0
C_2025_01986,Nov-2025,Wallet,108346.57,43315.19,70046.06,51225.6,54862.28,3,0.6,0.204,0.385,0.586,44.71,0
C_2025_01987,Nov-2025,Token,61398.44,57623.85,85497.86,71948.04,71689.92,2,0.4,0.159,0.379,0.623,43.47,0
C_2025_01988,Nov-2025,DeFi,138222.08,50903.94,78428.82,64318.7,64550.49,2,0.4,0.174,0.362,0.624,83.86,0
C_2025_01989,Nov-2025,DeFi,142446.86,42226.18,95251.11,44060.13,60512.47,0,0.0,0.406,0.355,0.608,93.8,0
C_2025_01990,Nov-2025,Token,62984.86,60143.19,114128.15,60853.55,78374.96,0,0.0,0.323,0.374,0.596,68.71,0
C_2025_01991,Nov-2025,Wallet,111455.06,54227.7,107777.73,51581.92,71195.78,4,0.8,0.364,0.376,0.569,77.92,0
C_2025_01992,Nov-2025,NFT,179295.98,47015.91,73117.37,54046.9,58060.06,2,0.4,0.19,0.377,0.637,81.98,0
C_2025_01993,Nov-2025,Token,62523.97,48450.98,85986.34,60853.66,65096.99,2,0.4,0.24,0.367,0.64,63.42,0
C_2025_01994,Nov-2025,DeFi,120023.62,55854.29,135918.13,63105.93,84959.45,1,0.2,0.426,0.375,0.64,88.24,0
C_2025_01995,Nov-2025,Token,64293.92,48369.92,85920.27,46865.91,60385.37,1,0.2,0.299,0.367,0.616,66.51,0
C_2025_01996,Nov-2025,Token,67816.31,44846.89,67245.56,47797.4,53296.62,0,0.0,0.186,0.357,0.582,58.81,0
C_2025_01997,Nov-2025,Token,67162.66,53573.7,131996.9,61054.12,82208.24,1,0.2,0.43,0.366,0.583,77.01,0
C_2025_01998,Nov-2025,NFT,128671.1,54982.89,76636.07,49971.51,60530.16,0,0.0,0.191,0.355,0.629,46.19,0
C_2025_01999,Nov-2025,NFT,159945.62,61808.92,80066.77,75721.61,72532.44,1,0.2,0.107,0.395,0.555,51.1,0
C_2025_02000,Nov-2025,Token,71646.35,58000.81,91412.36,53639.72,67684.3,2,0.4,0.249,0.376,0.641,42.4,0
C_2025_02001,Nov-2025,Wallet,114873.91,61917.08,108545.84,74153.89,81538.94,1,0.2,0.242,0.357,0.641,76.79,0
C_2025_02002,Nov-2025,Token,80688.83,36719.45,205134.03089142064,44401.63,53592.18,5,0.4,0.6845039222576276,0.382,0.592,72.7,1
C_2025_02003,Nov-2025,Healthcare,96376.2,47905.7,86721.52,56354.69,63660.64,2,0.4,0.262,0.371,0.629,62.71,0
C_2025_02004,Nov-2025,DeFi,131062.97,65445.27,99057.3,79742.45,81415.01,0,0.0,0.169,0.376,0.571,43.69,0
C_2025_02005,Nov-2025,DeFi,119973.5,85832.67,181876.96,102818.98,123509.54,2,0.4,0.339,0.379,0.592,72.85,0
C_2025_02006,Nov-2025,Wallet,96681.93,41969.7,84538.5,39975.72,55494.64,3,0.6,0.37,0.397,0.633,67.46,0
C_2025_02007,Nov-2025,NFT,186638.4,64041.45,125798.21,66115.78,85318.48,1,0.2,0.336,0.368,0.62,92.43,0
C_2025_02008,Nov-2025,NFT,176260.35,54189.48,107761.68,52796.18,71582.45,1,0.2,0.357,0.364,0.617,57.07,0
C_2025_02009,Nov-2025,NFT,166912.69,48595.62,63039.43,48629.8,53421.62,0,0.0,0.127,0.389,0.582,84.26,0
C_2025_02010,Nov-2025,Wallet,109657.68,39547.25,82829.67,45906.3,56094.41,2,0.4,0.34,0.375,0.638,44.28,0
C_2025_02011,Nov-2025,DAO,93743.1,56003.97,81055.21,60681.47,65913.55,1,0.2,0.165,0.365,0.611,92.02,0
C_2025_02012,Nov-2025,NFT,196735.18,55370.08,278746.72800267336,55862.97,68026.84,6,0.4,0.39782709222929474,0.392,0.649,43.96,1
C_2025_02013,Nov-2025,Token,57258.75,47573.91,110935.89,43256.99,67255.6,1,0.2,0.46,0.397,0.617,90.16,0
C_2025_02014,Nov-2025,NFT,174941.38,53816.99,80973.85,52605.66,62465.5,0,0.0,0.21,0.385,0.554,42.82,0
C_2025_02015,Nov-2025,Token,77919.25,59834.95,123549.71,62752.04,82045.57,2,0.4,0.358,0.39,0.645,43.3,0
C_2025_02016,Nov-2025,DeFi,125778.05,30403.26,42273.06,37915.41,36863.91,1,0.2,0.133,0.384,0.61,50.57,0
C_2025_02017,Nov-2025,NFT,160450.69,40236.69,91863.93,42109.99,58070.2,4,0.8,0.412,0.393,0.612,84.95,0
C_2025_02018,Nov-2025,Token,57539.52,64870.42,97078.42,60200.66,74049.83,3,0.6,0.221,0.391,0.627,55.49,0
C_2025_02019,Nov-2025,Token,56636.36,42026.25,93748.99,53587.46,63120.9,2,0.4,0.351,0.376,0.573,84.44,0
C_2025_02020,Nov-2025,Energy,123449.1,46962.77,79653.18,57748.23,61454.73,1,0.2,0.221,0.381,0.557,92.15,0
C_2025_02021,Nov-2025,Marketplace,113504.43,71990.26,164944.96,89721.83,108885.68,2,0.4,0.37,0.356,0.61,59.47,0
C_2025_02022,Nov-2025,DeFi,99955.77,46665.67,80551.61,57354.84,61524.04,3,0.6,0.23,0.363,0.584,86.38,0
C_2025_02023,Nov-2025,NFT,180134.95,55945.07,246466.66653522704,55254.59,64944.0,7,0.4,0.31213583737802936,0.371,0.633,82.41,1
C_2025_02024,Nov-2025,NFT,176593.78,60877.41,145193.47,62726.91,89599.26,0,0.0,0.439,0.385,0.604,87.0,0
C_2025_02025,Nov-2025,Wallet,121695.31,39592.53,49576.48,45287.23,44818.75,2,0.4,0.091,0.377,0.633,57.8,0
C_2025_02026,Nov-2025,DAO,99765.46,42360.12,103099.09,44211.71,63223.64,0,0.0,0.446,0.389,0.62,47.07,0
C_2025_02027,Nov-2025,Wallet,110418.35,51251.49,94867.19,53962.06,66693.58,1,0.2,0.299,0.364,0.562,81.75,0
C_2025_02028,Nov-2025,Marketplace,130084.93,61730.49,91608.77,71636.22,74991.83,2,0.4,0.166,0.367,0.626,41.86,0
C_2025_02029,Nov-2025,NFT,184492.08,50413.74,334605.2949851928,51054.05,75424.32,4,0.2,0.876278023282778,0.394,0.607,61.18,1
C_2025_02030,Nov-2025,Wallet,88411.99,52003.54,86080.4,52434.07,63506.01,3,0.6,0.251,0.391,0.592,53.88,0
C_2025_02031,Nov-2025,NFT,182582.47,45738.39,110529.41,50528.02,68931.94,0,0.0,0.428,0.369,0.561,62.89,0
C_2025_02032,Nov-2025,NFT,169020.32,61318.72,300639.5675434437,68843.5,79391.77,6,0.4,0.3931483135214656,0.391,0.607,56.53,1
C_2025_02033,Nov-2025,Token,57472.18,38893.66,78156.86,38595.14,51881.89,3,0.6,0.358,0.367,0.552,54.97,0
C_2025_02034,Nov-2025,Token,57041.55,48671.22,84780.05,60135.27,64528.84,2,0.4,0.233,0.397,0.621,63.2,0
C_2025_02035,Nov-2025,DeFi,141903.76,48884.96,95292.72,57808.99,67328.89,1,0.2,0.299,0.386,0.611,67.57,0
C_2025_02036,Nov-2025,DeFi,111361.54,54226.16,121039.31,69369.63,81545.04,2,0.4,0.351,0.39,0.61,70.14,0
C_2025_02037,Nov-2025,DeFi,130994.12,56279.11,105209.31,51597.11,71028.51,0,0.0,0.341,0.35,0.641,62.46,0
C_2025_02038,Nov-2025,Token,74637.41,49122.76,97853.53,56186.65,67720.98,2,0.4,0.317,0.353,0.569,54.73,0
C_2025_02039,Nov-2025,Token,72593.33,40305.85,59780.51,47184.59,49090.32,0,0.0,0.164,0.357,0.601,90.7,0
C_2025_02040,Nov-2025,NFT,201672.77,59131.64,119004.19,67949.79,82028.54,0,0.0,0.322,0.377,0.589,64.34,0
C_2025_02041,Nov-2025,DeFi,113745.01,50550.59,84284.72,46778.5,60537.93,1,0.2,0.279,0.363,0.639,66.55,0
C_2025_02042,Nov-2025,DeFi,125293.87,42100.45,56862.06,41262.08,46741.53,0,0.0,0.153,0.372,0.631,72.23,0
C_2025_02043,Nov-2025,Token,54848.06,53605.72,88291.95,66369.08,69422.25,0,0.0,0.206,0.393,0.598,86.04,0
C_2025_02044,Nov-2025,DeFi,113110.34,39827.53,86707.97,48350.56,58295.35,2,0.4,0.35,0.353,0.61,79.75,0
C_2025_02045,Nov-2025,DeFi,128507.91,53858.47,66400.96,61461.05,60573.49,1,0.2,0.085,0.374,0.556,66.73,0
C_2025_02046,Nov-2025,Energy,130265.87,45316.44,92416.79,44142.12,60625.12,0,0.0,0.371,0.363,0.568,76.15,0
C_2025_02047,Nov-2025,Healthcare,92512.72,63807.98,320812.4316792875,80680.7,82328.97,6,0.4,0.3078496939409998,0.389,0.563,82.11,1
C_2025_02048,Nov-2025,NFT,171220.38,51285.54,126671.18,66374.0,81443.58,2,0.4,0.4,0.379,0.592,51.33,0
C_2025_02049,Nov-2025,DeFi,157429.38,43187.27,55806.04,44628.3,47873.87,0,0.0,0.118,0.387,0.614,43.45,0
C_2025_02050,Nov-2025,Healthcare,126809.33,53647.75,310411.16129787796,49018.7,73997.76,9,0.8,0.6886105612159995,0.378,0.591,82.5,1
C_2025_02051,Nov-2025,DeFi,154943.7,43034.86,57315.14,41020.0,47123.33,0,0.0,0.154,0.352,0.604,83.67,0
C_2025_02052,Nov-2025,DeFi,149365.78,65214.13,135959.13,67552.58,89575.28,1,0.2,0.366,0.386,0.566,40.72,0
C_2025_02053,Nov-2025,DeFi,139239.33,51071.52,101746.23,61958.37,71592.04,3,0.6,0.304,0.361,0.584,52.3,0
C_2025_02054,Nov-2025,Marketplace,121992.57,49006.97,80801.19,51446.87,60418.34,3,0.6,0.239,0.375,0.618,44.71,0
C_2025_02055,Nov-2025,DAO,105673.2,40305.78,74295.28,51845.07,55482.04,4,0.8,0.254,0.37,0.62,40.91,0
C_2025_02056,Nov-2025,NFT,179974.76,47864.27,320032.3788194188,50050.61,65173.97,8,0.6,0.6501680527787325,0.356,0.579,93.81,1
C_2025_02057,Nov-2025,Wallet,96134.05,29438.82,54408.16,36905.73,40250.9,2,0.4,0.26,0.351,0.643,92.2,0
C_2025_02058,Nov-2025,DeFi,138492.66,57735.07,132667.27,65830.59,85410.98,0,0.0,0.393,0.37,0.647,59.31,0
C_2025_02059,Nov-2025,NFT,150969.29,39306.22,49804.26,37248.06,42119.51,0,0.0,0.131,0.392,0.556,56.43,0
C_2025_02060,Nov-2025,Energy,128247.21,60094.09,101360.56,59090.95,73515.2,2,0.4,0.268,0.374,0.575,49.25,0
C_2025_02061,Nov-2025,Marketplace,113323.93,63629.82,94238.36,65156.93,74341.7,4,0.8,0.189,0.369,0.558,62.06,0
C_2025_02062,Nov-2025,DeFi,105997.16,55652.17,128129.97,53450.57,79077.57,1,0.2,0.439,0.37,0.554,54.99,0
C_2025_02063,Nov-2025,DeFi,121865.21,30276.05,57730.53,30578.7,39528.43,2,0.4,0.326,0.392,0.605,58.27,0
C_2025_02064,Nov-2025,Token,53379.8,43542.58,89798.44,56271.24,63204.08,2,0.4,0.309,0.37,0.641,81.63,0
C_2025_02065,Nov-2025,DAO,128046.34,30063.03,192174.09626787284,33690.4,45007.66,5,0.2,0.7580645392738666,0.376,0.56,80.91,1
C_2025_02066,Nov-2025,Token,63233.17,42740.95,95996.57,46460.62,61732.71,3,0.6,0.393,0.352,0.637,81.37,0
C_2025_02067,Nov-2025,DeFi,139627.16,50025.95,92875.06,54465.75,65788.92,1,0.2,0.292,0.377,0.595,42.02,0
C_2025_02068,Nov-2025,Wallet,100062.32,44467.51,103505.52,50672.86,66215.3,4,0.8,0.4,0.359,0.59,65.89,0
C_2025_02069,Nov-2025,DeFi,132125.68,57477.74,90805.37,68803.94,72362.35,1,0.2,0.191,0.379,0.641,86.34,0
C_2025_02070,Nov-2025,DAO,88518.17,60114.36,78934.5,65395.98,68148.28,2,0.4,0.116,0.397,0.632,75.11,0
C_2025_02071,Nov-2025,Healthcare,112942.58,43307.02,58474.51,53572.99,51784.84,2,0.4,0.122,0.386,0.644,89.18,0
C_2025_02072,Nov-2025,Token,71435.29,58673.72,80569.83,64589.55,67944.37,1,0.2,0.136,0.394,0.555,83.02,0
C_2025_02073,Nov-2025,Token,52650.96,57739.44,123401.43,70034.84,83725.23,3,0.6,0.34,0.376,0.639,40.17,0
C_2025_02074,Nov-2025,Token,67499.88,35769.75,51214.45,45182.43,44055.54,3,0.6,0.144,0.378,0.55,60.11,0
C_2025_02075,Nov-2025,Marketplace,115032.1,43611.84,79492.82,44514.73,55873.13,1,0.2,0.299,0.396,0.555,87.6,0
C_2025_02076,Nov-2025,Token,84055.86,51819.74,82568.91,66675.37,67021.34,1,0.2,0.187,0.4,0.638,69.5,0
C_2025_02077,Nov-2025,DeFi,123523.73,39342.04,64318.0,40821.52,48160.52,2,0.4,0.238,0.394,0.58,94.84,0
C_2025_02078,Nov-2025,Token,60480.39,55033.08,104145.85,54467.4,71215.44,1,0.2,0.327,0.352,0.647,90.53,0
C_2025_02079,Nov-2025,Healthcare,113675.45,31056.49,56086.62,38910.05,42017.72,1,0.2,0.249,0.372,0.593,92.76,0
C_2025_02080,Nov-2025,DAO,110385.39,58700.86,120786.86,66058.73,81848.81,0,0.0,0.338,0.38,0.551,57.87,0
C_2025_02081,Nov-2025,NFT,171231.66,53325.31,129141.88,53328.16,78598.45,1,0.2,0.455,0.388,0.6,88.52,0
C_2025_02082,Nov-2025,DeFi,133385.06,48573.08,83600.21,59895.61,64022.97,1,0.2,0.228,0.396,0.575,53.43,0
C_2025_02083,Nov-2025,Token,65162.18,37742.23,86037.94,36194.55,53324.91,5,1.0,0.434,0.372,0.561,79.04,0
C_2025_02084,Nov-2025,NFT,174942.95,47051.42,94057.69,55326.33,65478.48,2,0.4,0.313,0.397,0.62,53.03,0
C_2025_02085,Nov-2025,DeFi,138208.76,48156.38,113347.14,51144.89,70882.8,0,0.0,0.424,0.352,0.578,74.6,0
C_2025_02086,Nov-2025,Token,79531.36,59142.07,126118.56,53678.11,79646.25,0,0.0,0.414,0.368,0.565,44.14,0
C_2025_02087,Nov-2025,DAO,123325.35,53971.21,389390.96477088396,66212.74,79251.87,6,0.4,0.5453031556565565,0.4,0.568,51.8,1
C_2025_02088,Nov-2025,DeFi,135339.27,68317.97,168185.67,80495.59,105666.41,2,0.4,0.421,0.393,0.565,92.03,0
C_2025_02089,Nov-2025,Wallet,119569.81,50111.83,82074.69,59451.85,63879.46,2,0.4,0.21,0.398,0.619,53.82,0
C_2025_02090,Nov-2025,Token,62885.5,54205.76,91232.99,50999.46,65479.4,2,0.4,0.279,0.396,0.631,47.76,0
C_2025_02091,Nov-2025,DeFi,132965.73,51031.39,66446.16,62772.99,60083.51,2,0.4,0.109,0.385,0.553,81.95,0
C_2025_02092,Nov-2025,DeFi,129273.8,45956.64,219588.81749222273,56500.46,55541.42,5,0.2,0.2444762510658861,0.371,0.627,66.46,1
C_2025_02093,Nov-2025,DeFi,133387.63,39187.62,298769.86203247175,36440.69,56967.28,5,0.0,0.8490824214723468,0.358,0.614,61.94,1
C_2025_02094,Nov-2025,Token,60030.92,42456.29,85538.78,49846.62,59280.56,0,0.0,0.317,0.397,0.584,79.22,0
C_2025_02095,Nov-2025,Token,52799.15,51065.33,117455.21,62672.24,77064.26,2,0.4,0.376,0.384,0.581,86.42,0
C_2025_02096,Nov-2025,DeFi,117790.42,45120.78,83959.5,44285.2,57788.49,1,0.2,0.32,0.385,0.608,94.24,0
C_2025_02097,Nov-2025,NFT,162948.32,61038.0,463294.3295953049,78291.63,90782.43,5,0.0,0.6103862458957561,0.377,0.572,70.68,1
C_2025_02098,Nov-2025,NFT,224033.97,41314.43,79168.82,53049.5,57844.25,2,0.4,0.274,0.372,0.597,55.33,0
C_2025_02099,Nov-2025,Healthcare,126444.11,36622.81,71569.91,42283.75,50158.82,1,0.2,0.305,0.381,0.563,53.92,0
C_2025_02100,Nov-2025,Token,70983.96,40169.77,51394.77,43170.23,44911.59,2,0.4,0.106,0.396,0.583,43.99,0
C_2025_02101,Nov-2025,NFT,215720.86,46664.8,96717.31,45628.51,63003.54,0,0.0,0.378,0.373,0.641,40.55,0
C_2025_02102,Nov-2025,DAO,136777.96,47180.17,98738.05,43565.78,63161.33,2,0.4,0.399,0.357,0.616,68.69,0
C_2025_02103,Nov-2025,Marketplace,111544.74,40117.33,95740.01,36355.73,57404.35,1,0.2,0.473,0.35,0.565,63.26,0
C_2025_02104,Nov-2025,DAO,102392.14,57027.3,344034.6144114129,60703.44,77516.03,5,0.2,0.5649321328775844,0.39,0.633,86.56,1
C_2025_02105,Nov-2025,DAO,123310.5,45118.23,66586.93,53932.99,55212.72,1,0.2,0.16,0.372,0.615,78.6,0
C_2025_02106,Nov-2025,Token,56140.31,53042.41,65066.03,64356.66,60821.7,0,0.0,0.091,0.357,0.607,73.19,0
C_2025_02107,Nov-2025,Token,57725.04,62767.84,138470.14,80954.41,94064.13,1,0.2,0.343,0.396,0.619,77.46,0
C_2025_02108,Nov-2025,NFT,178861.02,37856.39,73111.28,44672.5,51880.06,1,0.2,0.294,0.353,0.558,80.86,0
C_2025_02109,Nov-2025,Energy,113940.66,42198.26,171294.65053523474,45697.67,52114.81,4,0.0,0.3565471121298323,0.393,0.609,91.95,1
C_2025_02110,Nov-2025,DeFi,114837.92,51603.91,73387.55,66859.56,63950.34,1,0.2,0.143,0.385,0.591,56.9,0
C_2025_02111,Nov-2025,DeFi,133671.62,48007.03,206752.64983685443,48771.98,52790.58,4,0.2,0.1903839014807154,0.375,0.551,56.55,1
C_2025_02112,Nov-2025,DeFi,127181.59,53440.18,89170.13,58210.57,66940.29,2,0.4,0.237,0.394,0.626,79.75,0
C_2025_02113,Nov-2025,Token,73303.77,52149.78,102201.79,51382.87,68578.15,0,0.0,0.347,0.385,0.622,49.49,0
C_2025_02114,Nov-2025,Token,64393.31,46879.03,91767.32,55429.82,64692.06,2,0.4,0.301,0.384,0.648,89.81,0
C_2025_02115,Nov-2025,Energy,105324.87,55855.54,121543.03,69285.53,82228.03,1,0.2,0.345,0.398,0.595,47.14,0
C_2025_02116,Nov-2025,Token,67407.75,43630.95,77184.13,40916.82,53910.63,3,0.6,0.306,0.384,0.551,56.78,0
C_2025_02117,Nov-2025,Token,74141.34,47241.12,80664.81,42729.96,56878.63,1,0.2,0.297,0.397,0.644,49.95,0
C_2025_02118,Nov-2025,DeFi,123749.42,46881.9,349532.94046354527,42306.64,64509.61,5,0.0,0.6704350060296907,0.377,0.575,45.08,1
C_2025_02119,Nov-2025,Token,54191.4,43292.41,80715.92,55920.53,59976.29,0,0.0,0.259,0.369,0.643,88.23,0
C_2025_02120,Nov-2025,Token,77614.8,43296.17,56900.43,51306.67,50501.09,3,0.6,0.111,0.382,0.609,75.86,0
C_2025_02121,Nov-2025,DeFi,130674.43,46501.38,91766.53,45711.42,61326.44,0,0.0,0.351,0.364,0.621,73.34,0
C_2025_02122,Nov-2025,DeFi,122855.9,56447.15,134665.31,67594.47,86235.64,1,0.2,0.401,0.363,0.646,57.07,0
C_2025_02123,Nov-2025,Token,56753.4,45481.03,271075.75298071996,45947.56,64570.38,6,0.2,0.7170427922760424,0.372,0.591,67.71,1
C_2025_02124,Nov-2025,DeFi,137069.79,53714.2,120202.01,50515.51,74810.57,1,0.2,0.429,0.356,0.645,85.07,0
C_2025_02125,Nov-2025,DeFi,145667.9,51167.97,127212.47,58549.3,78976.58,2,0.4,0.434,0.358,0.626,58.97,0
C_2025_02126,Nov-2025,Wallet,105139.39,43612.22,72667.9,56089.28,57456.47,4,0.8,0.207,0.395,0.59,52.67,0
C_2025_02127,Nov-2025,Marketplace,118532.55,40631.67,75225.13,47278.21,54378.34,1,0.2,0.276,0.353,0.603,50.51,0
C_2025_02128,Nov-2025,DAO,119853.28,66682.62,441808.57283870433,68081.77,88520.53,10,1.0,0.5148605510633242,0.384,0.644,51.65,1
C_2025_02129,Nov-2025,DeFi,120248.59,46384.51,100085.63,49289.32,65253.15,0,0.0,0.378,0.394,0.606,58.21,0
C_2025_02130,Nov-2025,Token,54661.57,42309.99,75824.75,43783.08,53972.61,3,0.6,0.287,0.376,0.634,43.75,0
C_2025_02131,Nov-2025,DeFi,131591.87,43626.08,88598.01,42952.72,58392.27,3,0.6,0.366,0.388,0.558,71.09,0
C_2025_02132,Nov-2025,NFT,132057.36,57986.44,133249.5,52289.17,81175.03,1,0.2,0.455,0.387,0.554,85.74,0
C_2025_02133,Nov-2025,Marketplace,113856.0,52611.03,73568.05,60616.46,62265.18,0,0.0,0.139,0.392,0.622,69.21,0
C_2025_02134,Nov-2025,Token,61344.38,52077.9,98284.15,52937.74,67766.6,4,0.8,0.318,0.395,0.583,80.3,0
C_2025_02135,Nov-2025,DeFi,151649.25,51701.24,75568.74,56562.25,61277.41,1,0.2,0.168,0.389,0.58,51.61,0
C_2025_02136,Nov-2025,Wallet,85010.34,60827.48,145765.25,76157.53,94250.09,1,0.2,0.392,0.366,0.577,69.95,0
C_2025_02137,Nov-2025,Token,60142.82,57827.68,83683.72,63043.36,68184.92,0,0.0,0.164,0.385,0.602,67.3,0
C_2025_02138,Nov-2025,DeFi,138622.42,47732.3,62893.62,59566.55,56730.83,3,0.6,0.115,0.392,0.618,41.78,0
C_2025_02139,Nov-2025,Wallet,114141.03,42544.07,87699.52,50995.9,60413.17,3,0.6,0.324,0.363,0.641,41.0,0
C_2025_02140,Nov-2025,NFT,202539.54,43577.45,76491.62,39652.59,53240.55,0,0.0,0.31,0.382,0.646,70.35,0
C_2025_02141,Nov-2025,Token,48917.81,50598.21,77602.37,45963.11,58054.57,1,0.2,0.24,0.36,0.559,79.48,0
C_2025_02142,Nov-2025,NFT,164205.46,51139.24,110620.38,48277.39,70012.34,5,1.0,0.41,0.363,0.642,49.87,0
C_2025_02143,Nov-2025,NFT,169329.2,54902.57,75173.29,67567.12,65880.99,0,0.0,0.127,0.392,0.576,88.66,0
C_2025_02144,Nov-2025,Token,73642.34,59957.85,100424.33,55386.73,71922.97,1,0.2,0.281,0.369,0.61,66.52,0
C_2025_02145,Nov-2025,DeFi,124184.25,47399.23,64473.39,59021.67,56964.76,0,0.0,0.125,0.399,0.57,46.07,0
C_2025_02146,Nov-2025,Energy,100622.29,51145.7,101431.61,63433.49,72003.6,0,0.0,0.297,0.39,0.589,48.77,0
C_2025_02147,Nov-2025,DAO,103381.67,50423.52,90954.9,61868.64,67749.02,3,0.6,0.252,0.395,0.635,78.96,0
C_2025_02148,Nov-2025,NFT,178637.26,60555.53,125816.9,68078.9,84817.11,1,0.2,0.344,0.363,0.594,55.44,0
C_2025_02149,Nov-2025,Token,62089.72,43839.05,101162.26,46137.63,63712.98,1,0.2,0.416,0.371,0.561,47.62,0
C_2025_02150,Nov-2025,Energy,127334.58,62626.69,92523.64,68248.65,74466.33,1,0.2,0.174,0.351,0.615,42.94,0
C_2025_02151,Nov-2025,Token,65443.84,51943.22,94095.94,55682.98,67240.71,1,0.2,0.283,0.397,0.613,50.12,0
C_2025_02152,Nov-2025,DAO,97137.46,51463.24,62930.21,59296.3,57896.58,2,0.4,0.083,0.38,0.556,73.51,0
C_2025_02153,Nov-2025,Energy,133907.28,55545.29,131315.64,68884.12,85248.35,6,1.0,0.387,0.352,0.634,66.93,0
C_2025_02154,Nov-2025,DAO,103149.33,57680.3,99033.89,68067.06,74927.09,1,0.2,0.234,0.393,0.629,57.35,0
C_2025_02155,Nov-2025,DeFi,123673.35,48922.85,59708.51,53365.16,53998.84,0,0.0,0.082,0.36,0.635,71.41,0
C_2025_02156,Nov-2025,Marketplace,96290.22,53908.16,122762.92,67233.82,81301.63,4,0.8,0.367,0.355,0.577,43.68,0
C_2025_02157,Nov-2025,Token,62423.51,53768.64,132335.39,61237.99,82447.34,1,0.2,0.429,0.361,0.648,86.6,0
C_2025_02158,Nov-2025,DAO,104956.84,51779.72,107278.73,60000.82,73019.76,0,0.0,0.335,0.388,0.559,66.92,0
C_2025_02159,Nov-2025,NFT,161915.76,53859.35,245858.76415658402,51932.53,64782.04,5,0.2,0.5175279674354855,0.392,0.644,77.21,1
C_2025_02160,Nov-2025,DeFi,121197.81,40368.91,73488.05,46095.24,53317.4,2,0.4,0.271,0.395,0.558,65.64,0
C_2025_02161,Nov-2025,Token,72053.57,54530.17,112282.01,49359.33,72057.17,0,0.0,0.396,0.367,0.573,92.95,0
C_2025_02162,Nov-2025,NFT,148575.33,57892.11,139439.33,69252.73,88861.39,1,0.2,0.406,0.36,0.647,68.45,0
C_2025_02163,Nov-2025,Token,62665.04,56024.6,129926.33,51629.74,79193.56,4,0.8,0.454,0.395,0.581,65.6,0
C_2025_02164,Nov-2025,DeFi,135312.84,53712.52,91929.34,66511.68,70717.84,0,0.0,0.225,0.389,0.571,55.74,0
C_2025_02165,Nov-2025,NFT,115035.86,46762.26,87760.66,52276.01,62266.31,1,0.2,0.292,0.388,0.59,67.82,0
C_2025_02166,Nov-2025,NFT,189139.51,51997.8,110225.92,47743.54,69989.09,4,0.8,0.407,0.373,0.583,76.17,0
C_2025_02167,Nov-2025,NFT,168097.26,48111.73,59437.62,48927.32,52158.89,1,0.2,0.099,0.365,0.648,56.05,0
C_2025_02168,Nov-2025,DeFi,116068.65,48894.56,75239.65,44950.37,56361.53,2,0.4,0.239,0.368,0.552,86.17,0
C_2025_02169,Nov-2025,Token,68479.77,48967.18,83716.01,54377.24,62353.48,1,0.2,0.245,0.399,0.65,82.61,0
C_2025_02170,Nov-2025,NFT,172013.73,29471.04,49032.47,38142.31,38881.94,2,0.4,0.206,0.376,0.648,68.77,0
C_2025_02171,Nov-2025,Marketplace,117905.84,48168.96,120206.62,61567.02,76647.53,3,0.6,0.408,0.385,0.592,76.81,0
C_2025_02172,Nov-2025,Marketplace,105689.16,45358.84,103726.77,57220.15,68768.59,1,0.2,0.366,0.396,0.62,62.77,0
C_2025_02173,Nov-2025,Token,53923.23,65517.53,118255.28,82206.42,88659.74,0,0.0,0.248,0.355,0.55,57.27,0
C_2025_02174,Nov-2025,DeFi,123959.98,45943.77,55803.8,45524.68,49090.75,1,0.2,0.097,0.38,0.607,45.34,0
C_2025_02175,Nov-2025,Marketplace,103121.65,59252.22,76005.6,60342.07,65199.96,1,0.2,0.117,0.383,0.625,53.52,0
C_2025_02176,Nov-2025,NFT,151433.08,41231.9,68921.52,53595.81,54583.08,3,0.6,0.207,0.369,0.599,62.93,0
C_2025_02177,Nov-2025,Marketplace,108361.32,60248.61,95451.79,72897.45,76199.29,3,0.6,0.191,0.376,0.554,41.61,0
C_2025_02178,Nov-2025,Marketplace,91493.69,57084.22,123604.36,71836.67,84175.08,0,0.0,0.339,0.386,0.601,46.17,0
C_2025_02179,Nov-2025,DeFi,147418.17,62864.62,117577.86,79875.06,86772.51,3,0.6,0.263,0.374,0.568,72.84,0
C_2025_02180,Nov-2025,Wallet,106250.72,65293.59,86645.5,71003.94,74314.35,0,0.0,0.121,0.384,0.629,92.93,0
C_2025_02181,Nov-2025,Energy,111303.34,40587.62,78650.62,51505.3,56914.52,1,0.2,0.281,0.372,0.615,78.52,0
C_2025_02182,Nov-2025,DeFi,126384.19,52191.49,127190.9,48206.97,75863.12,4,0.8,0.479,0.352,0.56,44.8,0
C_2025_02183,Nov-2025,DeFi,108053.48,51948.96,120431.58,56016.54,76132.36,2,0.4,0.412,0.362,0.584,83.82,0
C_2025_02184,Nov-2025,DAO,91742.8,54260.77,122803.0,50023.21,75695.66,3,0.6,0.441,0.388,0.594,48.3,0
C_2025_02185,Nov-2025,Healthcare,107880.78,61014.7,79191.35,72462.41,70889.49,1,0.2,0.106,0.395,0.598,55.45,0
C_2025_02186,Nov-2025,NFT,187202.67,52736.96,63305.4,61973.35,59338.57,1,0.2,0.079,0.374,0.559,81.07,0
C_2025_02187,Nov-2025,Token,69439.06,55172.83,91089.64,64889.63,70384.03,0,0.0,0.216,0.397,0.605,74.12,0
C_2025_02188,Nov-2025,DAO,118571.01,65331.27,151163.04,74731.18,97075.16,2,0.4,0.396,0.396,0.618,78.46,0
C_2025_02189,Nov-2025,NFT,144760.29,46689.46,94291.9,57088.35,66023.24,4,0.8,0.31,0.362,0.611,93.35,0
C_2025_02190,Nov-2025,DeFi,127316.32,51848.46,78804.59,66425.92,65692.99,0,0.0,0.168,0.36,0.592,72.43,0
C_2025_02191,Nov-2025,DAO,91208.37,56252.15,134825.03,71217.46,87431.55,1,0.2,0.39,0.385,0.616,61.03,0
C_2025_02192,Nov-2025,DeFi,103192.92,41931.75,63149.24,45422.8,50167.93,3,0.6,0.185,0.388,0.551,66.24,0
C_2025_02193,Nov-2025,Energy,116455.95,59727.07,108481.21,69155.4,79121.23,5,1.0,0.267,0.352,0.587,71.1,0
C_2025_02194,Nov-2025,NFT,169239.39,61064.46,389536.0238965713,61596.79,90717.22,7,0.4,0.7754043671420903,0.39,0.58,45.32,1
C_2025_02195,Nov-2025,Token,86316.92,64995.4,145350.38,83670.37,98005.38,0,0.0,0.35,0.38,0.618,94.22,0
C_2025_02196,Nov-2025,DeFi,131755.62,51950.62,97580.2,50112.06,66547.63,2,0.4,0.33,0.382,0.621,63.6,0
C_2025_02197,Nov-2025,Token,59477.3,53528.66,75548.33,51662.27,60246.42,1,0.2,0.18,0.39,0.573,65.76,0
C_2025_02198,Nov-2025,DeFi,132451.56,56328.6,82980.65,57096.7,65468.65,3,0.6,0.189,0.369,0.572,77.74,0
C_2025_02199,Nov-2025,Token,57152.23,57608.17,128219.32,71538.64,85788.71,1,0.2,0.356,0.365,0.636,50.92,0
C_2025_02200,Nov-2025,Token,58109.82,36014.5,182722.73429615246,44633.12,48253.95,5,0.4,0.40163514879194995,0.376,0.583,53.4,1
C_2025_02201,Nov-2025,NFT,156985.23,66833.43,159308.91,73293.25,99811.86,1,0.2,0.422,0.389,0.592,54.81,0
C_2025_02202,Nov-2025,DeFi,134162.19,58299.73,114790.03,66714.07,79934.61,2,0.4,0.311,0.391,0.563,79.7,0
C_2025_02203,Nov-2025,Wallet,107457.07,44321.26,56816.92,49147.2,50095.13,1,0.2,0.103,0.369,0.643,64.33,0
C_2025_02204,Nov-2025,NFT,177734.11,49568.3,111831.72,61210.42,74203.48,0,0.0,0.364,0.398,0.628,82.24,0
C_2025_02205,Nov-2025,DAO,108937.16,48891.25,119829.52,53793.61,74171.46,2,0.4,0.436,0.371,0.588,59.24,0
C_2025_02206,Nov-2025,Healthcare,97955.37,44673.85,63650.59,51650.23,53324.89,2,0.4,0.147,0.358,0.633,93.43,0
C_2025_02207,Nov-2025,DeFi,110199.12,42379.85,83994.35,51285.19,59219.8,2,0.4,0.302,0.398,0.567,94.86,0
C_2025_02208,Nov-2025,Token,77067.39,44169.42,283382.3737073484,48350.82,59463.9,5,0.4,0.5212786758537478,0.374,0.602,51.1,1
C_2025_02209,Nov-2025,DeFi,113147.34,47635.64,90342.69,48733.88,62237.41,1,0.2,0.319,0.353,0.628,75.26,0
C_2025_02210,Nov-2025,DAO,105392.68,48918.96,113748.69,47349.54,70005.73,2,0.4,0.442,0.387,0.638,60.39,0
C_2025_02211,Nov-2025,Token,53626.65,34234.23,82128.6,40294.56,52219.13,1,0.2,0.408,0.362,0.576,52.66,0
C_2025_02212,Nov-2025,NFT,159090.01,52626.46,89652.65,60521.55,67600.22,1,0.2,0.236,0.354,0.563,85.97,0
C_2025_02213,Nov-2025,Wallet,103762.1,51507.52,290421.5805181149,52096.46,63866.3,6,0.4,0.4042101268453633,0.366,0.564,80.83,1
C_2025_02214,Nov-2025,DeFi,142742.83,43066.14,54737.67,49633.65,49145.82,3,0.6,0.097,0.376,0.562,62.93,0
C_2025_02215,Nov-2025,NFT,152787.73,46096.98,108918.97,44217.84,66411.26,4,0.8,0.453,0.391,0.578,90.73,0
C_2025_02216,Nov-2025,Healthcare,121389.48,55565.28,72820.64,62961.35,63782.42,2,0.4,0.111,0.397,0.554,73.8,0
C_2025_02217,Nov-2025,NFT,161909.16,52578.96,66376.49,63829.01,60928.16,1,0.2,0.098,0.388,0.635,72.31,0
C_2025_02218,Nov-2025,DeFi,136825.68,64579.14,132131.27,79127.14,91945.85,1,0.2,0.316,0.397,0.605,73.84,0
C_2025_02219,Nov-2025,Wallet,89221.32,54934.5,137130.13,64401.19,85488.61,2,0.4,0.43,0.394,0.598,85.29,0
C_2025_02220,Nov-2025,Wallet,114118.71,52879.94,113102.01,65674.3,77218.75,1,0.2,0.335,0.392,0.6,47.01,0
C_2025_02221,Nov-2025,DeFi,142539.55,57960.14,280577.94362825894,71799.25,71556.31,5,0.2,0.3053417265559351,0.374,0.623,60.98,1
C_2025_02222,Nov-2025,NFT,194669.53,46476.83,57905.15,59950.22,54777.4,2,0.4,0.108,0.356,0.601,94.18,0
C_2025_02223,Nov-2025,DeFi,141720.15,42555.43,75130.04,49406.15,55697.21,0,0.0,0.252,0.374,0.648,50.74,0
C_2025_02224,Nov-2025,DAO,122553.36,65104.89,125949.77,74613.41,88556.02,1,0.2,0.302,0.395,0.633,49.58,0
C_2025_02225,Nov-2025,NFT,203637.78,46327.96,114619.14,59320.87,73422.66,1,0.2,0.403,0.396,0.638,60.73,0
C_2025_02226,Nov-2025,DeFi,116995.24,31752.1,65187.97,31889.73,42943.27,0,0.0,0.366,0.357,0.594,55.51,0
C_2025_02227,Nov-2025,DAO,105396.54,52064.01,124573.8,65503.34,80713.72,2,0.4,0.39,0.372,0.563,94.32,0
C_2025_02228,Nov-2025,Token,72211.22,35890.21,207617.86231819214,45517.63,53613.48,6,0.6,0.6783546002647725,0.355,0.638,69.91,1
C_2025_02229,Nov-2025,Token,73825.39,49743.85,115105.0,61000.91,75283.25,0,0.0,0.379,0.362,0.638,89.44,0
C_2025_02230,Nov-2025,Marketplace,82734.3,37288.08,53235.56,48003.35,46175.66,0,0.0,0.144,0.36,0.616,53.36,0
C_2025_02231,Nov-2025,Energy,110025.42,48282.44,88573.24,46609.24,61154.97,1,0.2,0.317,0.395,0.551,93.69,0
C_2025_02232,Nov-2025,Marketplace,97582.22,52957.83,66768.6,59060.81,59595.75,1,0.2,0.095,0.362,0.615,70.44,0
C_2025_02233,Nov-2025,DeFi,130770.38,43463.24,96859.85,40528.5,60283.86,3,0.6,0.429,0.4,0.614,71.21,0
C_2025_02234,Nov-2025,DeFi,123434.12,50112.33,121348.55,58009.92,76490.26,0,0.0,0.417,0.351,0.555,73.52,0
C_2025_02235,Nov-2025,DeFi,129893.56,69453.38,111041.75,77280.57,85925.24,1,0.2,0.21,0.364,0.555,89.51,0
C_2025_02236,Nov-2025,NFT,189075.92,47057.09,93359.89,50880.49,63765.82,0,0.0,0.329,0.387,0.64,52.94,0
C_2025_02237,Nov-2025,Healthcare,116525.68,42803.05,105726.32,51362.89,66630.76,1,0.2,0.418,0.369,0.635,82.43,0
C_2025_02238,Nov-2025,DeFi,106233.68,55011.52,133094.05,63886.31,83997.29,4,0.8,0.416,0.398,0.552,82.28,0
C_2025_02239,Nov-2025,Marketplace,109044.3,51841.33,105888.18,58315.76,72015.09,4,0.8,0.335,0.361,0.593,77.28,0
C_2025_02240,Nov-2025,Wallet,116841.77,42090.35,72072.22,51275.73,55146.1,0,0.0,0.227,0.383,0.615,91.75,0
C_2025_02241,Nov-2025,DeFi,143649.46,55242.14,402839.35536558705,64634.45,83710.05,7,0.4,0.7824936052128165,0.371,0.621,87.72,1
C_2025_02242,Nov-2025,Wallet,100379.85,35694.02,47915.57,35658.96,39756.18,2,0.4,0.145,0.383,0.628,50.05,0
C_2025_02243,Nov-2025,DAO,104152.15,35271.11,59054.18,45611.26,46645.51,3,0.6,0.209,0.389,0.572,82.48,0
C_2025_02244,Nov-2025,Wallet,98413.1,49142.98,76429.19,52136.27,59236.15,1,0.2,0.206,0.383,0.622,75.97,0
C_2025_02245,Nov-2025,NFT,161509.44,54370.71,106742.45,69401.93,76838.36,3,0.6,0.287,0.385,0.642,40.6,0
C_2025_02246,Nov-2025,Wallet,106082.99,53434.81,95792.59,66309.34,71845.58,4,0.8,0.247,0.37,0.585,63.74,0
C_2025_02247,Nov-2025,Token,65080.54,63587.67,143598.61,76183.59,94456.62,0,0.0,0.372,0.382,0.594,65.11,0
C_2025_02248,Nov-2025,NFT,178925.45,60500.39,142255.08,71700.36,91485.28,2,0.4,0.396,0.351,0.558,64.07,0
C_2025_02249,Nov-2025,Energy,134266.55,54212.38,255218.5145242318,55769.29,64895.56,5,0.4,0.416300275762198,0.376,0.609,82.28,1
C_2025_02250,Nov-2025,Token,65948.76,48596.33,93898.11,56742.93,66412.46,1,0.2,0.297,0.362,0.648,67.34,0
C_2025_02251,Nov-2025,Token,64971.16,51400.52,76364.55,56693.8,61486.29,0,0.0,0.175,0.395,0.632,79.92,0
C_2025_02252,Nov-2025,Token,75741.23,64776.54,161665.83,65501.97,97314.78,5,1.0,0.468,0.36,0.6,79.11,0
C_2025_02253,Nov-2025,DAO,90869.81,50242.15,383864.1452615704,48290.85,71989.42,6,0.2,0.8351594197147999,0.368,0.644,53.22,1
C_2025_02254,Nov-2025,Token,82952.47,50584.66,82224.44,59492.81,64100.64,0,0.0,0.208,0.393,0.632,94.2,0
C_2025_02255,Nov-2025,Token,63546.51,54411.99,93537.36,65206.56,71051.97,0,0.0,0.232,0.366,0.562,65.02,0
C_2025_02256,Nov-2025,Token,53506.06,52069.43,64286.03,61845.07,59400.18,0,0.0,0.089,0.399,0.572,76.51,0
C_2025_02257,Nov-2025,Token,59604.06,49200.42,89241.63,54450.31,64297.45,2,0.4,0.276,0.36,0.581,46.4,0
C_2025_02258,Nov-2025,DeFi,134994.85,49762.93,93006.74,59553.92,67441.2,2,0.4,0.275,0.388,0.638,49.43,0
C_2025_02259,Nov-2025,NFT,179023.78,49475.49,109589.4,50120.47,69728.45,2,0.4,0.404,0.368,0.578,77.11,0
C_2025_02260,Nov-2025,DAO,115084.88,52524.98,73636.29,64560.67,63573.98,1,0.2,0.136,0.395,0.595,50.84,0
C_2025_02261,Nov-2025,Wallet,108825.29,40140.36,87966.57,52137.6,60081.51,4,0.8,0.338,0.396,0.59,90.69,0
C_2025_02262,Nov-2025,Token,66614.28,46818.08,100958.29,60805.65,69527.34,2,0.4,0.33,0.368,0.57,53.67,0
C_2025_02263,Nov-2025,Healthcare,113138.93,38083.12,90562.0,48178.6,58941.24,0,0.0,0.386,0.354,0.575,54.03,0
C_2025_02264,Nov-2025,Wallet,107343.22,43566.9,85567.26,49285.7,59473.29,1,0.2,0.313,0.385,0.633,59.05,0
C_2025_02265,Nov-2025,Marketplace,107016.13,45951.92,63348.36,49947.14,53082.47,0,0.0,0.14,0.373,0.572,80.63,0
C_2025_02266,Nov-2025,DeFi,130772.54,46444.47,65966.69,41818.45,51409.87,2,0.4,0.204,0.383,0.611,66.03,0
C_2025_02267,Nov-2025,Token,72588.11,48417.14,73530.74,51289.44,57745.77,3,0.6,0.194,0.39,0.649,78.34,0
C_2025_02268,Nov-2025,Energy,114063.13,51549.24,121089.05,63755.29,78797.86,2,0.4,0.385,0.351,0.604,63.94,0
C_2025_02269,Nov-2025,DeFi,96932.77,41366.71,98992.33,43173.11,61177.38,3,0.6,0.437,0.388,0.621,58.07,0
C_2025_02270,Nov-2025,DAO,106554.97,46118.09,63197.32,46943.27,52086.23,1,0.2,0.151,0.398,0.619,90.97,0
C_2025_02271,Nov-2025,DeFi,140565.08,57025.71,99126.68,58731.8,71628.06,3,0.6,0.272,0.39,0.579,40.54,0
C_2025_02272,Nov-2025,DeFi,131200.41,61212.63,127981.76,77487.59,88893.99,2,0.4,0.32,0.365,0.63,64.7,0
C_2025_02273,Nov-2025,DAO,80433.36,34768.88,71258.68,37843.39,47956.99,0,0.0,0.345,0.375,0.641,48.77,0
C_2025_02274,Nov-2025,Token,71576.39,63295.44,137551.21,60778.82,87208.49,3,0.6,0.408,0.387,0.628,61.86,0
C_2025_02275,Nov-2025,DeFi,153396.13,40823.48,53945.36,48753.42,47840.75,0,0.0,0.113,0.36,0.616,45.41,0
C_2025_02276,Nov-2025,Marketplace,123691.56,53613.3,126197.88,53816.51,77875.9,1,0.2,0.439,0.371,0.606,79.26,0
C_2025_02277,Nov-2025,Token,52102.13,59813.17,132039.52,69422.8,87091.83,1,0.2,0.368,0.381,0.595,49.29,0
C_2025_02278,Nov-2025,DAO,95550.96,41508.22,164854.9242017096,46437.88,47863.61,6,0.6,0.20481470524642473,0.372,0.611,77.18,1
C_2025_02279,Nov-2025,DeFi,146229.22,57401.31,117492.38,53824.71,76239.47,5,1.0,0.383,0.393,0.65,82.85,0
C_2025_02280,Nov-2025,DeFi,119257.08,51530.9,370195.6354868421,60982.93,74345.1,5,0.2,0.5949143133066735,0.383,0.58,81.81,1
C_2025_02281,Nov-2025,Token,71218.85,41224.11,228273.53189553638,37250.02,47917.38,6,0.2,0.4165119848218611,0.383,0.643,93.31,1
C_2025_02282,Nov-2025,NFT,188827.13,45277.11,75142.76,57057.43,59159.1,1,0.2,0.208,0.37,0.584,83.18,0
C_2025_02283,Nov-2025,DeFi,155461.18,43400.14,86069.68,55997.27,61822.37,4,0.8,0.29,0.353,0.58,57.61,0
C_2025_02284,Nov-2025,Token,55148.25,48047.31,88650.55,55988.85,64228.9,2,0.4,0.274,0.394,0.644,73.98,0
C_2025_02285,Nov-2025,Healthcare,106507.77,51818.31,89667.09,53348.37,64944.59,1,0.2,0.269,0.382,0.587,87.34,0
C_2025_02286,Nov-2025,Healthcare,95217.58,54634.39,89434.76,67690.28,70586.48,1,0.2,0.203,0.382,0.585,56.17,0
C_2025_02287,Nov-2025,Energy,92140.1,48966.64,76851.86,45285.89,57034.8,1,0.2,0.247,0.398,0.609,83.31,0
C_2025_02288,Nov-2025,Token,68661.37,59321.26,248561.70425626799,62994.32,69409.72,5,0.4,0.32853904538262546,0.38,0.622,93.78,1
C_2025_02289,Nov-2025,DAO,102597.74,56773.78,120499.67,68430.07,81901.17,3,0.6,0.338,0.355,0.63,53.88,0
C_2025_02290,Nov-2025,Token,63894.72,45059.94,102098.61,42835.15,63331.23,1,0.2,0.433,0.355,0.585,44.6,0
C_2025_02291,Nov-2025,Healthcare,100352.74,56382.81,106012.16,54898.56,72431.18,1,0.2,0.328,0.387,0.559,56.32,0
C_2025_02292,Nov-2025,Marketplace,108501.73,56012.27,383845.48299091146,72623.28,88071.65,6,0.2,0.6823996984283239,0.39,0.566,53.86,1
C_2025_02293,Nov-2025,Marketplace,106013.63,61409.87,89781.19,71263.11,74151.39,1,0.2,0.159,0.364,0.572,60.89,0
C_2025_02294,Nov-2025,DeFi,141771.61,57739.33,119016.99,52110.57,76288.96,0,0.0,0.397,0.361,0.577,48.05,0
C_2025_02295,Nov-2025,DeFi,118972.4,48758.37,106050.86,59245.72,71351.65,1,0.2,0.349,0.395,0.647,51.13,0
C_2025_02296,Nov-2025,DeFi,142262.27,53913.92,102533.31,55495.17,70647.47,2,0.4,0.319,0.396,0.624,53.27,0
C_2025_02297,Nov-2025,Wallet,130516.47,56201.85,77682.38,58639.34,64174.52,2,0.4,0.15,0.356,0.602,70.12,0
C_2025_02298,Nov-2025,NFT,198002.57,38317.71,49402.65,36710.51,41476.96,1,0.2,0.136,0.394,0.564,77.07,0
C_2025_02299,Nov-2025,DAO,92055.41,37012.17,81217.9,40705.43,52978.5,2,0.4,0.378,0.388,0.611,73.86,0
C_2025_02300,Nov-2025,Token,74429.57,34925.36,45827.49,36445.37,39066.07,2,0.4,0.123,0.387,0.552,65.55,0
C_2025_02301,Nov-2025,Energy,107784.62,52149.96,64716.99,55975.86,57614.27,2,0.4,0.091,0.383,0.575,81.35,0
C_2025_02302,Nov-2025,DAO,106078.05,41299.89,84780.85,50854.52,58978.42,2,0.4,0.316,0.356,0.572,87.57,0
C_2025_02303,Nov-2025,Token,65555.4,43602.22,89091.9,51636.5,61443.54,2,0.4,0.323,0.359,0.57,40.66,0
C_2025_02304,Nov-2025,NFT,160965.35,47941.8,77566.73,55194.63,60234.39,2,0.4,0.209,0.357,0.569,93.4,0
C_2025_02305,Nov-2025,DeFi,110289.75,51638.07,414380.78502575174,54637.02,74893.21,7,0.4,0.6709321155830036,0.375,0.639,87.78,1
C_2025_02306,Nov-2025,NFT,146297.09,53068.32,91509.11,68471.58,71016.34,2,0.4,0.222,0.377,0.593,78.66,0
C_2025_02307,Nov-2025,NFT,175497.27,59494.18,375085.9171318249,61642.78,76573.81,4,0.0,0.4919084802304989,0.397,0.582,84.04,1
C_2025_02308,Nov-2025,DeFi,143706.11,55411.05,133972.77,63686.6,84356.81,1,0.2,0.418,0.381,0.627,54.94,0
C_2025_02309,Nov-2025,Healthcare,120046.51,55790.4,127232.47,57193.7,80072.19,1,0.2,0.417,0.387,0.596,72.86,0
C_2025_02310,Nov-2025,NFT,151664.52,47675.96,68245.2,44387.63,53436.26,2,0.4,0.198,0.353,0.596,80.57,0
C_2025_02311,Nov-2025,DeFi,122650.5,44124.36,66257.49,46755.07,52378.97,1,0.2,0.188,0.386,0.611,44.46,0
C_2025_02312,Nov-2025,Token,62033.63,67825.24,163793.55,68891.57,100170.12,2,0.4,0.449,0.395,0.599,77.34,0
C_2025_02313,Nov-2025,DeFi,123374.65,44833.21,87960.03,46071.09,59621.44,1,0.2,0.336,0.382,0.599,40.25,0
C_2025_02314,Nov-2025,Marketplace,98454.38,64793.64,106534.21,60754.32,77360.72,0,0.0,0.268,0.361,0.644,63.79,0
C_2025_02315,Nov-2025,DeFi,132401.97,43931.77,63376.32,48299.6,51869.23,2,0.4,0.161,0.373,0.622,63.83,0
C_2025_02316,Nov-2025,Wallet,117338.25,58871.98,102065.63,64852.94,75263.52,3,0.6,0.254,0.374,0.641,57.74,0
C_2025_02317,Nov-2025,Healthcare,108526.74,57218.61,74147.73,71626.75,67664.36,1,0.2,0.11,0.357,0.616,93.78,0
C_2025_02318,Nov-2025,Wallet,108836.35,42078.89,60375.95,50411.12,50955.32,0,0.0,0.147,0.362,0.57,70.39,0
C_2025_02319,Nov-2025,DeFi,130481.62,58643.51,74812.5,65994.8,66483.6,1,0.2,0.099,0.354,0.569,81.03,0
C_2025_02320,Nov-2025,NFT,195528.39,68544.82,104484.5,70799.58,81276.3,2,0.4,0.202,0.379,0.562,65.7,0
C_2025_02321,Nov-2025,DeFi,128371.24,54784.74,127232.21,54925.62,78980.86,3,0.6,0.432,0.382,0.55,53.93,0
C_2025_02322,Nov-2025,Healthcare,104141.76,47873.99,208265.30322030795,49235.95,57321.96,8,0.8,0.4254067017583932,0.374,0.615,43.06,1
C_2025_02323,Nov-2025,Marketplace,103535.11,52337.35,72349.42,50446.7,58377.83,4,0.8,0.17,0.381,0.591,48.0,0
C_2025_02324,Nov-2025,Wallet,100845.0,53123.97,76916.56,65187.35,65075.96,2,0.4,0.149,0.37,0.619,80.7,0
C_2025_02325,Nov-2025,Marketplace,116031.82,50087.52,423239.63468864595,53341.79,75254.51,7,0.6,0.8038058685110685,0.379,0.64,82.91,1
C_2025_02326,Nov-2025,DeFi,122131.95,53533.0,89185.14,53173.36,65297.17,1,0.2,0.259,0.368,0.606,64.12,0
C_2025_02327,Nov-2025,DeFi,122083.19,47773.16,346931.5906796065,43213.18,67900.62,5,0.0,0.7872322494950394,0.391,0.65,79.99,1
C_2025_02328,Nov-2025,Marketplace,91821.28,53076.53,64683.38,48211.78,55323.9,1,0.2,0.125,0.4,0.568,79.09,0
C_2025_02329,Nov-2025,DeFi,132091.23,40404.43,52719.49,48756.48,47293.47,1,0.2,0.109,0.392,0.605,90.69,0
C_2025_02330,Nov-2025,NFT,174840.64,52507.3,79269.12,63421.77,65066.06,1,0.2,0.169,0.392,0.628,55.07,0
C_2025_02331,Nov-2025,Marketplace,91638.43,36117.51,192304.77957373692,34923.8,45816.32,6,0.4,0.5089763574698645,0.391,0.602,52.69,1
C_2025_02332,Nov-2025,DeFi,146387.88,54795.53,88504.81,63459.93,68920.09,0,0.0,0.207,0.367,0.641,90.12,0
C_2025_02333,Nov-2025,DeFi,155763.7,55114.9,127327.55,70735.64,84392.7,2,0.4,0.368,0.354,0.592,83.48,0
C_2025_02334,Nov-2025,DeFi,131866.56,50773.53,166198.77957276718,56402.37,57167.07,3,0.0,0.14599765292949005,0.36,0.64,67.32,1
C_2025_02335,Nov-2025,NFT,210212.56,43276.52,59437.21,44588.98,49100.9,0,0.0,0.149,0.383,0.647,85.49,0
C_2025_02336,Nov-2025,Wallet,112877.56,58829.02,110229.57,62505.93,77188.17,1,0.2,0.303,0.353,0.645,40.21,0
C_2025_02337,Nov-2025,DeFi,148232.6,41569.67,94082.05,41492.55,59048.09,2,0.4,0.42,0.352,0.57,51.04,0
C_2025_02338,Nov-2025,NFT,177623.03,47981.68,81279.41,60157.25,63139.45,1,0.2,0.218,0.382,0.638,68.85,0
C_2025_02339,Nov-2025,Healthcare,121415.33,47377.48,75961.27,44144.89,55827.88,2,0.4,0.256,0.379,0.609,91.07,0
C_2025_02340,Nov-2025,Token,56972.53,42249.41,74892.51,44056.24,53732.72,5,1.0,0.279,0.399,0.572,79.29,0
C_2025_02341,Nov-2025,DeFi,150016.25,51145.66,93074.96,62069.12,68763.25,3,0.6,0.258,0.36,0.647,78.13,0
C_2025_02342,Nov-2025,Token,48908.07,57433.52,194493.28408684643,60170.47,63279.48,6,0.2,0.1942912449366831,0.359,0.601,72.22,1
C_2025_02343,Nov-2025,DAO,115921.79,38250.68,90671.01,41665.29,56862.32,2,0.4,0.421,0.355,0.598,72.35,0
C_2025_02344,Nov-2025,Wallet,88213.05,43797.06,89052.23,39453.82,57434.37,2,0.4,0.39,0.355,0.574,52.92,0
C_2025_02345,Nov-2025,Wallet,120890.08,52742.27,109385.14,55120.61,72416.01,3,0.6,0.361,0.398,0.648,64.74,0
C_2025_02346,Nov-2025,Marketplace,104379.82,56572.31,95231.38,54644.82,68816.17,0,0.0,0.272,0.383,0.601,52.71,0
C_2025_02347,Nov-2025,Marketplace,89642.5,39609.57,98373.07,49172.37,62385.0,2,0.4,0.413,0.383,0.647,61.47,0
C_2025_02348,Nov-2025,DeFi,112442.28,58254.1,90072.83,65807.48,71378.13,4,0.8,0.19,0.37,0.614,68.49,0
C_2025_02349,Nov-2025,Wallet,105356.19,62553.93,125334.25,58489.75,82125.97,3,0.6,0.373,0.377,0.62,58.7,0
C_2025_02350,Nov-2025,Wallet,110111.86,44037.25,87287.39,39736.42,57020.35,0,0.0,0.377,0.36,0.585,69.76,0
C_2025_02351,Nov-2025,Marketplace,97559.99,42361.01,98707.67,40582.7,60550.46,3,0.6,0.446,0.372,0.552,75.54,0
C_2025_02352,Nov-2025,DeFi,117443.41,52267.81,94124.28,66177.93,70856.67,0,0.0,0.246,0.373,0.596,84.59,0
C_2025_02353,Nov-2025,NFT,185747.31,55381.76,92769.46,51439.4,66530.21,2,0.4,0.28,0.398,0.595,74.78,0
C_2025_02354,Nov-2025,Energy,95845.79,51058.47,91882.95,57080.01,66673.81,3,0.6,0.27,0.362,0.569,47.79,0
C_2025_02355,Nov-2025,Token,61814.58,49686.39,88370.17,64361.86,67472.81,2,0.4,0.236,0.374,0.579,89.18,0
C_2025_02356,Nov-2025,DAO,107951.06,39450.52,77499.05,43617.14,53522.24,1,0.2,0.318,0.369,0.629,69.04,0
C_2025_02357,Nov-2025,Token,61886.31,49352.31,107558.47,63608.85,73506.54,3,0.6,0.337,0.351,0.615,67.12,0
C_2025_02358,Nov-2025,Marketplace,118376.59,58091.88,144319.88,64140.7,88850.82,1,0.2,0.442,0.374,0.637,42.33,0
C_2025_02359,Nov-2025,Energy,89849.5,57800.86,86121.18,58413.32,67445.12,0,0.0,0.196,0.374,0.556,79.52,0
C_2025_02360,Nov-2025,NFT,151000.09,45910.42,87611.29,59201.65,64241.12,3,0.6,0.271,0.395,0.57,87.24,0
C_2025_02361,Nov-2025,Marketplace,113969.15,48806.11,76400.33,62019.84,62408.76,1,0.2,0.181,0.399,0.559,52.02,0
C_2025_02362,Nov-2025,Marketplace,111927.34,49854.66,91489.89,55845.39,65729.98,3,0.6,0.28,0.365,0.56,75.44,0
C_2025_02363,Nov-2025,Token,60452.19,44014.99,103635.4,45366.35,64338.91,2,0.4,0.432,0.368,0.591,89.26,0
C_2025_02364,Nov-2025,Marketplace,97437.73,37825.33,83887.73,45525.91,55746.32,4,0.8,0.361,0.375,0.578,56.66,0
C_2025_02365,Nov-2025,Marketplace,103836.21,46803.49,67389.41,43305.92,52499.61,4,0.8,0.202,0.395,0.601,43.69,0
C_2025_02366,Nov-2025,Healthcare,104863.38,43569.94,54751.06,44603.3,47641.43,0,0.0,0.106,0.362,0.577,94.69,0
C_2025_02367,Nov-2025,Wallet,100811.86,43789.09,91642.93,54462.37,63298.13,2,0.4,0.324,0.36,0.583,73.51,0
C_2025_02368,Nov-2025,Marketplace,127336.53,41118.72,62007.72,48536.42,50554.29,1,0.2,0.171,0.378,0.619,53.13,0
C_2025_02369,Nov-2025,Token,69104.34,56215.37,84566.32,72517.26,71099.65,2,0.4,0.163,0.377,0.566,63.62,0
C_2025_02370,Nov-2025,Wallet,129091.3,44717.35,64844.55,54946.38,54836.09,1,0.2,0.15,0.389,0.613,56.94,0
C_2025_02371,Nov-2025,Token,52667.47,42773.89,84401.49,44187.56,57120.98,2,0.4,0.338,0.366,0.572,61.47,0
C_2025_02372,Nov-2025,Wallet,127143.82,77013.07,167956.33,75139.25,106702.88,2,0.4,0.406,0.384,0.631,60.82,0
C_2025_02373,Nov-2025,Wallet,116106.02,52618.56,115594.8,48076.45,72096.6,5,1.0,0.427,0.353,0.596,42.55,0
C_2025_02374,Nov-2025,Token,70587.46,36767.72,58920.62,43171.11,46286.48,3,0.6,0.201,0.392,0.633,57.71,0
C_2025_02375,Nov-2025,Healthcare,97294.6,41252.48,93016.57,50850.34,61706.46,1,0.2,0.364,0.357,0.597,94.93,0
C_2025_02376,Nov-2025,DeFi,122223.47,45361.16,55428.04,53974.37,51587.86,1,0.2,0.086,0.39,0.58,47.42,0
C_2025_02377,Nov-2025,Healthcare,99906.51,48726.07,75146.16,51090.91,58321.05,3,0.6,0.205,0.378,0.584,79.92,0
C_2025_02378,Nov-2025,Wallet,121879.41,62202.43,384298.69392028253,72975.44,86596.87,7,0.4,0.5408864389209607,0.394,0.584,46.88,1
C_2025_02379,Nov-2025,DAO,90022.53,60742.36,137286.83,65134.9,87721.36,1,0.2,0.4,0.36,0.589,73.37,0
C_2025_02380,Nov-2025,Marketplace,120956.8,64658.88,160643.22,76067.04,100456.38,1,0.2,0.426,0.353,0.581,47.51,0
C_2025_02381,Nov-2025,DAO,133528.61,71377.25,139011.58,85516.46,98635.1,2,0.4,0.295,0.367,0.576,49.72,0
C_2025_02382,Nov-2025,Token,82209.31,64450.26,96380.09,76358.02,79062.79,1,0.2,0.167,0.37,0.639,68.62,0
C_2025_02383,Nov-2025,Wallet,94918.78,43780.66,66387.28,41149.76,50439.23,1,0.2,0.225,0.365,0.555,82.98,0
C_2025_02384,Nov-2025,DeFi,129486.15,49341.36,95983.08,52490.55,65938.33,1,0.2,0.323,0.39,0.647,59.14,0
C_2025_02385,Nov-2025,DeFi,134741.45,62516.6,138703.74,73707.0,91642.44,4,0.8,0.367,0.375,0.6,73.57,0
C_2025_02386,Nov-2025,Healthcare,116357.27,41451.12,74345.96,47589.29,54462.12,1,0.2,0.262,0.361,0.638,66.84,0
C_2025_02387,Nov-2025,Healthcare,97074.0,55307.06,137518.63,61583.32,84803.0,1,0.2,0.441,0.364,0.632,56.95,0
C_2025_02388,Nov-2025,DeFi,130211.24,50523.16,116088.8,46942.39,71184.78,2,0.4,0.447,0.36,0.586,54.49,0
C_2025_02389,Nov-2025,Token,52366.71,59214.58,94848.17,58205.04,70755.93,1,0.2,0.241,0.398,0.565,90.23,0
C_2025_02390,Nov-2025,DeFi,100918.0,40916.45,61403.96,47229.96,49850.12,2,0.4,0.172,0.396,0.648,63.71,0
C_2025_02391,Nov-2025,DeFi,115809.4,67307.8,108933.87,62658.68,79633.45,2,0.4,0.261,0.379,0.638,51.97,0
C_2025_02392,Nov-2025,DAO,116635.32,44854.01,68698.96,43813.12,52455.36,1,0.2,0.219,0.394,0.612,62.33,0
C_2025_02393,Nov-2025,Wallet,117326.56,50369.99,67857.4,49518.04,55915.15,2,0.4,0.151,0.357,0.592,42.73,0
C_2025_02394,Nov-2025,DeFi,120857.83,51787.63,202832.73247246977,56659.54,58166.37,7,0.4,0.19139234557470255,0.4,0.603,60.64,1
C_2025_02395,Nov-2025,Energy,95283.44,46328.93,86444.69,49828.71,60867.45,1,0.2,0.298,0.366,0.601,43.21,0
C_2025_02396,Nov-2025,Marketplace,101358.05,50565.58,106238.99,46759.06,67854.54,4,0.8,0.401,0.386,0.564,58.67,0
C_2025_02397,Nov-2025,DeFi,130067.94,55579.1,359802.56253562984,51998.08,81390.47,4,0.2,0.8747181889145182,0.382,0.558,49.65,1
C_2025_02398,Nov-2025,NFT,192393.64,43254.4,61124.99,53577.18,52652.19,0,0.0,0.139,0.352,0.59,93.87,0
C_2025_02399,Nov-2025,DeFi,117729.97,58750.28,125282.99,57575.53,80536.26,1,0.2,0.393,0.373,0.627,81.91,0
C_2025_02400,Nov-2025,DAO,119410.04,50230.98,77502.35,50036.31,59256.55,2,0.4,0.218,0.38,0.587,81.11,0
C_2025_02401,Nov-2025,Wallet,112746.19,60815.66,73113.59,70214.49,68047.91,1,0.2,0.077,0.373,0.647,56.4,0
C_2025_02402,Nov-2025,Energy,101825.46,44782.1,86270.08,57317.28,62789.82,1,0.2,0.277,0.382,0.612,72.83,0
C_2025_02403,Nov-2025,DeFi,136152.27,41695.61,73351.49,37836.13,50961.08,2,0.4,0.312,0.398,0.56,80.28,0
C_2025_02404,Nov-2025,Marketplace,105941.76,45391.8,88155.1,51615.55,61720.82,4,0.8,0.306,0.361,0.566,62.0,0
C_2025_02405,Nov-2025,Marketplace,92166.05,53941.75,76388.93,61337.62,63889.43,2,0.4,0.146,0.355,0.644,58.53,0
C_2025_02406,Nov-2025,Wallet,99726.71,50720.67,119887.4,61668.95,77425.67,3,0.6,0.392,0.369,0.597,74.95,0
C_2025_02407,Nov-2025,Healthcare,111798.07,55412.56,128238.56,68994.84,84215.32,1,0.2,0.375,0.382,0.595,44.48,0
C_2025_02408,Nov-2025,Marketplace,111181.25,48192.13,110530.84,55878.32,71533.76,2,0.4,0.388,0.355,0.646,63.78,0
C_2025_02409,Nov-2025,DAO,114658.02,66403.17,84403.41,85069.01,78625.2,1,0.2,0.11,0.399,0.624,65.98,0
C_2025_02410,Nov-2025,Token,58088.6,51957.27,100201.41,48292.43,66817.04,3,0.6,0.354,0.362,0.639,71.53,0
C_2025_02411,Nov-2025,DeFi,112785.06,52950.6,122586.22,67373.6,80970.14,2,0.4,0.371,0.393,0.599,49.02,0
C_2025_02412,Nov-2025,DAO,124737.38,59007.44,92818.82,53755.62,68527.29,0,0.0,0.253,0.37,0.567,50.67,0
C_2025_02413,Nov-2025,DAO,115357.36,49159.99,107833.25,50531.52,69174.92,3,0.6,0.395,0.371,0.573,61.26,0
C_2025_02414,Nov-2025,DAO,137094.89,67978.86,148891.23,70937.24,95935.77,3,0.6,0.391,0.395,0.632,75.07,0
C_2025_02415,Nov-2025,Token,59790.59,51937.95,126484.08,48965.77,75795.94,1,0.2,0.473,0.371,0.611,89.99,0
C_2025_02416,Nov-2025,DeFi,134338.96,49798.67,98136.03,48016.95,65317.22,0,0.0,0.355,0.386,0.555,66.42,0
C_2025_02417,Nov-2025,Token,63275.66,40916.81,88989.66,44334.39,58080.28,0,0.0,0.377,0.363,0.587,43.83,0
C_2025_02418,Nov-2025,Wallet,131507.86,61245.59,78443.2,64976.95,68221.91,1,0.2,0.108,0.378,0.585,62.9,0
C_2025_02419,Nov-2025,DeFi,122707.95,53424.47,107108.0,58886.47,73139.65,1,0.2,0.33,0.378,0.598,76.72,0
C_2025_02420,Nov-2025,Marketplace,120945.38,52520.72,63099.39,58407.99,58009.37,0,0.0,0.075,0.355,0.603,81.08,0
C_2025_02421,Nov-2025,Energy,130902.34,42813.52,248765.54937719132,46017.45,55821.26,5,0.2,0.4639559616917905,0.367,0.615,46.38,1
C_2025_02422,Nov-2025,NFT,180336.52,44565.68,85128.8,47777.97,59157.48,0,0.0,0.311,0.371,0.629,88.93,0
C_2025_02423,Nov-2025,DeFi,125159.85,51188.25,106038.13,51003.68,69410.02,1,0.2,0.373,0.389,0.615,73.65,0
C_2025_02424,Nov-2025,Wallet,96118.25,55905.54,99402.16,64475.94,73261.21,2,0.4,0.257,0.389,0.594,76.86,0
C_2025_02425,Nov-2025,Token,70125.15,49494.12,70929.67,57908.22,59444.0,1,0.2,0.148,0.353,0.63,48.66,0
C_2025_02426,Nov-2025,Marketplace,98368.65,56751.91,111701.03,63201.47,77218.14,3,0.6,0.318,0.382,0.554,43.79,0
C_2025_02427,Nov-2025,NFT,198293.76,52183.31,88394.58,47900.95,62826.28,4,0.8,0.289,0.351,0.619,52.71,0
C_2025_02428,Nov-2025,Healthcare,108712.41,59140.36,111765.0,71061.55,80655.64,7,1.0,0.279,0.355,0.577,40.31,0
C_2025_02429,Nov-2025,DeFi,127250.25,41249.85,57357.82,52002.26,50203.31,1,0.2,0.133,0.362,0.632,84.17,0
C_2025_02430,Nov-2025,NFT,173691.43,52774.17,80503.14,63506.54,65594.61,2,0.4,0.174,0.39,0.578,67.94,0
C_2025_02431,Nov-2025,Marketplace,117894.67,50760.46,78504.95,64703.1,64656.17,4,0.8,0.175,0.359,0.637,79.88,0
C_2025_02432,Nov-2025,DeFi,137750.43,39699.77,207255.94840678366,38249.22,49562.15,5,0.2,0.5826237676359838,0.355,0.597,72.46,1
C_2025_02433,Nov-2025,Energy,108605.39,45697.37,70143.66,41687.9,52509.64,0,0.0,0.24,0.357,0.568,84.19,0
C_2025_02434,Nov-2025,DeFi,112914.15,48437.64,169137.82003952333,49366.49,54081.63,6,0.4,0.2650578365031434,0.37,0.606,41.63,1
C_2025_02435,Nov-2025,Healthcare,93964.76,63007.82,76406.04,73691.16,71035.01,2,0.4,0.081,0.376,0.589,78.53,0
C_2025_02436,Nov-2025,Token,58742.51,51250.6,104347.33,60214.09,71937.34,3,0.6,0.323,0.395,0.594,79.81,0
C_2025_02437,Nov-2025,DAO,110266.28,60906.45,104687.98,77118.56,80904.33,1,0.2,0.223,0.368,0.636,91.63,0
C_2025_02438,Nov-2025,Token,68705.11,47149.59,72405.92,60740.77,60098.76,1,0.2,0.172,0.352,0.565,50.32,0
C_2025_02439,Nov-2025,DeFi,118983.4,55671.75,136946.04,64269.96,85629.25,1,0.2,0.426,0.395,0.617,87.54,0
C_2025_02440,Nov-2025,DAO,112863.01,58342.92,97771.11,67739.16,74617.73,1,0.2,0.225,0.374,0.572,66.6,0
C_2025_02441,Nov-2025,DeFi,146619.74,45874.1,110088.23,58664.46,71542.26,1,0.2,0.388,0.352,0.565,93.11,0
C_2025_02442,Nov-2025,Token,74233.88,49014.06,88448.69,57068.4,64843.72,0,0.0,0.262,0.362,0.594,74.68,0
C_2025_02443,Nov-2025,DeFi,137762.27,44859.74,75082.92,55041.74,58328.14,0,0.0,0.215,0.384,0.579,83.75,0
C_2025_02444,Nov-2025,NFT,208668.3,42032.02,101490.39,38175.61,60566.01,0,0.0,0.478,0.389,0.615,56.11,0
C_2025_02445,Nov-2025,Token,60266.85,49942.1,72425.0,53427.99,58598.36,3,0.6,0.169,0.365,0.62,87.39,0
C_2025_02446,Nov-2025,Token,60520.59,40718.45,100727.39,52660.66,64702.17,1,0.2,0.401,0.364,0.59,64.26,0
C_2025_02447,Nov-2025,DeFi,142268.0,51945.77,84643.16,64412.44,67000.46,0,0.0,0.201,0.352,0.6,43.28,0
C_2025_02448,Nov-2025,Token,71833.6,48148.38,250449.48217804154,56930.18,59323.91,6,0.2,0.27961266567969206,0.378,0.633,62.52,1
C_2025_02449,Nov-2025,DeFi,142276.13,51919.77,385142.7540462561,50754.2,72759.56,7,0.6,0.7683242134950473,0.356,0.607,67.07,1
C_2025_02450,Nov-2025,Token,73399.55,50397.29,119103.32,54500.38,74667.0,2,0.4,0.421,0.398,0.615,55.26,0
C_2025_02451,Nov-2025,Energy,136954.26,54454.37,110635.11,61756.79,75615.42,0,0.0,0.33,0.352,0.584,63.51,0
C_2025_02452,Nov-2025,Token,70254.93,48019.11,67261.96,44310.78,53197.28,1,0.2,0.189,0.397,0.551,62.69,0
C_2025_02453,Nov-2025,Marketplace,107799.38,55416.71,73207.81,56589.22,61737.91,1,0.2,0.132,0.373,0.634,87.99,0
C_2025_02454,Nov-2025,Marketplace,117908.31,37511.66,62617.96,46425.04,48851.55,1,0.2,0.213,0.381,0.561,54.03,0
C_2025_02455,Nov-2025,Energy,104997.68,46714.17,93489.73,52574.09,64259.33,0,0.0,0.324,0.4,0.592,45.34,0
C_2025_02456,Nov-2025,Marketplace,112601.38,42156.38,104243.88,47585.29,64661.85,2,0.4,0.434,0.375,0.62,60.22,0
C_2025_02457,Nov-2025,Wallet,116243.38,27190.66,54086.08,27474.22,36250.32,1,0.2,0.348,0.384,0.627,80.58,0
C_2025_02458,Nov-2025,Energy,104446.03,55379.62,80501.9,56797.81,64226.44,4,0.8,0.179,0.38,0.578,46.0,0
C_2025_02459,Nov-2025,NFT,158370.43,53432.05,110497.87,61937.68,75289.2,1,0.2,0.334,0.389,0.65,86.81,0
C_2025_02460,Nov-2025,DAO,119302.18,59629.68,104251.53,71090.51,78323.91,3,0.6,0.242,0.356,0.606,54.58,0
C_2025_02461,Nov-2025,Wallet,107969.44,49675.82,273313.7100078355,60779.38,64928.75,6,0.2,0.3376104531833303,0.373,0.579,66.27,1
C_2025_02462,Nov-2025,Wallet,118201.58,48793.66,61164.34,57256.2,55738.07,2,0.4,0.093,0.377,0.554,67.46,0
C_2025_02463,Nov-2025,Marketplace,110419.15,41880.3,78627.12,53969.48,58158.97,1,0.2,0.263,0.362,0.563,81.61,0
C_2025_02464,Nov-2025,Marketplace,120849.8,62557.49,78390.32,75390.0,72112.6,3,0.6,0.095,0.369,0.568,79.76,0
C_2025_02465,Nov-2025,DeFi,116134.64,55131.36,77516.68,51316.38,61321.47,1,0.2,0.188,0.367,0.578,62.75,0
C_2025_02466,Nov-2025,Token,70464.5,53156.19,76405.56,62435.4,63999.05,2,0.4,0.149,0.35,0.602,48.29,0
C_2025_02467,Nov-2025,Wallet,110769.23,48821.84,105061.53,52936.53,68939.97,3,0.6,0.371,0.383,0.57,54.78,0
C_2025_02468,Nov-2025,Token,50567.02,33915.37,74842.25,35507.95,48088.53,0,0.0,0.394,0.363,0.571,80.24,0
C_2025_02469,Nov-2025,Wallet,132086.78,47906.66,83409.6,60165.7,63827.32,6,1.0,0.231,0.381,0.628,69.86,0
C_2025_02470,Nov-2025,Energy,100600.59,39607.76,93561.74,36533.38,56567.63,1,0.2,0.463,0.369,0.638,86.96,0
C_2025_02471,Nov-2025,Wallet,91555.18,55352.36,100635.75,58857.12,71615.08,1,0.2,0.287,0.377,0.58,76.34,0
C_2025_02472,Nov-2025,Token,59452.3,35429.2,44926.65,45952.21,42102.69,1,0.2,0.113,0.377,0.637,82.49,0
C_2025_02473,Nov-2025,NFT,159697.31,53410.94,109762.6,64441.34,75871.62,2,0.4,0.321,0.362,0.637,74.4,0
C_2025_02474,Nov-2025,Token,87287.3,57854.58,94396.13,57709.63,69986.78,1,0.2,0.247,0.374,0.613,45.7,0
C_2025_02475,Nov-2025,Marketplace,141501.67,55311.71,119763.4,54976.22,76683.78,1,0.2,0.397,0.399,0.572,94.22,0
C_2025_02476,Nov-2025,DeFi,142481.65,54375.75,202477.9665307688,55472.4,60478.55,5,0.0,0.24759609802827207,0.369,0.648,45.79,1
C_2025_02477,Nov-2025,Token,63958.44,50131.53,106604.07,49072.6,68602.73,0,0.0,0.392,0.367,0.627,45.86,0
C_2025_02478,Nov-2025,NFT,176660.76,53376.94,391210.7613502026,61946.79,76443.31,3,0.0,0.5925767621863671,0.38,0.563,62.07,1
C_2025_02479,Nov-2025,Token,78574.83,65899.21,89279.95,60217.01,71798.72,2,0.4,0.175,0.356,0.639,82.3,0
C_2025_02480,Nov-2025,DAO,90830.55,49408.54,325270.9531463103,46748.67,65150.2,3,0.0,0.612081258267986,0.354,0.619,67.17,1
C_2025_02481,Nov-2025,Marketplace,120999.53,52276.1,113043.24,56703.31,74007.55,2,0.4,0.374,0.4,0.552,70.24,0
C_2025_02482,Nov-2025,NFT,175730.12,34304.27,66081.23,34168.36,44851.29,2,0.4,0.335,0.369,0.577,85.13,0
C_2025_02483,Nov-2025,DeFi,139648.53,53118.92,75485.43,49370.42,59324.92,0,0.0,0.194,0.358,0.603,93.4,0
C_2025_02484,Nov-2025,DeFi,135754.67,49044.36,61288.83,62323.07,57552.09,0,0.0,0.105,0.396,0.556,92.15,0
C_2025_02485,Nov-2025,Token,59917.55,42292.01,77742.23,44503.39,54845.87,4,0.8,0.296,0.381,0.595,88.72,0
C_2025_02486,Nov-2025,Token,77599.47,42151.3,63083.63,42309.33,49181.42,1,0.2,0.2,0.363,0.555,86.02,0
C_2025_02487,Nov-2025,DAO,111337.44,73006.32,134229.78,82482.67,96572.92,1,0.2,0.279,0.375,0.583,85.46,0
C_2025_02488,Nov-2025,Token,59383.49,62021.82,142768.22,78650.08,94480.04,1,0.2,0.368,0.396,0.569,42.66,0
C_2025_02489,Nov-2025,DeFi,147902.03,42742.93,102593.99,49364.42,64900.45,1,0.2,0.413,0.353,0.61,93.14,0
C_2025_02490,Nov-2025,DeFi,120108.6,50032.01,74426.83,49927.8,58128.88,1,0.2,0.198,0.395,0.602,76.9,0
C_2025_02491,Nov-2025,Marketplace,121260.2,51675.97,97513.93,64653.24,71281.05,1,0.2,0.271,0.36,0.616,64.39,0
C_2025_02492,Nov-2025,Healthcare,102219.72,36657.73,65205.29,46343.47,49402.16,0,0.0,0.24,0.364,0.604,78.41,0
C_2025_02493,Nov-2025,DAO,116597.01,51300.92,114621.23,57602.26,74508.14,0,0.0,0.382,0.373,0.619,86.09,0
C_2025_02494,Nov-2025,DAO,111295.76,53766.03,309896.05052969954,48769.91,67961.55,4,0.0,0.6768993854347397,0.358,0.555,62.05,1
C_2025_02495,Nov-2025,DeFi,147837.59,38701.93,73392.97,44057.83,52050.91,1,0.2,0.293,0.398,0.559,91.64,0
C_2025_02496,Nov-2025,DeFi,131979.34,34261.95,45962.24,31807.85,37344.02,2,0.4,0.165,0.378,0.578,61.37,0
C_2025_02497,Nov-2025,Healthcare,90764.08,50784.32,73695.11,65086.95,63188.79,0,0.0,0.15,0.39,0.587,94.21,0
C_2025_02498,Nov-2025,Wallet,92754.15,39791.15,80724.42,51115.98,57210.52,4,0.8,0.302,0.393,0.599,74.09,0
C_2025_02499,Nov-2025,NFT,222673.51,61391.07,144702.57,63984.64,90026.1,0,0.0,0.43,0.373,0.571,67.41,0
C_2025_02500,Nov-2025,Energy,112795.58,56403.84,130409.21,54512.98,80442.01,2,0.4,0.439,0.382,0.645,44.35,0
C_2025_02501,Nov-2025,DAO,119587.28,51268.47,62168.33,59079.99,57505.6,1,0.2,0.08,0.381,0.555,81.42,0
C_2025_02502,Nov-2025,Healthcare,81596.37,50609.54,80961.03,62367.86,64646.14,5,1.0,0.193,0.364,0.56,66.35,0
C_2025_02503,Nov-2025,Marketplace,111048.56,55122.2,113983.38,52098.94,73734.84,0,0.0,0.386,0.373,0.645,59.84,0
C_2025_02504,Nov-2025,DeFi,151206.15,63153.95,146380.57,56922.34,88818.95,0,0.0,0.459,0.361,0.645,48.45,0
C_2025_02505,Nov-2025,Token,65323.12,45658.42,86163.2,56507.72,62776.45,4,0.8,0.273,0.396,0.617,62.78,0
C_2025_02506,Nov-2025,Token,57754.13,63233.84,85266.98,75095.98,74532.27,2,0.4,0.121,0.398,0.553,58.3,0
C_2025_02507,Nov-2025,DeFi,155773.02,39474.84,92660.04,51154.5,61096.46,4,0.8,0.374,0.389,0.598,61.26,0
C_2025_02508,Nov-2025,NFT,215235.13,52387.81,112369.05,54624.48,73127.11,3,0.6,0.38,0.36,0.618,62.81,0
C_2025_02509,Nov-2025,NFT,174764.64,49707.51,111780.67,60592.0,74026.73,2,0.4,0.366,0.361,0.603,40.61,0
C_2025_02510,Nov-2025,NFT,133429.61,47521.18,98717.2,54903.19,67047.19,1,0.2,0.337,0.363,0.613,43.98,0
C_2025_02511,Nov-2025,Wallet,113540.53,43701.48,95378.37,44952.21,61344.02,3,0.6,0.392,0.39,0.609,93.65,0
C_2025_02512,Nov-2025,DeFi,153075.92,48997.06,107723.88,53846.46,70189.13,1,0.2,0.379,0.356,0.593,91.9,0
C_2025_02513,Nov-2025,Marketplace,137441.57,50100.71,280774.67338439915,47747.44,66207.09,6,0.6,0.7341039248659538,0.371,0.56,53.33,1
C_2025_02514,Nov-2025,Marketplace,118729.88,32352.52,48520.27,32062.16,37644.98,3,0.6,0.204,0.363,0.643,77.01,0
C_2025_02515,Nov-2025,Energy,118159.62,69406.1,312128.68882530153,69751.19,82960.38,7,0.4,0.3772624864329533,0.378,0.567,47.72,1
C_2025_02516,Nov-2025,Energy,92060.26,57785.59,102462.19,60328.13,73525.3,3,0.6,0.279,0.387,0.576,67.98,0
C_2025_02517,Nov-2025,DeFi,100922.1,54770.67,99316.46,55412.11,69833.08,0,0.0,0.299,0.361,0.62,82.4,0
C_2025_02518,Nov-2025,Token,59683.32,37291.97,46561.84,37098.99,40317.6,2,0.4,0.11,0.363,0.632,51.5,0
C_2025_02519,Nov-2025,DeFi,148427.76,40083.15,77338.27,43464.08,53628.5,1,0.2,0.314,0.387,0.566,73.87,0
C_2025_02520,Nov-2025,Token,64022.52,58605.55,125508.64,71976.83,85363.67,0,0.0,0.339,0.385,0.642,71.7,0
C_2025_02521,Nov-2025,NFT,170136.91,48363.35,74366.18,45529.51,56086.35,1,0.2,0.231,0.361,0.594,66.07,0
C_2025_02522,Nov-2025,DeFi,156208.56,54445.85,68677.85,50757.06,57960.25,0,0.0,0.133,0.371,0.554,81.03,0
C_2025_02523,Nov-2025,NFT,117479.35,44171.77,97827.23,52355.1,64784.7,3,0.6,0.364,0.369,0.634,54.27,0
C_2025_02524,Nov-2025,DeFi,144926.77,40568.18,179129.7499809787,40229.91,46899.38,4,0.2,0.3282326634412636,0.394,0.617,85.53,1
C_2025_02525,Nov-2025,Wallet,100962.66,50608.82,67340.4,56770.79,58240.0,1,0.2,0.119,0.373,0.617,61.17,0
C_2025_02526,Nov-2025,Marketplace,117586.66,56415.26,358163.7164713426,73005.63,83672.58,4,0.2,0.4995475361352143,0.393,0.608,83.42,1
C_2025_02527,Nov-2025,Wallet,130562.36,37040.64,47129.26,47941.96,44037.29,3,0.6,0.113,0.352,0.636,61.8,0
C_2025_02528,Nov-2025,Token,68424.12,36889.65,64452.42,42816.58,48052.88,3,0.6,0.247,0.366,0.594,92.91,0
C_2025_02529,Nov-2025,DeFi,109910.95,37865.13,77605.13,40427.84,51966.03,4,0.8,0.349,0.385,0.621,59.76,0
C_2025_02530,Nov-2025,DeFi,158103.65,42852.65,53279.87,45664.93,47265.82,2,0.4,0.093,0.36,0.592,91.02,0
C_2025_02531,Nov-2025,Token,72144.54,51181.21,121433.83,65392.15,79335.73,1,0.2,0.382,0.397,0.564,42.2,0
C_2025_02532,Nov-2025,Marketplace,108065.4,46204.56,92734.64,49019.55,62652.91,0,0.0,0.34,0.374,0.594,81.63,0
C_2025_02533,Nov-2025,DeFi,116344.57,44317.76,67926.74,45270.41,52504.97,2,0.4,0.208,0.369,0.587,93.48,0
C_2025_02534,Nov-2025,DeFi,139900.61,45567.33,96633.45,41112.12,61104.3,3,0.6,0.412,0.378,0.575,41.95,0
C_2025_02535,Nov-2025,NFT,184008.24,45763.13,99008.47,44452.02,63074.54,1,0.2,0.403,0.388,0.634,45.21,0
C_2025_02536,Nov-2025,NFT,205599.96,52944.59,117645.41,50784.32,73791.44,2,0.4,0.42,0.371,0.63,44.91,0
C_2025_02537,Nov-2025,DeFi,123636.15,56461.12,67859.8,56103.37,60141.43,0,0.0,0.091,0.355,0.619,51.77,0
C_2025_02538,Nov-2025,Token,65225.59,55963.96,100630.35,60089.26,72227.86,2,0.4,0.279,0.394,0.593,44.07,0
C_2025_02539,Nov-2025,DAO,135808.77,53429.1,83256.27,65190.77,67292.05,2,0.4,0.182,0.398,0.577,71.77,0
C_2025_02540,Nov-2025,Marketplace,123063.61,43207.03,54532.84,39679.5,45806.45,2,0.4,0.138,0.38,0.62,51.07,0
C_2025_02541,Nov-2025,Wallet,89127.11,61354.77,137549.68,68107.7,89004.05,1,0.2,0.387,0.37,0.636,43.38,0
C_2025_02542,Nov-2025,Healthcare,113572.03,48295.09,65597.04,55628.71,56506.95,0,0.0,0.125,0.38,0.588,45.59,0
C_2025_02543,Nov-2025,NFT,209836.37,56278.6,117304.55,64991.31,79524.82,2,0.4,0.339,0.385,0.615,72.28,0
C_2025_02544,Nov-2025,DAO,104968.24,46010.52,70777.58,58335.11,58374.4,2,0.4,0.173,0.356,0.64,89.1,0
C_2025_02545,Nov-2025,Token,66394.49,48173.45,85779.51,49598.75,61183.9,3,0.6,0.284,0.366,0.582,58.14,0
C_2025_02546,Nov-2025,DAO,88074.45,50167.05,89181.91,52530.48,63959.81,3,0.6,0.279,0.366,0.552,45.96,0
C_2025_02547,Nov-2025,NFT,171129.09,49162.83,97510.64,63874.9,70182.79,0,0.0,0.288,0.391,0.562,76.85,0
C_2025_02548,Nov-2025,NFT,189927.9,52122.62,70268.04,53487.08,58625.91,0,0.0,0.141,0.37,0.641,82.98,0
C_2025_02549,Nov-2025,DeFi,133925.61,64129.94,150611.18,69246.02,94662.38,0,0.0,0.419,0.392,0.578,42.95,0
C_2025_02550,Nov-2025,Healthcare,113357.21,42325.43,84194.03,42497.84,56339.1,5,1.0,0.35,0.363,0.581,66.32,0
C_2025_02551,Nov-2025,DeFi,115295.69,49477.41,67495.04,53697.57,56890.01,3,0.6,0.135,0.369,0.569,48.06,0
C_2025_02552,Nov-2025,Energy,107918.16,61577.08,137157.79,72761.52,90498.8,0,0.0,0.368,0.376,0.594,63.31,0
C_2025_02553,Nov-2025,Token,67878.13,50254.16,113412.11,63394.86,75687.05,0,0.0,0.36,0.357,0.558,54.48,0
C_2025_02554,Nov-2025,Token,81093.77,43416.77,80367.95,54760.43,59515.05,1,0.2,0.26,0.393,0.598,64.93,0
C_2025_02555,Nov-2025,DAO,108403.77,50745.27,119111.37,59288.0,76381.54,3,0.6,0.398,0.358,0.582,45.7,0
C_2025_02556,Nov-2025,Wallet,103032.38,57211.01,141234.09,67568.3,88671.13,0,0.0,0.422,0.374,0.597,67.09,0
C_2025_02557,Nov-2025,Marketplace,104066.09,50301.16,105239.66,55073.57,70204.8,2,0.4,0.354,0.352,0.62,93.78,0
C_2025_02558,Nov-2025,NFT,142134.62,47082.86,66088.97,47788.08,53653.3,1,0.2,0.164,0.383,0.577,42.8,0
C_2025_02559,Nov-2025,Marketplace,121983.14,47153.37,87132.68,60635.15,64973.73,1,0.2,0.256,0.36,0.619,69.5,0
C_2025_02560,Nov-2025,DAO,127157.3,54662.62,117178.87,50144.5,73995.33,2,0.4,0.413,0.377,0.611,48.22,0
C_2025_02561,Nov-2025,DeFi,103195.49,42819.29,70888.69,40101.72,51269.9,0,0.0,0.271,0.358,0.587,89.2,0
C_2025_02562,Nov-2025,DeFi,124230.55,39206.62,62930.25,47634.22,49923.7,0,0.0,0.197,0.36,0.571,94.61,0
C_2025_02563,Nov-2025,DeFi,113694.55,51704.72,80341.85,50005.13,60683.9,0,0.0,0.229,0.39,0.6,74.72,0
C_2025_02564,Nov-2025,DAO,117414.06,34466.45,52900.47,35266.57,40877.83,1,0.2,0.208,0.381,0.635,46.62,0
C_2025_02565,Nov-2025,Token,74362.53,37199.35,71692.04,34913.69,47935.03,2,0.4,0.351,0.395,0.606,91.48,0
C_2025_02566,Nov-2025,Token,68961.13,45606.27,58271.86,57157.36,53678.49,2,0.4,0.107,0.391,0.61,59.82,0
C_2025_02567,Nov-2025,Healthcare,125172.25,48260.28,79176.08,45164.54,57533.63,2,0.4,0.267,0.36,0.64,51.96,0
C_2025_02568,Nov-2025,Healthcare,120396.55,52487.84,65367.72,64639.66,60831.74,2,0.4,0.097,0.385,0.575,41.21,0
C_2025_02569,Nov-2025,DAO,105256.36,53097.78,90791.17,65257.02,69715.32,0,0.0,0.225,0.393,0.6,60.14,0
C_2025_02570,Nov-2025,Marketplace,95101.65,60171.91,99372.4,71809.8,77118.04,1,0.2,0.213,0.39,0.631,67.37,0
C_2025_02571,Nov-2025,NFT,213160.22,52075.07,96966.74,55554.52,68198.78,1,0.2,0.299,0.38,0.639,77.8,0
C_2025_02572,Nov-2025,Wallet,105899.66,56362.24,87563.86,69917.86,71281.32,2,0.4,0.179,0.388,0.605,54.77,0
C_2025_02573,Nov-2025,NFT,213586.56,49569.27,60249.09,57251.86,55690.07,1,0.2,0.081,0.388,0.58,55.23,0
C_2025_02574,Nov-2025,Wallet,134039.74,47381.38,294140.40462843335,45322.32,68924.79,4,0.2,0.7808365479981242,0.388,0.595,78.88,1
C_2025_02575,Nov-2025,DeFi,143456.47,46293.9,87739.75,59137.83,64390.5,0,0.0,0.269,0.376,0.627,73.01,0
C_2025_02576,Nov-2025,DAO,97587.45,43341.73,79374.22,48406.79,57040.91,2,0.4,0.279,0.377,0.589,90.3,0
C_2025_02577,Nov-2025,DAO,108207.74,59320.99,71200.21,74766.62,68429.27,0,0.0,0.096,0.362,0.565,49.89,0
C_2025_02578,Nov-2025,Healthcare,114168.28,60586.64,148008.54,60137.17,89577.45,4,0.8,0.461,0.388,0.585,69.18,0
C_2025_02579,Nov-2025,Wallet,128407.06,62248.65,375183.53364528203,72499.81,89413.16,3,0.0,0.5585933148389381,0.373,0.616,56.28,1
C_2025_02580,Nov-2025,Wallet,100992.62,47009.9,81994.65,60865.23,63289.93,1,0.2,0.227,0.387,0.551,89.52,0
C_2025_02581,Nov-2025,DeFi,144575.89,47610.68,59543.43,45623.67,50925.93,1,0.2,0.121,0.392,0.551,75.26,0
C_2025_02582,Nov-2025,NFT,178689.78,48316.45,106883.0,53146.57,69448.67,0,0.0,0.382,0.382,0.566,50.45,0
C_2025_02583,Nov-2025,NFT,179327.43,57270.27,108819.11,74414.35,80167.91,2,0.4,0.267,0.362,0.56,74.87,0
C_2025_02584,Nov-2025,NFT,170121.85,43783.25,76649.18,48994.13,56475.52,1,0.2,0.255,0.369,0.563,73.42,0
C_2025_02585,Nov-2025,Token,63888.45,64119.77,97435.17,73632.28,78395.74,1,0.2,0.179,0.37,0.594,94.04,0
C_2025_02586,Nov-2025,Token,68706.47,55523.8,130781.32,66306.17,84203.76,1,0.2,0.395,0.373,0.625,72.08,0
C_2025_02587,Nov-2025,DeFi,122481.56,41834.08,67482.83,42023.95,50446.95,1,0.2,0.239,0.393,0.624,85.94,0
C_2025_02588,Nov-2025,Healthcare,107480.59,57684.03,240699.0357611636,53245.21,68699.44,5,0.2,0.4358735445354669,0.387,0.588,92.18,1
C_2025_02589,Nov-2025,DeFi,148971.54,47430.64,74345.23,48361.97,56712.61,5,1.0,0.22,0.372,0.589,50.56,0
C_2025_02590,Nov-2025,Wallet,99807.95,58239.37,88450.08,75445.85,74045.1,0,0.0,0.167,0.392,0.586,63.04,0
C_2025_02591,Nov-2025,DAO,115176.62,48886.63,103091.42,58760.53,70246.19,1,0.2,0.336,0.36,0.599,60.25,0
C_2025_02592,Nov-2025,DeFi,150761.5,46495.08,56681.36,54129.42,52435.29,0,0.0,0.083,0.353,0.591,86.25,0
C_2025_02593,Nov-2025,Marketplace,112099.08,40904.87,280605.57262243354,40569.99,55547.05,7,0.6,0.5986218960609181,0.381,0.609,41.48,1
C_2025_02594,Nov-2025,Token,61735.1,45063.15,80678.23,47257.12,57666.17,4,0.8,0.283,0.373,0.632,50.68,0
C_2025_02595,Nov-2025,DeFi,125978.78,44860.02,76511.78,45869.51,55747.1,0,0.0,0.263,0.363,0.618,61.23,0
C_2025_02596,Nov-2025,DAO,117204.81,67537.09,129250.37,67497.9,88095.12,1,0.2,0.33,0.372,0.607,50.01,0
C_2025_02597,Nov-2025,NFT,158527.14,44280.75,57198.57,46014.03,49164.45,2,0.4,0.116,0.383,0.615,92.24,0
C_2025_02598,Nov-2025,DeFi,135291.25,53432.71,390140.9593055705,53021.6,78891.99,7,0.8,0.7866890773732855,0.372,0.648,60.88,1
C_2025_02599,Nov-2025,DAO,114825.97,51442.28,87324.2,46736.34,61834.27,0,0.0,0.293,0.395,0.622,45.87,0
C_2025_02600,Nov-2025,NFT,170577.44,51444.49,81898.42,62351.26,65231.39,3,0.6,0.193,0.375,0.644,61.93,0
C_2025_02601,Nov-2025,DAO,101373.33,41036.48,94737.14,45106.29,60293.3,1,0.2,0.405,0.357,0.551,55.43,0
C_2025_02602,Nov-2025,Healthcare,128613.76,56155.66,127731.34,71355.05,85080.68,2,0.4,0.362,0.353,0.562,64.67,0
C_2025_02603,Nov-2025,NFT,161319.13,42584.92,86968.81,44433.48,57995.74,2,0.4,0.353,0.354,0.574,43.17,0
C_2025_02604,Nov-2025,Token,74968.47,53998.34,88647.08,56959.85,66535.09,1,0.2,0.236,0.356,0.6,75.54,0
C_2025_02605,Nov-2025,Energy,128852.2,55856.14,71148.24,59837.6,62280.66,1,0.2,0.104,0.394,0.578,45.24,0
C_2025_02606,Nov-2025,NFT,166055.79,47772.28,77350.43,53279.44,59467.39,2,0.4,0.216,0.358,0.567,50.59,0
C_2025_02607,Nov-2025,Wallet,110070.61,51032.02,302784.68545159086,53227.7,67202.01,6,0.4,0.5870448100911031,0.363,0.643,56.0,1
C_2025_02608,Nov-2025,Token,49393.86,43367.2,185699.7944970818,42255.86,47507.41,3,0.0,0.22804201426799528,0.385,0.591,83.01,1
C_2025_02609,Nov-2025,DeFi,116509.4,54881.95,106020.52,65702.67,75535.05,3,0.6,0.291,0.387,0.577,71.45,0
C_2025_02610,Nov-2025,NFT,187771.59,46114.52,243278.81930475458,53362.63,61207.85,7,0.6,0.4996913934282028,0.393,0.612,73.52,1
C_2025_02611,Nov-2025,Token,63866.73,51901.09,78446.63,57365.1,62570.94,2,0.4,0.183,0.373,0.611,85.22,0
C_2025_02612,Nov-2025,DeFi,138412.65,42662.35,94866.27,46026.04,61184.89,1,0.2,0.39,0.39,0.583,59.65,0
C_2025_02613,Nov-2025,Marketplace,109805.21,33107.43,69964.25,40018.44,47696.71,2,0.4,0.335,0.365,0.56,89.21,0
C_2025_02614,Nov-2025,NFT,197555.87,60789.26,77601.95,74597.49,70996.23,5,1.0,0.103,0.394,0.558,86.82,0
C_2025_02615,Nov-2025,Token,71035.73,37945.59,47412.58,45856.2,43738.12,0,0.0,0.095,0.371,0.632,78.24,0
C_2025_02616,Nov-2025,DeFi,131523.34,47854.98,117705.7,55612.49,73724.39,1,0.2,0.424,0.399,0.572,70.88,0
C_2025_02617,Nov-2025,Token,76205.22,45842.81,106704.01,47508.51,66685.11,2,0.4,0.424,0.364,0.604,48.47,0
C_2025_02618,Nov-2025,NFT,169588.41,44437.61,60147.17,48449.44,51011.41,3,0.6,0.131,0.359,0.644,61.57,0
C_2025_02619,Nov-2025,DeFi,91756.91,43287.21,67731.99,54456.08,55158.43,1,0.2,0.181,0.362,0.63,82.58,0
C_2025_02620,Nov-2025,Healthcare,122427.92,40704.64,86091.76,45792.91,57529.77,2,0.4,0.353,0.384,0.597,64.12,0
C_2025_02621,Nov-2025,Energy,103695.19,47239.08,193613.97235472844,47724.26,51273.52,7,0.4,0.1897243323247005,0.356,0.61,94.15,1
C_2025_02622,Nov-2025,NFT,190705.87,46242.92,115461.29,52505.21,71403.14,1,0.2,0.438,0.392,0.567,64.89,0
C_2025_02623,Nov-2025,NFT,151773.06,42245.76,97970.78,45146.42,61787.65,1,0.2,0.415,0.361,0.573,68.62,0
C_2025_02624,Nov-2025,Wallet,90344.38,44201.15,56141.49,48988.56,49777.06,2,0.4,0.099,0.38,0.636,62.48,0
C_2025_02625,Nov-2025,Wallet,101937.63,43491.59,62391.93,42553.12,49478.88,2,0.4,0.185,0.38,0.606,61.48,0
C_2025_02626,Nov-2025,NFT,185128.42,51192.65,72761.72,48539.05,57497.81,0,0.0,0.189,0.368,0.584,63.7,0
C_2025_02627,Nov-2025,Marketplace,129529.27,50167.15,85773.15,51784.8,62575.03,2,0.4,0.262,0.366,0.633,44.37,0
C_2025_02628,Nov-2025,NFT,163555.58,34564.67,49883.49,33595.67,39347.94,4,0.8,0.19,0.361,0.626,69.73,0
C_2025_02629,Nov-2025,NFT,153654.23,45002.47,70411.81,48229.85,54548.05,0,0.0,0.207,0.398,0.561,94.21,0
C_2025_02630,Nov-2025,NFT,169770.02,59307.13,128207.86,69306.68,85607.22,0,0.0,0.355,0.367,0.601,75.08,0
C_2025_02631,Nov-2025,DeFi,105814.38,70483.16,125185.0,77482.55,91050.24,2,0.4,0.267,0.382,0.622,72.86,0
C_2025_02632,Nov-2025,Token,73137.01,64853.09,80088.8,84298.6,76413.49,0,0.0,0.109,0.37,0.561,45.33,0
C_2025_02633,Nov-2025,Wallet,105840.17,60989.18,410812.97433777817,61545.07,86413.43,6,0.2,0.6863811541295526,0.381,0.631,64.87,1
C_2025_02634,Nov-2025,Healthcare,113511.18,49403.16,66782.21,54079.32,56754.9,1,0.2,0.129,0.363,0.553,88.23,0
C_2025_02635,Nov-2025,DeFi,148097.39,53304.43,100106.83,60756.6,71389.29,2,0.4,0.288,0.367,0.621,92.71,0
C_2025_02636,Nov-2025,Healthcare,107180.2,48487.37,117817.37,52054.64,72786.46,0,0.0,0.438,0.397,0.56,80.13,0
C_2025_02637,Nov-2025,Token,59094.85,51794.23,84961.87,49721.02,62159.04,2,0.4,0.26,0.399,0.585,54.2,0
C_2025_02638,Nov-2025,DAO,103333.08,46384.26,115908.61,47221.2,69838.02,3,0.6,0.466,0.395,0.625,52.53,0
C_2025_02639,Nov-2025,DeFi,139583.85,51739.37,95479.78,61748.08,69655.74,2,0.4,0.269,0.362,0.61,55.16,0
C_2025_02640,Nov-2025,Healthcare,108734.18,54079.45,97040.14,63848.41,71656.0,1,0.2,0.257,0.354,0.61,87.72,0
C_2025_02641,Nov-2025,DeFi,115394.65,62210.46,84982.22,76303.32,74498.67,3,0.6,0.126,0.375,0.634,44.59,0
C_2025_02642,Nov-2025,Wallet,92217.85,51260.14,84156.22,59347.53,64921.3,0,0.0,0.216,0.38,0.578,76.82,0
C_2025_02643,Nov-2025,Healthcare,115160.93,44770.47,91301.85,57686.61,64586.31,2,0.4,0.304,0.383,0.61,41.51,0
C_2025_02644,Nov-2025,Energy,112664.52,42086.86,100392.97,53138.88,65206.24,0,0.0,0.388,0.369,0.554,65.81,0
C_2025_02645,Nov-2025,Token,71166.27,55381.82,102383.6,51967.41,69910.94,2,0.4,0.329,0.366,0.625,80.35,0
C_2025_02646,Nov-2025,Token,63336.42,56129.1,104904.07,61009.92,74014.36,3,0.6,0.296,0.39,0.593,41.28,0
C_2025_02647,Nov-2025,DeFi,132572.1,46608.0,78469.98,58131.65,61069.87,1,0.2,0.216,0.384,0.569,63.24,0
C_2025_02648,Nov-2025,Token,72444.09,52491.27,94113.02,64217.62,70273.97,2,0.4,0.249,0.385,0.553,88.99,0
C_2025_02649,Nov-2025,DeFi,118708.64,56484.25,139828.67,54888.91,83733.94,3,0.6,0.474,0.387,0.566,54.82,0
C_2025_02650,Nov-2025,Token,73370.63,41232.06,93443.71,51975.79,62217.18,0,0.0,0.362,0.395,0.57,80.53,0
C_2025_02651,Nov-2025,Token,64646.74,37802.77,66005.34,47912.34,50573.48,2,0.4,0.231,0.398,0.624,85.61,0
C_2025_02652,Nov-2025,NFT,178924.85,42798.83,59298.23,43614.08,48570.38,2,0.4,0.156,0.377,0.607,44.34,0
C_2025_02653,Nov-2025,DAO,132118.52,50047.44,63519.99,60262.48,57943.31,2,0.4,0.099,0.392,0.559,62.21,0
C_2025_02654,Nov-2025,Energy,113655.0,48052.62,101698.36,43734.84,64495.27,0,0.0,0.409,0.365,0.564,74.67,0
C_2025_02655,Nov-2025,Energy,115468.73,51351.22,125176.41,59750.16,78759.26,0,0.0,0.419,0.368,0.601,67.45,0
C_2025_02656,Nov-2025,Wallet,115621.35,50840.9,119514.26,47971.6,72775.59,1,0.2,0.454,0.391,0.578,80.18,0
C_2025_02657,Nov-2025,DAO,106250.06,66244.37,96842.07,83166.97,82084.47,1,0.2,0.152,0.385,0.624,88.78,0
C_2025_02658,Nov-2025,DeFi,134777.73,41228.47,84696.85,44014.73,56646.69,3,0.6,0.351,0.356,0.551,46.87,0
C_2025_02659,Nov-2025,Token,62890.41,50834.29,112683.02,53496.99,72338.1,0,0.0,0.395,0.378,0.578,76.28,0
C_2025_02660,Nov-2025,NFT,200689.89,57928.48,144253.76,61095.95,87759.39,2,0.4,0.455,0.352,0.634,42.83,0
C_2025_02661,Nov-2025,Healthcare,108986.76,44778.11,68452.65,42566.73,51932.5,1,0.2,0.226,0.351,0.592,57.07,0
C_2025_02662,Nov-2025,Token,60447.32,34910.71,72250.79,40028.33,49063.28,3,0.6,0.337,0.388,0.564,67.01,0
C_2025_02663,Nov-2025,DAO,131914.65,42738.74,102269.87,54647.39,66552.0,0,0.0,0.386,0.363,0.631,68.51,0
C_2025_02664,Nov-2025,Token,79315.0,46808.03,92797.04,60302.11,66635.73,2,0.4,0.29,0.39,0.611,75.59,0
C_2025_02665,Nov-2025,Marketplace,110982.34,52607.71,89136.97,61894.57,67879.75,1,0.2,0.228,0.373,0.624,67.45,0
C_2025_02666,Nov-2025,DeFi,126095.38,61855.54,153297.71,62916.78,92690.01,0,0.0,0.462,0.372,0.604,59.2,0
C_2025_02667,Nov-2025,Wallet,119217.47,40795.72,68955.48,47019.0,52256.73,2,0.4,0.231,0.378,0.595,87.89,0
C_2025_02668,Nov-2025,Energy,105915.67,56600.08,74670.14,54734.14,62001.45,1,0.2,0.145,0.383,0.583,76.71,0
C_2025_02669,Nov-2025,DeFi,132714.07,54168.23,76167.83,61311.26,63882.44,2,0.4,0.143,0.371,0.61,68.84,0
C_2025_02670,Nov-2025,DAO,97816.95,51363.58,82683.63,59820.63,64622.61,0,0.0,0.205,0.365,0.62,75.79,0
C_2025_02671,Nov-2025,Token,66272.29,43266.13,60201.82,43305.44,48924.46,1,0.2,0.163,0.4,0.567,82.97,0
C_2025_02672,Nov-2025,Energy,122300.58,48436.03,118416.48,46942.15,71264.89,1,0.2,0.468,0.381,0.608,51.23,0
C_2025_02673,Nov-2025,DAO,102659.24,51822.03,79111.16,61604.23,64179.14,1,0.2,0.176,0.396,0.555,84.61,0
C_2025_02674,Nov-2025,DeFi,148881.21,54728.4,93609.58,52797.9,67045.29,3,0.6,0.28,0.359,0.642,42.42,0
C_2025_02675,Nov-2025,NFT,166291.82,48343.81,88222.13,49280.96,61948.97,2,0.4,0.3,0.368,0.628,75.41,0
C_2025_02676,Nov-2025,Wallet,124163.81,40015.92,87831.2,45497.86,57781.66,1,0.2,0.37,0.39,0.632,78.37,0
C_2025_02677,Nov-2025,Token,66207.91,43998.6,99759.21,46456.68,63404.83,0,0.0,0.406,0.379,0.633,42.69,0
C_2025_02678,Nov-2025,NFT,209129.35,59244.38,117486.17,68724.28,81818.28,1,0.2,0.312,0.362,0.612,40.97,0
C_2025_02679,Nov-2025,Token,76448.16,59327.09,89638.92,67588.58,72184.86,1,0.2,0.177,0.373,0.641,63.46,0
C_2025_02680,Nov-2025,Token,62087.21,50813.97,66116.09,47385.2,54771.75,2,0.4,0.149,0.387,0.567,53.56,0
C_2025_02681,Nov-2025,Marketplace,87684.54,43904.13,86096.44,45446.76,58482.44,4,0.8,0.334,0.378,0.615,70.64,0
C_2025_02682,Nov-2025,Token,67075.3,61621.08,230899.3792833621,75413.86,73292.78,5,0.4,0.23294115919630576,0.364,0.58,67.94,1
C_2025_02683,Nov-2025,DeFi,125387.04,42141.29,60548.84,42390.14,48360.09,2,0.4,0.178,0.378,0.554,44.69,0
C_2025_02684,Nov-2025,NFT,195693.97,57205.19,349728.25975776365,62336.3,82906.94,5,0.2,0.6204175465123795,0.362,0.563,83.86,1
C_2025_02685,Nov-2025,NFT,163616.6,46413.7,237504.2100973885,43203.4,60970.23,4,0.0,0.7353932330510424,0.355,0.55,78.33,1
C_2025_02686,Nov-2025,Wallet,93049.0,52424.13,78788.56,64187.45,65133.38,2,0.4,0.166,0.362,0.647,71.11,0
C_2025_02687,Nov-2025,Token,62940.56,41907.44,68231.12,41305.44,50481.33,2,0.4,0.249,0.368,0.626,51.47,0
C_2025_02688,Nov-2025,DAO,129780.95,56043.69,114898.76,66275.22,79072.56,3,0.6,0.325,0.351,0.579,42.68,0
C_2025_02689,Nov-2025,Wallet,101076.04,52253.35,321325.14371654164,60542.65,77649.44,4,0.0,0.7273255165729651,0.386,0.636,76.36,1
C_2025_02690,Nov-2025,DeFi,118835.88,61387.5,99890.93,67030.74,76103.06,1,0.2,0.223,0.355,0.636,41.45,0
C_2025_02691,Nov-2025,DeFi,126044.42,54463.5,101339.67,51899.26,69234.14,4,0.8,0.328,0.365,0.599,73.4,0
C_2025_02692,Nov-2025,Token,63524.36,55422.72,117163.28,71185.14,81257.05,0,0.0,0.322,0.393,0.592,80.28,0
C_2025_02693,Nov-2025,Wallet,98014.22,40062.77,49488.47,51623.35,47058.2,1,0.2,0.107,0.4,0.611,86.96,0
C_2025_02694,Nov-2025,Energy,108018.45,44821.71,92805.42,42247.75,59958.29,1,0.2,0.388,0.361,0.58,93.19,0
C_2025_02695,Nov-2025,Token,57497.71,44466.97,84357.05,51954.46,60259.49,2,0.4,0.287,0.37,0.627,89.77,0
C_2025_02696,Nov-2025,DAO,103174.33,51038.78,87564.15,47450.29,62017.74,1,0.2,0.292,0.359,0.592,65.45,0
C_2025_02697,Nov-2025,NFT,156528.81,31123.11,66205.41,32607.91,43312.14,1,0.2,0.374,0.368,0.611,66.98,0
C_2025_02698,Nov-2025,DAO,115522.87,63564.9,142680.72,68482.49,91576.04,2,0.4,0.395,0.369,0.612,41.59,0
C_2025_02699,Nov-2025,Token,81247.63,39640.21,97419.31,49582.24,62213.92,1,0.2,0.405,0.353,0.574,82.62,0
C_2025_02700,Nov-2025,Token,62128.36,45535.85,110527.12,55988.25,70683.74,3,0.6,0.403,0.376,0.594,57.11,0
C_2025_02701,Nov-2025,Energy,108384.61,60031.45,76743.42,60630.94,65801.94,1,0.2,0.118,0.382,0.606,67.87,0
C_2025_02702,Nov-2025,DeFi,148728.81,55883.0,107334.49,71268.39,78161.96,5,1.0,0.276,0.395,0.64,85.7,0
C_2025_02703,Nov-2025,DeFi,112972.6,47513.29,77643.52,57344.52,60833.77,1,0.2,0.206,0.378,0.61,91.46,0
C_2025_02704,Nov-2025,DeFi,146922.83,55091.03,107782.41,67951.05,76941.5,1,0.2,0.292,0.396,0.619,76.93,0
C_2025_02705,Nov-2025,NFT,129812.58,45205.8,86903.57,42865.34,58324.91,1,0.2,0.347,0.377,0.613,92.65,0
C_2025_02706,Nov-2025,Token,71511.26,52582.09,101125.61,60509.95,71405.88,0,0.0,0.298,0.357,0.608,61.76,0
C_2025_02707,Nov-2025,Marketplace,112437.84,61247.31,143746.1,78943.66,94645.69,0,0.0,0.375,0.37,0.616,56.8,0
C_2025_02708,Nov-2025,Marketplace,119566.14,45264.42,112006.44,54748.28,70673.05,2,0.4,0.417,0.373,0.6,51.19,0
C_2025_02709,Nov-2025,Wallet,112760.2,52918.81,110350.04,67734.49,77001.11,1,0.2,0.316,0.391,0.65,71.81,0
C_2025_02710,Nov-2025,Marketplace,110883.67,43724.46,68244.8,55355.64,55774.97,2,0.4,0.18,0.369,0.645,51.07,0
C_2025_02711,Nov-2025,DeFi,102039.03,60500.07,133488.39,57579.04,83855.84,2,0.4,0.419,0.353,0.621,67.68,0
C_2025_02712,Nov-2025,Token,77526.56,54967.0,71017.69,49967.54,58650.74,2,0.4,0.153,0.392,0.616,58.27,0
C_2025_02713,Nov-2025,DAO,116380.38,50144.59,74282.59,55149.73,59858.97,1,0.2,0.174,0.352,0.551,57.86,0
C_2025_02714,Nov-2025,Marketplace,105079.73,49534.71,68070.02,50979.59,56194.78,2,0.4,0.15,0.375,0.575,40.01,0
C_2025_02715,Nov-2025,Wallet,107282.14,41387.13,91653.91,37781.32,56940.79,1,0.2,0.432,0.362,0.566,89.9,0
C_2025_02716,Nov-2025,Wallet,88750.71,58070.02,100311.2,55028.61,71136.61,2,0.4,0.291,0.359,0.609,82.82,0
C_2025_02717,Nov-2025,DAO,118054.06,41590.95,103387.83,37654.38,60877.72,1,0.2,0.494,0.366,0.591,90.65,0
C_2025_02718,Nov-2025,Token,74837.36,46698.4,87205.66,42762.32,58888.79,1,0.2,0.341,0.38,0.638,44.39,0
C_2025_02719,Nov-2025,DeFi,149164.29,51698.61,128327.43,61507.44,80511.16,1,0.2,0.423,0.385,0.62,86.98,0
C_2025_02720,Nov-2025,Token,68449.68,51068.75,92209.23,65583.76,69620.58,6,1.0,0.245,0.357,0.563,41.29,0
C_2025_02721,Nov-2025,DAO,94906.84,58770.51,131138.64,64374.15,84761.1,0,0.0,0.388,0.394,0.584,78.44,0
C_2025_02722,Nov-2025,Marketplace,110007.62,35073.33,79305.31,33765.48,49381.37,1,0.2,0.429,0.377,0.642,92.01,0
C_2025_02723,Nov-2025,Wallet,103488.07,46733.31,100089.84,42844.6,63222.58,2,0.4,0.413,0.359,0.599,90.67,0
C_2025_02724,Nov-2025,DAO,127630.56,56220.07,92040.3,54836.69,67699.02,1,0.2,0.254,0.364,0.604,78.93,0
C_2025_02725,Nov-2025,Token,59126.53,54105.74,117710.29,63253.68,78356.57,0,0.0,0.358,0.353,0.615,61.1,0
C_2025_02726,Nov-2025,DeFi,133201.69,64025.56,155198.12,73478.56,97567.41,1,0.2,0.42,0.379,0.564,62.25,0
C_2025_02727,Nov-2025,DeFi,127254.96,44453.79,102063.49,46728.65,64415.31,3,0.6,0.414,0.396,0.555,77.89,0
C_2025_02728,Nov-2025,Token,56989.16,66473.19,100535.19,71277.76,79428.71,3,0.6,0.19,0.369,0.552,91.86,0
C_2025_02729,Nov-2025,Token,57410.39,36488.79,86848.64,40525.88,54621.1,1,0.2,0.418,0.375,0.642,70.73,0
C_2025_02730,Nov-2025,NFT,191431.0,35178.72,44163.27,40241.53,39861.17,2,0.4,0.092,0.389,0.602,60.38,0
C_2025_02731,Nov-2025,Token,49400.95,53600.93,101077.0,60081.82,71586.58,0,0.0,0.294,0.383,0.613,82.32,0
C_2025_02732,Nov-2025,DeFi,125997.39,45689.92,93442.46,43619.82,60917.4,1,0.2,0.378,0.367,0.635,82.59,0
C_2025_02733,Nov-2025,Token,72128.63,52785.59,112013.68,58473.24,74424.17,3,0.6,0.358,0.395,0.58,40.51,0
C_2025_02734,Nov-2025,Token,63660.3,48959.55,79054.59,60237.46,62750.53,1,0.2,0.198,0.389,0.6,68.2,0
C_2025_02735,Nov-2025,Healthcare,121200.11,47176.29,76134.29,44235.12,55848.57,1,0.2,0.258,0.383,0.569,46.15,0
C_2025_02736,Nov-2025,Wallet,125246.97,59270.74,99337.43,73325.05,77311.07,1,0.2,0.215,0.379,0.551,79.22,0
C_2025_02737,Nov-2025,NFT,149127.49,47107.9,102595.76,57672.3,69125.32,0,0.0,0.348,0.352,0.583,74.43,0
C_2025_02738,Nov-2025,Token,66790.77,61407.28,120049.6,74913.4,85456.76,2,0.4,0.293,0.394,0.574,54.52,0
C_2025_02739,Nov-2025,Marketplace,112179.38,48307.98,83829.35,50199.61,60778.98,3,0.6,0.268,0.395,0.583,40.7,0
C_2025_02740,Nov-2025,Marketplace,112496.38,30328.36,40660.82,33818.27,34935.81,2,0.4,0.123,0.367,0.642,42.68,0
C_2025_02741,Nov-2025,Wallet,90074.34,46900.62,110776.88,44012.52,67230.01,1,0.2,0.458,0.394,0.572,75.47,0
C_2025_02742,Nov-2025,NFT,209677.66,60218.99,106220.61,62441.86,76293.82,0,0.0,0.278,0.38,0.645,59.79,0
C_2025_02743,Nov-2025,Wallet,107783.29,54310.71,91983.08,58934.56,68409.45,3,0.6,0.245,0.352,0.58,59.03,0
C_2025_02744,Nov-2025,DeFi,158346.65,65229.07,138472.83,77414.58,93705.49,1,0.2,0.342,0.351,0.622,45.61,0
C_2025_02745,Nov-2025,Token,66647.69,63953.35,113097.07,75226.18,84092.2,0,0.0,0.25,0.361,0.612,86.6,0
C_2025_02746,Nov-2025,Token,53698.54,44430.17,83278.02,51046.99,59585.06,2,0.4,0.285,0.352,0.572,64.79,0
C_2025_02747,Nov-2025,NFT,154933.49,55663.08,137439.63,57189.54,83430.75,1,0.2,0.458,0.394,0.629,50.75,0
C_2025_02748,Nov-2025,NFT,171158.3,53615.04,112583.13,65817.32,77338.5,4,0.8,0.329,0.365,0.614,80.32,0
C_2025_02749,Nov-2025,Healthcare,100530.3,50512.75,115879.97,64876.03,77089.58,1,0.2,0.364,0.351,0.574,78.5,0
C_2025_02750,Nov-2025,DeFi,157507.37,53996.01,84195.71,60905.27,66365.66,3,0.6,0.195,0.365,0.571,50.3,0
C_2025_02751,Nov-2025,NFT,168344.17,49190.45,77125.19,57104.66,61140.1,1,0.2,0.192,0.364,0.607,57.52,0
C_2025_02752,Nov-2025,Wallet,129841.28,44902.44,54423.86,45376.5,48234.27,0,0.0,0.091,0.356,0.646,60.71,0
C_2025_02753,Nov-2025,NFT,209488.37,51598.21,65100.52,51412.92,56037.22,3,0.6,0.114,0.388,0.58,46.44,0
C_2025_02754,Nov-2025,DAO,101998.64,38519.28,48837.29,42042.72,43133.1,2,0.4,0.099,0.372,0.621,43.2,0
C_2025_02755,Nov-2025,DeFi,127518.04,45497.37,171594.0918010762,57959.66,56528.44,5,0.2,0.28517647499242077,0.385,0.587,47.27,1
C_2025_02756,Nov-2025,Token,70475.94,39919.94,50596.08,40282.23,43599.42,0,0.0,0.114,0.36,0.618,85.42,0
C_2025_02757,Nov-2025,DeFi,143555.78,60709.42,145179.75,56056.47,87315.21,0,0.0,0.469,0.371,0.587,62.99,0
C_2025_02758,Nov-2025,Token,61329.87,46926.22,87374.33,59653.6,64651.38,1,0.2,0.261,0.385,0.579,53.48,0
C_2025_02759,Nov-2025,NFT,198619.19,42581.6,96424.55,48339.59,62448.58,1,0.2,0.387,0.356,0.643,75.1,0
C_2025_02760,Nov-2025,NFT,183909.58,49601.45,112336.85,48040.31,69992.87,2,0.4,0.428,0.385,0.605,41.67,0
C_2025_02761,Nov-2025,DeFi,149491.47,61288.84,85026.66,63715.58,70010.36,1,0.2,0.152,0.393,0.553,45.66,0
C_2025_02762,Nov-2025,DeFi,131120.37,41838.8,83934.84,44411.74,56728.46,2,0.4,0.34,0.364,0.554,40.76,0
C_2025_02763,Nov-2025,NFT,152487.46,45673.59,70742.72,56104.48,57506.93,0,0.0,0.179,0.389,0.618,57.95,0
C_2025_02764,Nov-2025,DeFi,98044.56,64279.86,87865.04,81177.37,77774.09,3,0.6,0.128,0.36,0.565,85.69,0
C_2025_02765,Nov-2025,DeFi,131303.28,59006.66,78799.35,56306.91,64704.3,2,0.4,0.155,0.351,0.583,41.68,0
C_2025_02766,Nov-2025,Wallet,109596.98,60382.19,122842.68,64282.51,82502.46,1,0.2,0.346,0.389,0.62,59.84,0
C_2025_02767,Nov-2025,DeFi,132546.82,45190.25,84460.11,48530.77,59393.71,2,0.4,0.299,0.358,0.632,71.69,0
C_2025_02768,Nov-2025,Marketplace,113101.63,44340.48,77710.77,54297.33,58782.86,3,0.6,0.238,0.378,0.626,67.32,0
C_2025_02769,Nov-2025,DAO,120423.85,51629.54,75251.57,48495.55,58458.89,5,1.0,0.204,0.354,0.626,49.86,0
C_2025_02770,Nov-2025,NFT,163816.71,38815.98,62452.48,39928.47,47065.64,0,0.0,0.231,0.365,0.552,66.01,0
C_2025_02771,Nov-2025,Token,69129.46,53061.82,320526.85164532834,56594.84,76641.43,4,0.2,0.7324006170956541,0.353,0.618,75.68,1
C_2025_02772,Nov-2025,Energy,115695.01,59863.27,219867.41244561117,74306.19,72738.35,7,0.6,0.23687976898723237,0.354,0.568,45.11,1
C_2025_02773,Nov-2025,DeFi,126217.92,37210.41,88518.12,46468.64,57399.05,1,0.2,0.389,0.367,0.618,47.1,0
C_2025_02774,Nov-2025,NFT,201989.46,42348.26,58976.96,49815.39,50380.2,0,0.0,0.135,0.358,0.621,79.15,0
C_2025_02775,Nov-2025,Marketplace,105748.13,67677.03,431628.8845232377,81856.74,96708.24,10,1.0,0.5441000640845712,0.358,0.632,84.18,1
C_2025_02776,Nov-2025,Token,56242.64,66389.15,81913.75,68438.64,72247.18,1,0.2,0.095,0.396,0.561,68.54,0
C_2025_02777,Nov-2025,NFT,171289.93,58772.75,146908.62,64980.64,90220.67,0,0.0,0.445,0.378,0.573,75.0,0
C_2025_02778,Nov-2025,Token,57483.08,41606.28,53675.21,42203.21,45828.23,0,0.0,0.121,0.375,0.621,81.31,0
C_2025_02779,Nov-2025,Marketplace,107914.24,46173.07,72705.19,43482.11,54120.12,1,0.2,0.244,0.382,0.638,65.02,0
C_2025_02780,Nov-2025,Wallet,102438.87,53512.47,126474.38,51427.51,77138.12,0,0.0,0.452,0.355,0.581,70.38,0
C_2025_02781,Nov-2025,DeFi,148050.43,34824.1,70006.91,42801.99,49211.0,3,0.6,0.306,0.357,0.57,77.87,0
C_2025_02782,Nov-2025,DeFi,125726.04,58803.13,145470.57,58005.1,87426.27,1,0.2,0.469,0.397,0.579,65.89,0
C_2025_02783,Nov-2025,Energy,111112.42,39093.0,90485.66,39938.03,56505.56,2,0.4,0.425,0.388,0.576,49.64,0
C_2025_02784,Nov-2025,Token,77682.91,56237.89,333289.4201528226,51495.32,68026.45,6,0.4,0.5004810662214072,0.375,0.553,58.66,1
C_2025_02785,Nov-2025,DeFi,160859.49,71534.03,105200.82,86606.17,87780.34,1,0.2,0.157,0.364,0.593,51.41,0
C_2025_02786,Nov-2025,Energy,97227.47,65219.44,79629.84,59432.26,68093.84,1,0.2,0.125,0.379,0.591,75.99,0
C_2025_02787,Nov-2025,Token,65317.58,54999.7,122296.91,66066.55,81121.05,1,0.2,0.363,0.391,0.641,61.6,0
C_2025_02788,Nov-2025,Energy,113328.48,49086.05,98953.68,51651.81,66563.84,2,0.4,0.344,0.377,0.607,85.42,0
C_2025_02789,Nov-2025,DeFi,150030.18,48540.73,261055.47100953152,54858.17,60431.05,3,0.0,0.35461724428948393,0.369,0.636,51.88,1
C_2025_02790,Nov-2025,DAO,102745.04,56910.74,70844.57,53722.25,60492.52,1,0.2,0.123,0.383,0.62,58.98,0
C_2025_02791,Nov-2025,DAO,80486.3,44871.93,109108.51,46127.43,66702.62,0,0.0,0.45,0.368,0.617,78.35,0
C_2025_02792,Nov-2025,DeFi,124310.65,35674.63,77465.67,45186.02,52775.44,1,0.2,0.339,0.395,0.586,66.43,0
C_2025_02793,Nov-2025,Wallet,100663.89,40885.51,67822.77,51724.07,53477.45,3,0.6,0.207,0.385,0.589,74.81,0
C_2025_02794,Nov-2025,Wallet,104752.91,69471.17,168655.4,63167.25,100431.27,2,0.4,0.481,0.384,0.551,55.69,0
C_2025_02795,Nov-2025,Token,61433.15,46669.92,100201.23,46474.86,64448.67,1,0.2,0.392,0.379,0.622,58.21,0
C_2025_02796,Nov-2025,NFT,198606.37,52994.5,233823.3506361123,62759.71,61946.33,5,0.2,0.18780579403441183,0.377,0.573,85.17,1
C_2025_02797,Nov-2025,DAO,140450.71,54792.25,117740.47,54995.22,75842.65,4,0.8,0.391,0.353,0.583,44.81,0
C_2025_02798,Nov-2025,DeFi,109167.35,57001.72,116809.07,56098.85,76636.55,1,0.2,0.371,0.395,0.634,77.33,0
C_2025_02799,Nov-2025,DeFi,132301.32,40403.03,62884.52,39951.74,47746.43,1,0.2,0.224,0.357,0.603,61.29,0
C_2025_02800,Nov-2025,DeFi,122667.92,52308.56,104972.68,56210.64,71163.96,1,0.2,0.337,0.352,0.635,57.95,0
C_2025_02801,Nov-2025,DeFi,135198.0,51121.64,98894.17,54130.6,68048.8,2,0.4,0.321,0.383,0.593,86.48,0
C_2025_02802,Nov-2025,Token,56972.19,57911.38,114632.82,62085.5,78209.9,0,0.0,0.33,0.39,0.562,68.05,0
C_2025_02803,Nov-2025,Marketplace,95217.58,39779.16,72420.92,51665.54,54621.87,1,0.2,0.247,0.381,0.574,45.81,0
C_2025_02804,Nov-2025,Token,50230.49,36125.21,52063.97,43841.82,44010.33,0,0.0,0.148,0.396,0.609,41.52,0
C_2025_02805,Nov-2025,Marketplace,88901.41,46738.36,100344.81,51144.48,66075.88,0,0.0,0.368,0.355,0.623,53.04,0
C_2025_02806,Nov-2025,Token,64985.64,40915.28,91797.31,41386.34,58032.98,2,0.4,0.411,0.381,0.646,86.27,0
C_2025_02807,Nov-2025,DeFi,127351.63,46563.26,194487.74430570772,59586.82,56881.41,7,0.4,0.22206990532877424,0.392,0.573,50.32,1
C_2025_02808,Nov-2025,Token,64767.6,48709.71,115406.38,61432.28,75182.79,0,0.0,0.385,0.36,0.591,82.93,0
C_2025_02809,Nov-2025,Energy,113599.77,69381.35,136647.37,65113.0,90380.57,2,0.4,0.362,0.376,0.58,69.7,0
C_2025_02810,Nov-2025,Healthcare,131574.05,63704.31,486224.91435738554,67265.32,92663.67,4,0.2,0.7889216774217732,0.389,0.576,84.91,1
C_2025_02811,Nov-2025,Energy,101579.27,47413.94,202269.4192236891,48558.38,53396.38,3,0.0,0.2661980847716297,0.376,0.571,68.56,1
C_2025_02812,Nov-2025,Token,63287.54,41229.64,81523.02,38129.17,53627.28,1,0.2,0.369,0.362,0.61,72.37,0
C_2025_02813,Nov-2025,DAO,97443.86,53207.27,83611.08,52349.12,63055.83,2,0.4,0.231,0.389,0.559,93.62,0
C_2025_02814,Nov-2025,Marketplace,113418.07,46800.15,78563.37,58317.89,61227.14,0,0.0,0.214,0.369,0.584,94.62,0
C_2025_02815,Nov-2025,Token,69831.14,67674.63,94790.87,65448.94,75971.48,2,0.4,0.176,0.361,0.577,68.1,0
C_2025_02816,Nov-2025,DAO,103431.19,33992.05,48148.03,35035.32,39058.47,0,0.0,0.165,0.394,0.57,81.63,0
C_2025_02817,Nov-2025,Wallet,105613.85,32817.2,178556.05660790467,38677.58,41100.43,7,0.4,0.35354219775600665,0.384,0.57,75.19,1
C_2025_02818,Nov-2025,Token,66858.48,43725.94,81655.08,41345.6,55575.54,2,0.4,0.332,0.368,0.599,45.04,0
C_2025_02819,Nov-2025,DAO,111343.81,52476.17,69966.25,64500.82,62314.41,1,0.2,0.117,0.364,0.623,79.77,0
C_2025_02820,Nov-2025,Marketplace,91209.72,52516.42,80340.41,55307.41,62721.41,0,0.0,0.199,0.367,0.618,85.7,0
C_2025_02821,Nov-2025,DeFi,112713.33,44206.23,100897.86,55535.47,66879.85,1,0.2,0.366,0.385,0.628,40.99,0
C_2025_02822,Nov-2025,Wallet,128981.16,63608.1,107645.28,76323.8,82525.72,2,0.4,0.224,0.362,0.611,80.53,0
C_2025_02823,Nov-2025,Marketplace,109115.47,52330.9,67183.16,67778.39,62430.82,2,0.4,0.114,0.367,0.563,85.95,0
C_2025_02824,Nov-2025,Token,65028.86,58367.96,84200.92,55499.03,66022.63,2,0.4,0.195,0.365,0.59,41.17,0
C_2025_02825,Nov-2025,Marketplace,94254.03,65043.7,155824.81,75237.0,98701.84,1,0.2,0.411,0.395,0.552,57.98,0
C_2025_02826,Nov-2025,DAO,111975.66,53792.34,101803.87,52792.55,69462.92,1,0.2,0.329,0.362,0.569,48.7,0
C_2025_02827,Nov-2025,DeFi,131783.73,54226.59,110035.96,69503.85,77922.13,1,0.2,0.302,0.38,0.601,66.27,0
C_2025_02828,Nov-2025,Token,64410.78,44334.54,69774.92,44770.17,52959.88,0,0.0,0.225,0.367,0.585,56.98,0
C_2025_02829,Nov-2025,DeFi,134850.91,50400.72,125425.09,52536.5,76120.77,3,0.6,0.458,0.384,0.571,58.66,0
C_2025_02830,Nov-2025,DeFi,118910.94,43681.84,52682.59,54702.05,50355.5,1,0.2,0.095,0.354,0.606,94.61,0
C_2025_02831,Nov-2025,NFT,212713.38,35304.13,55875.66,36045.83,42408.54,1,0.2,0.225,0.396,0.554,52.9,0
C_2025_02832,Nov-2025,NFT,184056.23,53346.92,71752.75,68791.14,64630.27,1,0.2,0.125,0.373,0.58,48.25,0
C_2025_02833,Nov-2025,DAO,117708.81,36600.67,269007.14806965034,38262.76,52694.86,6,0.2,0.7904444886056408,0.382,0.625,57.97,1
C_2025_02834,Nov-2025,Wallet,88674.7,61096.08,130215.29,59010.87,83440.75,1,0.2,0.397,0.394,0.607,93.1,0
C_2025_02835,Nov-2025,Token,64239.66,42425.73,74024.5,48368.83,54939.68,5,1.0,0.25,0.392,0.642,67.03,0
C_2025_02836,Nov-2025,DeFi,118526.95,61399.15,86360.53,69663.57,72474.42,0,0.0,0.143,0.373,0.637,44.73,0
C_2025_02837,Nov-2025,DAO,111030.75,46969.56,76578.23,50124.75,57890.85,1,0.2,0.229,0.35,0.64,51.98,0
C_2025_02838,Nov-2025,Token,68377.98,49470.88,112535.94,46659.57,69555.46,3,0.6,0.437,0.373,0.568,65.57,0
C_2025_02839,Nov-2025,NFT,198704.55,62912.92,81263.27,58256.16,67477.45,1,0.2,0.147,0.365,0.627,62.53,0
C_2025_02840,Nov-2025,DeFi,127950.72,39375.4,76373.9,42569.01,52772.77,2,0.4,0.317,0.356,0.589,80.75,0
C_2025_02841,Nov-2025,DeFi,136878.8,38754.03,54235.03,36470.67,43153.24,2,0.4,0.183,0.396,0.573,46.6,0
C_2025_02842,Nov-2025,Token,60919.69,46328.76,61055.61,56481.04,54621.8,1,0.2,0.113,0.398,0.587,49.18,0
C_2025_02843,Nov-2025,DAO,98957.07,43627.31,80639.13,44351.61,56206.02,3,0.6,0.307,0.36,0.562,69.83,0
C_2025_02844,Nov-2025,DeFi,99656.86,52531.49,114675.9,53880.32,73695.9,2,0.4,0.393,0.375,0.606,78.24,0
C_2025_02845,Nov-2025,Marketplace,66138.96,46108.87,77385.44,46504.69,56666.33,2,0.4,0.259,0.358,0.636,72.26,0
C_2025_02846,Nov-2025,Token,70092.79,54597.98,123948.73,61163.14,79903.28,0,0.0,0.391,0.357,0.607,60.16,0
C_2025_02847,Nov-2025,Marketplace,109076.89,73468.85,145678.25,67065.65,95404.25,0,0.0,0.374,0.386,0.569,75.87,0
C_2025_02848,Nov-2025,Wallet,114302.57,50277.29,114935.28,53558.08,72923.55,1,0.2,0.408,0.369,0.623,74.25,0
C_2025_02849,Nov-2025,DeFi,110251.22,49494.36,298605.20004582213,49953.01,70172.39,5,0.4,0.7678184764625181,0.352,0.573,88.9,1
C_2025_02850,Nov-2025,NFT,180980.03,60161.19,108664.29,69718.22,79514.57,2,0.4,0.264,0.392,0.62,58.15,0
C_2025_02851,Nov-2025,DeFi,129262.75,60271.99,86009.96,56118.34,67466.76,4,0.8,0.196,0.355,0.585,87.02,0
C_2025_02852,Nov-2025,NFT,183458.69,62004.92,76969.79,69269.83,69414.84,1,0.2,0.088,0.395,0.574,44.21,0
C_2025_02853,Nov-2025,Healthcare,113519.67,47632.26,82999.1,58053.16,62894.84,2,0.4,0.236,0.371,0.63,45.54,0
C_2025_02854,Nov-2025,Marketplace,126857.49,57561.71,136353.72,56970.53,83628.66,2,0.4,0.446,0.355,0.563,86.03,0
C_2025_02855,Nov-2025,Healthcare,102117.52,61154.71,139251.27,57014.93,85806.97,3,0.6,0.441,0.387,0.593,86.21,0
C_2025_02856,Nov-2025,NFT,206504.91,51463.66,67013.05,58463.25,58979.99,3,0.6,0.108,0.389,0.572,85.42,0
C_2025_02857,Nov-2025,DAO,113542.76,42695.61,100231.35,40153.03,61026.66,3,0.6,0.455,0.37,0.647,51.09,0
C_2025_02858,Nov-2025,DAO,100448.03,51216.33,75967.19,61732.41,62971.98,2,0.4,0.161,0.376,0.554,92.61,0
C_2025_02859,Nov-2025,Token,66214.25,39682.92,68031.49,42311.28,50008.56,2,0.4,0.256,0.375,0.629,64.38,0
C_2025_02860,Nov-2025,Wallet,103950.14,42783.66,63152.68,40658.46,48864.93,1,0.2,0.208,0.354,0.61,94.62,0
C_2025_02861,Nov-2025,Wallet,112580.43,38608.16,55282.69,47623.75,47171.53,3,0.6,0.144,0.386,0.586,76.68,0
C_2025_02862,Nov-2025,NFT,182406.89,44552.87,109766.68,40874.59,65064.71,0,0.0,0.486,0.356,0.593,55.99,0
C_2025_02863,Nov-2025,Token,64052.4,61095.27,111798.15,72508.8,81800.74,1,0.2,0.265,0.388,0.628,40.79,0
C_2025_02864,Nov-2025,DeFi,124383.18,46280.7,76690.84,47047.99,56673.18,2,0.4,0.25,0.378,0.587,67.82,0
C_2025_02865,Nov-2025,DeFi,142642.04,52068.6,75498.45,48673.86,58746.97,2,0.4,0.203,0.356,0.606,56.53,0
C_2025_02866,Nov-2025,DAO,116662.06,40082.64,60826.66,43996.08,48301.79,1,0.2,0.186,0.39,0.572,89.74,0
C_2025_02867,Nov-2025,Healthcare,102472.18,58761.54,84310.08,59455.75,67509.13,1,0.2,0.176,0.352,0.641,45.43,0
C_2025_02868,Nov-2025,Healthcare,103128.34,47411.98,72714.55,58557.09,59561.21,1,0.2,0.174,0.394,0.63,81.45,0
C_2025_02869,Nov-2025,DeFi,135413.93,58389.2,108129.12,61283.79,75934.04,1,0.2,0.3,0.394,0.609,90.58,0
C_2025_02870,Nov-2025,Token,75992.45,41939.91,85694.36,48993.1,58875.79,1,0.2,0.326,0.357,0.648,42.49,0
C_2025_02871,Nov-2025,DeFi,92898.31,41478.66,193851.21203093918,50305.05,53657.04,6,0.6,0.3358562628592992,0.395,0.649,93.31,1
C_2025_02872,Nov-2025,Wallet,101332.0,53528.43,65847.56,65844.65,61740.21,2,0.4,0.094,0.382,0.582,64.79,0
C_2025_02873,Nov-2025,Token,70975.97,48301.51,72665.01,54631.15,58532.56,2,0.4,0.176,0.396,0.56,52.14,0
C_2025_02874,Nov-2025,DeFi,120429.05,60361.57,85442.94,66477.92,70760.81,1,0.2,0.151,0.365,0.631,68.61,0
C_2025_02875,Nov-2025,Token,55683.77,54311.68,123592.14,63578.9,80494.24,2,0.4,0.382,0.362,0.616,71.53,0
C_2025_02876,Nov-2025,NFT,150541.34,39689.82,68174.15,40342.94,49402.31,2,0.4,0.269,0.37,0.587,55.59,0
C_2025_02877,Nov-2025,Wallet,107331.83,46820.66,75735.32,52395.77,58317.25,5,1.0,0.215,0.381,0.61,47.12,0
C_2025_02878,Nov-2025,Token,70568.34,62358.38,115924.96,73415.44,83899.59,2,0.4,0.275,0.386,0.638,86.25,0
C_2025_02879,Nov-2025,DeFi,126383.54,53528.84,126026.48,52393.34,77316.22,2,0.4,0.446,0.371,0.618,70.19,0
C_2025_02880,Nov-2025,DeFi,142954.45,39411.24,57758.02,46410.5,47859.92,0,0.0,0.158,0.377,0.59,56.67,0
C_2025_02881,Nov-2025,DAO,136462.25,51907.02,127426.85,64013.08,81115.65,2,0.4,0.408,0.352,0.586,86.66,0
C_2025_02882,Nov-2025,NFT,160069.59,31969.95,49661.63,32278.56,37970.05,0,0.0,0.218,0.381,0.595,73.33,0
C_2025_02883,Nov-2025,DeFi,151009.7,51758.02,319036.3781336352,62553.79,75651.2,4,0.2,0.6698758033057941,0.397,0.555,48.39,1
C_2025_02884,Nov-2025,DeFi,157698.57,39577.46,47914.87,47007.3,44833.21,2,0.4,0.083,0.376,0.566,45.98,0
C_2025_02885,Nov-2025,DeFi,145283.98,41815.17,82157.37,45664.22,56545.59,2,0.4,0.321,0.355,0.64,73.0,0
C_2025_02886,Nov-2025,DeFi,124870.24,65026.99,141981.53,73727.53,93578.68,0,0.0,0.368,0.395,0.581,47.58,0
C_2025_02887,Nov-2025,DeFi,133685.11,46327.07,97989.12,54668.95,66328.38,2,0.4,0.341,0.381,0.648,57.18,0
C_2025_02888,Nov-2025,DeFi,139780.02,60362.53,136537.93,55018.89,83973.12,0,0.0,0.443,0.353,0.609,73.16,0
C_2025_02889,Nov-2025,Wallet,109136.26,57218.28,73723.68,56292.02,62411.33,0,0.0,0.128,0.389,0.632,94.89,0
C_2025_02890,Nov-2025,NFT,169038.79,49564.45,74601.87,56260.98,60142.43,1,0.2,0.176,0.356,0.62,76.7,0
C_2025_02891,Nov-2025,Token,70898.58,45300.39,61944.31,57544.94,54929.88,0,0.0,0.128,0.354,0.584,50.33,0
C_2025_02892,Nov-2025,DAO,133443.88,52253.57,96052.41,60835.85,69713.94,1,0.2,0.272,0.399,0.632,44.04,0
C_2025_02893,Nov-2025,Token,81694.38,43715.93,173549.04417360312,49451.27,52152.64,4,0.2,0.2444911327407274,0.357,0.626,57.74,1
C_2025_02894,Nov-2025,DeFi,142224.81,42984.52,92712.86,43438.47,59711.95,2,0.4,0.391,0.371,0.623,51.64,0
C_2025_02895,Nov-2025,DeFi,161665.87,46564.29,88534.92,53238.41,62779.21,1,0.2,0.293,0.371,0.603,82.9,0
C_2025_02896,Nov-2025,DeFi,116604.14,64978.57,456123.5684108142,61282.47,95514.98,4,0.0,0.8502325699837384,0.367,0.573,74.4,1
C_2025_02897,Nov-2025,Token,73178.81,40781.5,95372.61,49728.83,61960.98,0,0.0,0.386,0.378,0.553,57.08,0
C_2025_02898,Nov-2025,DeFi,127082.03,60988.7,85074.59,65588.56,70550.62,0,0.0,0.148,0.37,0.599,59.23,0
C_2025_02899,Nov-2025,DeFi,131500.16,55591.08,127623.8,66947.86,83387.58,2,0.4,0.379,0.381,0.586,46.48,0
C_2025_02900,Nov-2025,DAO,129903.63,46880.71,114866.23,49207.96,70318.3,2,0.4,0.448,0.357,0.578,89.45,0
C_2025_02901,Nov-2025,Marketplace,104392.39,42544.0,76750.76,52705.44,57333.4,3,0.6,0.25,0.358,0.645,68.03,0
C_2025_02902,Nov-2025,Marketplace,109375.24,39106.91,86745.95,48131.54,57994.8,3,0.6,0.356,0.38,0.626,63.4,0
C_2025_02903,Nov-2025,Token,63314.51,45203.19,90909.37,44160.48,60091.02,0,0.0,0.363,0.365,0.553,80.89,0
C_2025_02904,Nov-2025,Token,60473.5,47093.44,99313.85,58262.64,68223.31,0,0.0,0.329,0.362,0.645,61.19,0
C_2025_02905,Nov-2025,Token,64149.28,51652.53,192204.24035189959,50910.98,59729.81,3,0.0,0.31914469588747746,0.395,0.648,92.5,1
C_2025_02906,Nov-2025,DAO,111816.17,51228.72,105501.0,63036.2,73255.31,0,0.0,0.318,0.369,0.614,88.11,0
C_2025_02907,Nov-2025,Token,72753.78,53670.1,97472.12,63702.2,71614.81,1,0.2,0.262,0.396,0.602,75.38,0
C_2025_02908,Nov-2025,DeFi,126496.15,57815.86,100848.23,64226.07,74296.72,0,0.0,0.255,0.375,0.579,91.04,0
C_2025_02909,Nov-2025,Token,64318.59,43094.3,104792.78,54316.66,67401.24,2,0.4,0.398,0.368,0.559,83.24,0
C_2025_02910,Nov-2025,DAO,124051.19,40166.44,200338.79208463427,43610.0,50216.16,5,0.4,0.42506569437208275,0.37,0.563,44.17,1
C_2025_02911,Nov-2025,Token,55156.19,53314.14,182423.51562521668,67113.92,62849.87,5,0.2,0.20695028107072064,0.353,0.562,65.92,1
C_2025_02912,Nov-2025,DeFi,147473.3,61112.28,84808.56,70486.63,72135.82,1,0.2,0.135,0.39,0.583,48.08,0
C_2025_02913,Nov-2025,DAO,106452.01,53068.54,83967.1,62760.76,66598.8,2,0.4,0.194,0.368,0.563,69.76,0
C_2025_02914,Nov-2025,Token,73189.45,41008.94,49229.08,37887.06,42708.36,4,0.8,0.112,0.352,0.581,77.17,0
C_2025_02915,Nov-2025,DeFi,123817.65,43986.05,55994.95,47944.22,49308.41,0,0.0,0.101,0.355,0.591,59.32,0
C_2025_02916,Nov-2025,DeFi,154566.33,51973.83,69974.41,63223.57,61723.94,0,0.0,0.12,0.372,0.609,92.63,0
C_2025_02917,Nov-2025,DeFi,112430.98,52029.8,97441.63,55063.84,68178.42,1,0.2,0.304,0.375,0.565,80.92,0
C_2025_02918,Nov-2025,Wallet,101029.82,51332.4,120964.74,58855.26,77050.8,1,0.2,0.405,0.382,0.587,89.92,0
C_2025_02919,Nov-2025,Token,70740.24,42061.84,97976.86,39552.12,59863.61,1,0.2,0.451,0.352,0.553,84.04,0
C_2025_02920,Nov-2025,DeFi,129038.86,34768.89,77332.88,38175.46,50092.41,1,0.2,0.386,0.378,0.562,82.06,0
C_2025_02921,Nov-2025,NFT,191777.42,40666.29,82962.92,46630.83,56753.35,1,0.2,0.329,0.393,0.551,49.98,0
C_2025_02922,Nov-2025,DeFi,147890.16,53315.56,88815.69,61919.49,68016.91,1,0.2,0.222,0.381,0.631,94.58,0
C_2025_02923,Nov-2025,DAO,110614.92,48795.29,84850.84,44106.81,59250.98,1,0.2,0.307,0.369,0.576,59.86,0
C_2025_02924,Nov-2025,Token,47021.58,49067.25,94138.05,48844.48,64016.59,2,0.4,0.333,0.375,0.615,71.05,0
C_2025_02925,Nov-2025,Wallet,126899.23,39355.72,48672.01,41243.32,43090.35,1,0.2,0.093,0.375,0.615,81.76,0
C_2025_02926,Nov-2025,NFT,142459.96,60101.01,91583.16,67863.58,73182.58,3,0.6,0.183,0.369,0.579,78.81,0
C_2025_02927,Nov-2025,Token,55951.01,45880.12,77088.74,56961.59,59976.82,3,0.6,0.215,0.352,0.563,46.41,0
C_2025_02928,Nov-2025,DeFi,133818.01,44798.14,88749.37,51922.93,61823.48,2,0.4,0.312,0.381,0.608,91.9,0
C_2025_02929,Nov-2025,Wallet,125160.37,56459.35,88537.01,63705.31,69567.22,0,0.0,0.197,0.398,0.561,43.72,0
C_2025_02930,Nov-2025,Marketplace,108931.99,45536.86,60395.89,54546.75,53493.17,2,0.4,0.114,0.352,0.589,56.11,0
C_2025_02931,Nov-2025,Marketplace,117872.52,40158.46,149608.94765529488,49968.54,48371.95,8,1.0,0.19648787640687954,0.367,0.622,69.6,1
C_2025_02932,Nov-2025,Token,56107.4,40825.12,91766.63,38359.94,56983.9,1,0.2,0.432,0.354,0.591,68.24,0
C_2025_02933,Nov-2025,Wallet,110203.04,44031.03,107744.34,56868.97,69548.12,2,0.4,0.396,0.4,0.577,64.91,0
C_2025_02934,Nov-2025,DAO,111402.52,48356.57,93295.23,54588.22,65413.34,2,0.4,0.304,0.367,0.616,89.94,0
C_2025_02935,Nov-2025,Energy,112895.88,37534.16,235118.7582602391,46905.31,51910.48,5,0.0,0.4322668199936356,0.371,0.568,41.18,1
C_2025_02936,Nov-2025,DeFi,118095.75,52538.07,102790.19,53977.91,69768.72,1,0.2,0.335,0.371,0.616,82.26,0
C_2025_02937,Nov-2025,DeFi,138299.17,48218.28,116688.54,44181.26,69696.03,0,0.0,0.477,0.371,0.609,55.28,0
C_2025_02938,Nov-2025,Wallet,120232.15,40797.36,80869.16,39445.28,53703.93,2,0.4,0.358,0.384,0.561,65.75,0
C_2025_02939,Nov-2025,Token,57572.07,46561.63,239725.45118663553,54459.75,65080.75,3,0.0,0.5500917909124287,0.351,0.629,40.11,1
C_2025_02940,Nov-2025,Marketplace,109102.12,32751.19,74156.38,40461.58,49123.05,1,0.2,0.366,0.386,0.575,51.8,0
C_2025_02941,Nov-2025,Token,80429.07,54065.54,68607.41,49957.05,57543.33,3,0.6,0.139,0.392,0.623,71.88,0
C_2025_02942,Nov-2025,DeFi,114720.04,45136.32,78730.15,45801.13,56555.87,1,0.2,0.277,0.358,0.631,48.0,0
C_2025_02943,Nov-2025,NFT,208519.52,48963.97,243158.56056211804,51138.4,63244.08,9,0.8,0.5804481406309651,0.351,0.638,92.47,1
C_2025_02944,Nov-2025,NFT,205586.61,53623.53,344623.8989772031,54400.08,69371.86,6,0.6,0.5776446927573422,0.393,0.623,51.61,1
C_2025_02945,Nov-2025,NFT,182760.52,49785.58,95634.56,63491.45,69637.2,2,0.4,0.276,0.365,0.614,63.79,0
C_2025_02946,Nov-2025,DeFi,139502.12,55812.95,278196.8559965313,65920.21,70451.97,4,0.2,0.3433527487488807,0.371,0.64,59.77,1
C_2025_02947,Nov-2025,Healthcare,98874.28,39359.2,58212.41,43997.84,47189.81,0,0.0,0.17,0.391,0.573,72.89,0
C_2025_02948,Nov-2025,DeFi,149472.45,48535.72,274897.2584955876,57538.0,70938.51,4,0.2,0.5693195131671906,0.384,0.577,83.22,1
C_2025_02949,Nov-2025,Marketplace,106497.04,43106.77,72144.34,40904.82,52051.98,0,0.0,0.273,0.369,0.649,71.29,0
C_2025_02950,Nov-2025,DAO,103461.45,68317.11,140803.6,87627.96,98916.22,1,0.2,0.31,0.375,0.649,61.31,0
C_2025_02951,Nov-2025,DAO,99246.98,51710.9,71543.82,64632.03,62628.92,1,0.2,0.131,0.369,0.647,44.64,0
C_2025_02952,Nov-2025,Token,60848.88,58351.49,134459.83,75664.51,89491.94,1,0.2,0.364,0.357,0.626,47.97,0
C_2025_02953,Nov-2025,Token,58503.8,44734.98,74366.63,41592.2,53564.6,3,0.6,0.276,0.382,0.625,68.64,0
C_2025_02954,Nov-2025,DAO,137634.31,51450.22,108763.86,53440.12,71218.07,1,0.2,0.373,0.377,0.586,69.72,0
C_2025_02955,Nov-2025,Energy,123826.8,47426.4,61420.47,53538.91,54128.59,1,0.2,0.106,0.371,0.63,55.44,0
C_2025_02956,Nov-2025,Energy,124445.46,55316.0,110456.74,61406.49,75726.41,2,0.4,0.326,0.364,0.611,50.19,0
C_2025_02957,Nov-2025,DeFi,127306.73,56599.83,130459.88,56582.55,81214.09,1,0.2,0.429,0.363,0.599,92.04,0
C_2025_02958,Nov-2025,Wallet,129065.18,39895.39,70057.24,36652.57,48868.4,1,0.2,0.308,0.394,0.625,60.83,0
C_2025_02959,Nov-2025,DeFi,117627.9,52384.78,110705.88,64385.76,75825.47,2,0.4,0.332,0.376,0.647,90.63,0
C_2025_02960,Nov-2025,DAO,124679.19,45091.31,108116.03,45288.39,66165.24,1,0.2,0.448,0.367,0.57,67.89,0
C_2025_02961,Nov-2025,Wallet,111193.14,59734.69,81267.38,59777.13,66926.4,2,0.4,0.152,0.354,0.625,90.02,0
C_2025_02962,Nov-2025,Energy,131776.08,50697.84,370381.73083305836,58659.89,76811.78,6,0.4,0.7292602710042734,0.379,0.634,56.29,1
C_2025_02963,Nov-2025,DeFi,133755.98,56609.03,99073.01,65059.24,73580.43,2,0.4,0.249,0.395,0.601,76.32,0
C_2025_02964,Nov-2025,Healthcare,102313.83,53359.0,122220.18,60753.56,78777.58,2,0.4,0.392,0.357,0.61,68.51,0
C_2025_02965,Nov-2025,DAO,108663.15,49203.04,290031.8694846516,45245.57,63189.11,6,0.6,0.5931505480942598,0.352,0.605,94.69,1
C_2025_02966,Nov-2025,DAO,94790.04,39725.89,144243.69807783363,46468.74,46933.44,6,0.2,0.22989281365040878,0.373,0.617,67.14,1
C_2025_02967,Nov-2025,DeFi,144984.52,54405.94,113793.29,62373.46,76857.56,3,0.6,0.342,0.391,0.571,91.09,0
C_2025_02968,Nov-2025,DeFi,151136.32,53659.19,92188.65,69579.15,71809.0,1,0.2,0.22,0.353,0.644,65.08,0
C_2025_02969,Nov-2025,DAO,124344.88,58920.99,137689.69,68700.12,88436.93,3,0.6,0.396,0.355,0.557,60.57,0
C_2025_02970,Nov-2025,DeFi,166291.99,49665.31,121453.78,51270.25,74129.78,2,0.4,0.451,0.381,0.647,46.84,0
C_2025_02971,Nov-2025,DAO,102084.34,50085.68,81017.65,57510.43,62871.25,4,0.8,0.21,0.388,0.597,89.42,0
C_2025_02972,Nov-2025,NFT,175857.71,50254.18,74301.92,58659.7,61071.93,3,0.6,0.163,0.363,0.582,86.86,0
C_2025_02973,Nov-2025,DeFi,109294.77,46679.89,108224.16,56004.7,70302.92,2,0.4,0.385,0.369,0.588,53.09,0
C_2025_02974,Nov-2025,DeFi,135499.18,56171.16,87847.26,55994.12,66670.84,0,0.0,0.225,0.367,0.603,55.27,0
C_2025_02975,Nov-2025,NFT,160357.22,63304.25,101996.64,80752.36,82017.75,1,0.2,0.193,0.369,0.574,51.96,0
C_2025_02976,Nov-2025,NFT,190235.98,46693.43,102595.16,54743.37,68010.65,2,0.4,0.363,0.354,0.583,67.26,0
C_2025_02977,Nov-2025,Marketplace,100830.97,39102.05,66915.8,37035.68,47684.51,1,0.2,0.286,0.353,0.583,43.97,0
C_2025_02978,Nov-2025,NFT,157929.43,62191.57,101047.5,59119.85,74119.64,1,0.2,0.257,0.399,0.634,40.84,0
C_2025_02979,Nov-2025,Token,53692.14,55412.64,74014.11,65511.04,64979.27,0,0.0,0.117,0.372,0.613,70.5,0
C_2025_02980,Nov-2025,Token,59843.3,59791.46,72402.32,71376.91,67856.9,3,0.6,0.084,0.365,0.567,66.13,0
C_2025_02981,Nov-2025,DeFi,121092.16,58854.83,139962.53,65795.71,88204.35,2,0.4,0.416,0.389,0.574,55.44,0
C_2025_02982,Nov-2025,Token,71745.2,51669.02,100854.26,59914.35,70812.54,1,0.2,0.304,0.391,0.592,49.66,0
C_2025_02983,Nov-2025,Token,54985.88,44087.75,66013.81,44662.01,51587.86,0,0.0,0.198,0.383,0.608,75.66,0
C_2025_02984,Nov-2025,DeFi,147842.41,44486.75,212332.6539399408,50201.28,51855.92,6,0.2,0.2338090144428338,0.366,0.629,89.02,1
C_2025_02985,Nov-2025,Wallet,101181.08,54396.21,84712.69,68960.43,69356.44,2,0.4,0.178,0.398,0.643,76.33,0
C_2025_02986,Nov-2025,Token,61816.7,40129.31,91742.13,45392.31,59087.92,3,0.6,0.392,0.357,0.558,91.44,0
C_2025_02987,Nov-2025,NFT,160267.78,49664.05,80355.88,51678.67,60566.2,3,0.6,0.231,0.396,0.572,74.6,0
C_2025_02988,Nov-2025,DeFi,130407.32,48384.0,97648.28,44522.23,63518.17,2,0.4,0.381,0.361,0.592,86.33,0
C_2025_02989,Nov-2025,Token,55124.75,37412.52,50833.82,43850.44,44032.26,1,0.2,0.124,0.361,0.589,87.12,0
C_2025_02990,Nov-2025,Token,59504.61,53800.94,107064.99,61949.43,74271.79,0,0.0,0.315,0.373,0.576,65.69,0
C_2025_02991,Nov-2025,DeFi,121664.42,53604.37,231212.7213721452,54018.55,60180.23,7,0.4,0.270817616929241,0.37,0.576,75.1,1
C_2025_02992,Nov-2025,Token,69211.74,49630.89,73685.6,56338.14,59884.88,3,0.6,0.169,0.365,0.594,89.26,0
C_2025_02993,Nov-2025,DeFi,147087.79,46422.23,57267.73,43687.89,49125.95,1,0.2,0.119,0.398,0.594,63.62,0
C_2025_02994,Nov-2025,DeFi,146601.62,55892.89,302966.40320793283,55088.05,70868.95,7,0.4,0.557822256542977,0.382,0.559,93.42,1
C_2025_02995,Nov-2025,Token,65961.93,49671.11,69004.65,45512.54,54729.44,0,0.0,0.187,0.373,0.558,68.17,0
C_2025_02996,Nov-2025,DeFi,112182.88,40027.62,208068.43301258836,38636.23,53257.16,6,0.6,0.6381482832006291,0.399,0.608,93.54,1
C_2025_02997,Nov-2025,Marketplace,125939.98,52779.28,101829.73,48848.57,67819.19,1,0.2,0.355,0.391,0.554,47.56,0
C_2025_02998,Nov-2025,Wallet,119856.8,38919.01,96101.43,36861.33,57293.92,0,0.0,0.479,0.368,0.634,65.7,0
C_2025_02999,Nov-2025,Healthcare,117690.56,35056.34,53940.5,37175.99,42057.61,3,0.6,0.201,0.372,0.6,46.88,0
C_2025_03000,Nov-2025,Energy,116959.72,61872.48,146834.05,60650.16,89785.56,2,0.4,0.449,0.383,0.642,90.51,0
C_2025_03001,Nov-2025,Wallet,114316.31,56789.29,91065.29,55363.88,67739.49,0,0.0,0.244,0.353,0.625,52.97,0
C_2025_03002,Nov-2025,NFT,173614.38,47433.23,86678.98,45900.76,60004.32,0,0.0,0.315,0.359,0.618,44.52,0
C_2025_03003,Nov-2025,Marketplace,96284.39,51423.25,218131.22438033685,54366.26,60193.09,4,0.0,0.2908859520009059,0.359,0.585,58.13,1
C_2025_03004,Nov-2025,DeFi,126904.01,50967.96,118173.6,62511.84,77217.8,2,0.4,0.38,0.359,0.562,42.47,0
C_2025_03005,Nov-2025,DeFi,127537.67,53004.97,126835.76,53484.42,77775.05,6,1.0,0.446,0.371,0.622,56.52,0
C_2025_03006,Nov-2025,DeFi,127681.62,50736.5,95412.42,48145.15,64764.69,1,0.2,0.335,0.392,0.569,84.46,0
C_2025_03007,Nov-2025,Energy,109933.54,61660.79,92737.59,61090.95,71829.78,1,0.2,0.206,0.377,0.645,48.51,0
C_2025_03008,Nov-2025,Token,69092.21,50649.98,117441.03,62813.67,76968.22,3,0.6,0.377,0.375,0.585,62.78,0
C_2025_03009,Nov-2025,Wallet,96692.61,44885.44,232977.6526545622,50497.86,61777.65,6,0.2,0.5454235630227,0.39,0.567,46.3,1
C_2025_03010,Nov-2025,DeFi,109610.66,63204.17,80759.19,65873.11,69945.49,2,0.4,0.11,0.36,0.613,88.82,0
C_2025_03011,Nov-2025,NFT,197038.36,54120.9,101638.29,64251.7,73336.96,5,1.0,0.279,0.394,0.554,76.18,0
C_2025_03012,Nov-2025,Energy,106415.75,52552.16,108274.42,64638.2,75154.92,1,0.2,0.318,0.378,0.602,42.16,0
C_2025_03013,Nov-2025,NFT,157414.51,43419.84,93999.14,49025.25,62148.08,1,0.2,0.364,0.374,0.582,86.75,0
C_2025_03014,Nov-2025,Token,70673.72,53192.71,67041.72,63210.47,61148.3,3,0.6,0.095,0.353,0.617,55.02,0
C_2025_03015,Nov-2025,Token,64036.46,52862.57,123090.4,67868.71,81273.89,3,0.6,0.372,0.358,0.614,66.85,0
C_2025_03016,Nov-2025,Token,67339.78,44711.96,86370.89,55676.53,62253.13,2,0.4,0.283,0.373,0.645,47.61,0
C_2025_03017,Nov-2025,Healthcare,133897.63,44501.42,78452.17,45092.68,56015.42,1,0.2,0.283,0.367,0.637,67.79,0
C_2025_03018,Nov-2025,DeFi,120842.62,39013.41,52183.53,49219.87,46805.6,2,0.4,0.121,0.392,0.576,44.19,0
C_2025_03019,Nov-2025,Wallet,111068.05,46859.51,75211.65,50486.81,57519.32,1,0.2,0.219,0.365,0.635,67.1,0
C_2025_03020,Nov-2025,Marketplace,104890.66,58891.54,101168.65,56939.6,72333.26,5,1.0,0.282,0.373,0.633,49.76,0
C_2025_03021,Nov-2025,DeFi,119534.63,41574.04,92486.97,43613.69,59224.9,2,0.4,0.397,0.362,0.612,84.1,0
C_2025_03022,Nov-2025,DeFi,132686.92,44812.43,55856.73,49765.68,50144.95,1,0.2,0.09,0.373,0.643,79.09,0
C_2025_03023,Nov-2025,NFT,178693.53,54034.49,65340.67,54371.35,57915.5,3,0.6,0.091,0.365,0.586,57.96,0
C_2025_03024,Nov-2025,NFT,167691.65,37175.68,75652.05,38086.59,50304.78,0,0.0,0.356,0.385,0.596,70.61,0
C_2025_03025,Nov-2025,Token,72804.89,49108.27,94600.63,62333.66,68680.85,1,0.2,0.278,0.368,0.602,69.15,0
C_2025_03026,Nov-2025,Marketplace,97354.66,55732.38,114613.4,67516.16,79287.31,3,0.6,0.321,0.355,0.632,51.67,0
C_2025_03027,Nov-2025,Healthcare,99801.49,54517.21,66616.79,52550.19,57894.73,1,0.2,0.107,0.36,0.626,82.34,0
C_2025_03028,Nov-2025,DeFi,135825.09,52891.19,92377.99,65956.37,70408.52,2,0.4,0.233,0.361,0.629,63.62,0
C_2025_03029,Nov-2025,NFT,155766.17,44313.72,100634.74,43590.65,62846.37,4,0.8,0.425,0.381,0.633,85.97,0
C_2025_03030,Nov-2025,Marketplace,131204.1,59579.22,142897.11,75781.59,92752.64,1,0.2,0.389,0.355,0.636,44.66,0
C_2025_03031,Nov-2025,NFT,161572.53,44289.6,87706.93,50076.18,60690.91,1,0.2,0.317,0.388,0.644,42.9,0
C_2025_03032,Nov-2025,NFT,182077.94,42694.84,95882.95,51937.22,63505.0,2,0.4,0.365,0.355,0.612,85.23,0
C_2025_03033,Nov-2025,NFT,184761.78,50691.92,113257.6,59832.52,74594.01,0,0.0,0.37,0.355,0.628,50.9,0
C_2025_03034,Nov-2025,DeFi,126608.74,52510.83,116273.05,48267.52,72350.47,1,0.2,0.43,0.388,0.551,57.94,0
C_2025_03035,Nov-2025,DAO,98758.78,63584.08,82554.28,72452.03,72863.46,2,0.4,0.106,0.399,0.594,56.28,0
C_2025_03036,Nov-2025,DAO,113349.17,32723.47,79115.92,39073.9,50304.43,1,0.2,0.408,0.357,0.6,80.08,0
C_2025_03037,Nov-2025,Token,58573.54,55885.46,74334.89,58891.22,63037.19,2,0.4,0.128,0.366,0.563,66.03,0
C_2025_03038,Nov-2025,Token,54791.42,50048.93,104493.93,60194.67,71579.18,0,0.0,0.33,0.393,0.633,65.99,0
C_2025_03039,Nov-2025,DeFi,156024.39,53929.77,112161.66,48893.51,71661.65,0,0.0,0.401,0.358,0.626,64.2,0
C_2025_03040,Nov-2025,Wallet,128222.58,52027.17,85495.05,62409.51,66643.91,1,0.2,0.21,0.367,0.646,82.46,0
C_2025_03041,Nov-2025,DeFi,122025.43,53339.19,69300.39,54580.8,59073.46,2,0.4,0.123,0.372,0.571,42.78,0
C_2025_03042,Nov-2025,Wallet,84110.19,51914.32,98935.57,66377.8,72409.23,0,0.0,0.272,0.35,0.558,65.45,0
C_2025_03043,Nov-2025,DAO,117859.76,63425.48,116916.19,66063.05,82134.91,1,0.2,0.3,0.381,0.567,82.42,0
C_2025_03044,Nov-2025,DAO,90606.31,54214.79,100378.63,69672.05,74755.16,0,0.0,0.257,0.36,0.595,75.11,0
C_2025_03045,Nov-2025,Wallet,120398.88,52618.73,85669.26,64804.26,67697.42,1,0.2,0.202,0.396,0.559,91.86,0
C_2025_03046,Nov-2025,Token,66696.74,49857.11,94801.96,59977.87,68212.32,0,0.0,0.282,0.375,0.624,83.06,0
C_2025_03047,Nov-2025,DeFi,125892.38,40754.87,71108.83,38368.93,50077.54,2,0.4,0.298,0.372,0.646,41.74,0
C_2025_03048,Nov-2025,DAO,128162.5,54552.23,119422.85,64719.41,79564.83,1,0.2,0.358,0.377,0.628,45.17,0
C_2025_03049,Nov-2025,DeFi,119889.6,63038.95,152712.83,76065.27,97272.35,4,0.8,0.407,0.391,0.629,48.43,0
C_2025_03050,Nov-2025,DeFi,118386.16,42959.98,97263.46,52595.76,64273.06,3,0.6,0.368,0.353,0.598,90.25,0
C_2025_03051,Nov-2025,NFT,163834.35,59726.2,234570.69975755224,68969.89,68465.55,6,0.6,0.18616763419009866,0.396,0.578,52.34,1
C_2025_03052,Nov-2025,DeFi,147505.4,61980.49,100114.61,56288.53,72794.54,0,0.0,0.267,0.379,0.565,88.61,0
C_2025_03053,Nov-2025,Wallet,111162.78,39063.49,244186.60001298634,44594.03,52178.35,7,0.4,0.4695546761775769,0.385,0.614,46.44,1
C_2025_03054,Nov-2025,DeFi,143200.97,67029.56,158738.41,83944.51,103237.49,0,0.0,0.386,0.354,0.579,94.26,0
C_2025_03055,Nov-2025,Marketplace,129371.57,59560.68,88374.45,59005.99,68980.37,1,0.2,0.199,0.354,0.559,71.51,0
C_2025_03056,Nov-2025,NFT,143444.94,43746.08,70455.91,42998.6,52400.2,1,0.2,0.244,0.385,0.562,92.15,0
C_2025_03057,Nov-2025,DeFi,137522.04,57399.05,136953.68,54855.55,83069.43,0,0.0,0.459,0.363,0.574,57.1,0
C_2025_03058,Nov-2025,Marketplace,104955.71,50539.04,85762.45,50465.97,62255.82,3,0.6,0.267,0.368,0.628,43.96,0
C_2025_03059,Nov-2025,Marketplace,108898.52,54113.18,87003.76,69785.83,70300.92,2,0.4,0.191,0.387,0.584,61.36,0
C_2025_03060,Nov-2025,NFT,176690.12,40165.17,248673.82009301294,40534.87,55924.96,6,0.2,0.7795641286333639,0.353,0.614,86.71,1
C_2025_03061,Nov-2025,Token,79828.34,65701.31,116639.23,84998.61,89113.05,0,0.0,0.236,0.381,0.571,69.0,0
C_2025_03062,Nov-2025,Healthcare,101455.11,56291.9,96336.12,72070.92,74899.64,2,0.4,0.22,0.371,0.627,85.13,0
C_2025_03063,Nov-2025,Wallet,119116.35,40422.24,53498.99,36755.34,43558.86,1,0.2,0.165,0.354,0.623,67.39,0
C_2025_03064,Nov-2025,DeFi,139067.99,58740.01,435085.87878594873,60087.75,81681.71,5,0.2,0.700470788049787,0.36,0.632,68.76,1
C_2025_03065,Nov-2025,Token,69760.66,39616.31,96210.04,36955.59,57593.98,0,0.0,0.474,0.392,0.561,42.17,0
C_2025_03066,Nov-2025,Token,61303.52,33116.51,64255.22,36524.86,44632.2,4,0.8,0.312,0.398,0.55,82.69,0
C_2025_03067,Nov-2025,DeFi,127656.48,54942.84,83142.49,54421.53,64168.95,1,0.2,0.209,0.384,0.587,57.77,0
C_2025_03068,Nov-2025,NFT,218519.08,34175.49,47316.28,40433.2,40641.66,2,0.4,0.132,0.388,0.568,42.27,0
C_2025_03069,Nov-2025,DAO,93706.11,54977.13,78251.89,71065.69,68098.24,2,0.4,0.143,0.391,0.6,44.32,0
C_2025_03070,Nov-2025,DAO,116228.39,52474.0,74089.2,62456.45,63006.55,3,0.6,0.14,0.359,0.597,91.35,0
C_2025_03071,Nov-2025,Energy,124373.43,38257.49,46509.97,45314.12,43360.53,3,0.6,0.084,0.363,0.65,48.6,0
C_2025_03072,Nov-2025,Wallet,121642.98,57608.56,120280.45,57088.72,78325.91,0,0.0,0.379,0.383,0.569,76.39,0
C_2025_03073,Nov-2025,Token,45565.66,48719.18,77478.21,62313.33,62836.91,3,0.6,0.187,0.398,0.561,86.57,0
C_2025_03074,Nov-2025,DAO,122592.39,45549.96,105326.43,45941.47,65605.95,2,0.4,0.428,0.388,0.561,90.3,0
C_2025_03075,Nov-2025,Token,69438.13,36869.8,49859.02,37157.28,41295.37,1,0.2,0.147,0.35,0.639,40.42,0
C_2025_03076,Nov-2025,Token,63678.77,62290.54,117171.25,61250.67,80237.49,2,0.4,0.326,0.362,0.557,43.65,0
C_2025_03077,Nov-2025,Energy,95999.69,59124.13,97291.98,56331.23,70915.78,1,0.2,0.263,0.384,0.624,72.16,0
C_2025_03078,Nov-2025,NFT,176376.42,35677.09,54497.12,44994.71,45056.31,3,0.6,0.171,0.366,0.56,69.91,0
C_2025_03079,Nov-2025,NFT,143612.05,62320.18,127468.77,75086.85,88291.93,1,0.2,0.319,0.384,0.638,83.51,0
C_2025_03080,Nov-2025,Token,66874.28,51980.71,88650.44,58931.11,66520.75,3,0.6,0.239,0.387,0.56,89.17,0
C_2025_03081,Nov-2025,DAO,115111.8,42635.27,272295.42235365935,51621.08,59747.31,6,0.2,0.5024661671150827,0.385,0.588,57.62,1
C_2025_03082,Nov-2025,Healthcare,110056.59,50205.2,106632.56,55754.4,70864.05,4,0.8,0.358,0.385,0.63,60.68,0
C_2025_03083,Nov-2025,Token,68886.67,49645.23,61658.3,51339.04,54214.19,1,0.2,0.098,0.395,0.579,54.17,0
C_2025_03084,Nov-2025,DeFi,121470.37,56563.51,116232.88,69493.99,80763.46,2,0.4,0.317,0.354,0.581,41.98,0
C_2025_03085,Nov-2025,Healthcare,80038.04,50081.58,96363.66,51058.94,65834.73,1,0.2,0.328,0.36,0.615,77.04,0
C_2025_03086,Nov-2025,NFT,176453.85,50510.9,106870.99,59350.27,72244.05,0,0.0,0.343,0.355,0.631,52.81,0
C_2025_03087,Nov-2025,Marketplace,98522.62,46884.27,68155.55,56737.79,57259.21,1,0.2,0.152,0.358,0.618,80.05,0
C_2025_03088,Nov-2025,DeFi,148244.41,45273.76,68448.42,53276.41,55666.2,2,0.4,0.173,0.355,0.576,46.76,0
C_2025_03089,Nov-2025,DeFi,122599.36,42140.85,216518.55363191856,53160.25,56183.27,4,0.0,0.4517110717376149,0.399,0.631,88.48,1
C_2025_03090,Nov-2025,NFT,176094.53,50742.44,112922.92,54554.58,72739.98,2,0.4,0.391,0.352,0.626,71.52,0
C_2025_03091,Nov-2025,NFT,147539.05,55278.2,131244.22,52180.63,79567.68,1,0.2,0.46,0.351,0.574,58.32,0
C_2025_03092,Nov-2025,Energy,98651.41,52599.37,302536.305153787,51637.08,65753.32,4,0.2,0.449461753229871,0.368,0.613,90.22,1
C_2025_03093,Nov-2025,DeFi,133463.9,51284.97,82314.9,64860.42,66153.43,2,0.4,0.192,0.371,0.605,59.58,0
C_2025_03094,Nov-2025,DeFi,138270.52,59662.21,125092.72,59209.61,81321.51,2,0.4,0.381,0.388,0.567,43.49,0
C_2025_03095,Nov-2025,DAO,141046.99,60655.04,278508.0237317382,63041.91,70461.08,6,0.4,0.27809787400313546,0.4,0.58,77.41,1
C_2025_03096,Nov-2025,NFT,180709.74,37767.88,64287.22,48517.82,50190.97,4,0.8,0.217,0.392,0.588,72.72,0
C_2025_03097,Nov-2025,Marketplace,94073.48,36583.24,51454.87,41306.38,43114.83,1,0.2,0.144,0.377,0.647,79.29,0
C_2025_03098,Nov-2025,Token,71831.4,49687.77,96787.23,47403.08,64626.03,1,0.2,0.352,0.388,0.647,59.85,0
C_2025_03099,Nov-2025,DeFi,100878.73,37123.98,58317.69,45204.83,46882.17,1,0.2,0.186,0.392,0.569,93.85,0
C_2025_03100,Nov-2025,Healthcare,127130.8,37904.02,49319.6,39339.27,42187.63,3,0.6,0.12,0.396,0.648,64.96,0
C_2025_03101,Nov-2025,DeFi,148203.96,51888.78,77210.13,64583.46,64560.79,2,0.4,0.16,0.388,0.581,84.29,0
C_2025_03102,Nov-2025,NFT,139342.5,50579.2,123341.8,60999.77,78306.92,3,0.6,0.41,0.384,0.554,56.04,0
C_2025_03103,Nov-2025,Marketplace,108121.32,56729.82,138922.07,55901.64,83851.18,3,0.6,0.464,0.395,0.605,77.45,0
C_2025_03104,Nov-2025,DAO,112967.53,43912.46,102878.22,42652.75,63147.81,1,0.2,0.445,0.396,0.648,59.48,0
C_2025_03105,Nov-2025,Healthcare,113654.45,43963.25,54461.01,48051.59,48825.28,1,0.2,0.088,0.351,0.555,40.88,0
C_2025_03106,Nov-2025,Wallet,122423.32,66419.16,342362.5358240125,76957.05,81070.4,7,0.4,0.3250893006008604,0.383,0.553,60.63,1
C_2025_03107,Nov-2025,Wallet,131029.09,50469.36,79401.92,65261.53,65044.27,2,0.4,0.182,0.359,0.599,67.21,0
C_2025_03108,Nov-2025,Token,71155.09,57285.61,83731.79,65190.03,68735.81,0,0.0,0.161,0.37,0.626,61.97,0
C_2025_03109,Nov-2025,DeFi,114300.01,52528.84,88961.8,47475.21,62988.62,4,0.8,0.293,0.393,0.577,87.92,0
C_2025_03110,Nov-2025,Marketplace,94377.51,57632.35,143128.96,73773.61,91511.64,2,0.4,0.405,0.371,0.568,68.61,0
C_2025_03111,Nov-2025,Healthcare,92132.15,49834.15,103388.03,47198.72,66806.97,0,0.0,0.388,0.369,0.591,57.59,0
C_2025_03112,Nov-2025,DeFi,117757.95,40197.54,56774.53,42664.9,46545.66,1,0.2,0.157,0.384,0.564,59.46,0
C_2025_03113,Nov-2025,DeFi,136640.82,48550.77,283900.2281930909,57104.75,63642.98,5,0.2,0.4356238886734039,0.397,0.585,42.46,1
C_2025_03114,Nov-2025,DeFi,114509.87,39969.87,156723.76723368448,45885.05,46212.63,5,0.2,0.1922989697476332,0.35,0.648,49.38,1
C_2025_03115,Nov-2025,DeFi,149045.17,57500.05,81827.79,54319.43,64549.09,0,0.0,0.19,0.362,0.567,77.07,0
C_2025_03116,Nov-2025,Token,74093.26,30951.2,39046.11,38518.76,36172.02,0,0.0,0.102,0.368,0.557,47.52,0
C_2025_03117,Nov-2025,Token,74975.3,58587.8,121865.85,65668.41,82040.68,2,0.4,0.345,0.362,0.56,70.15,0
C_2025_03118,Nov-2025,DeFi,133832.84,34250.09,50277.58,42308.07,42278.58,5,1.0,0.155,0.388,0.573,74.36,0
C_2025_03119,Nov-2025,DeFi,145466.96,57007.92,83763.1,70660.76,70477.26,1,0.2,0.155,0.377,0.636,93.19,0
C_2025_03120,Nov-2025,DeFi,126369.15,43397.76,71174.12,41031.45,51867.78,3,0.6,0.264,0.371,0.582,64.11,0
C_2025_03121,Nov-2025,DeFi,127662.48,69613.0,159364.5,87716.26,105564.59,1,0.2,0.367,0.397,0.624,75.21,0
C_2025_03122,Nov-2025,Token,63023.56,51143.93,65868.99,49162.01,55391.64,0,0.0,0.135,0.371,0.566,87.0,0
C_2025_03123,Nov-2025,Token,50028.92,58875.15,75978.93,66906.37,67253.48,0,0.0,0.104,0.387,0.63,69.92,0
C_2025_03124,Nov-2025,DeFi,135981.26,46103.47,73773.68,45599.16,55158.77,2,0.4,0.239,0.395,0.555,44.59,0
C_2025_03125,Nov-2025,Token,57532.9,54791.99,88303.14,52301.65,65132.26,1,0.2,0.252,0.387,0.62,92.52,0
C_2025_03126,Nov-2025,Marketplace,121348.01,58714.95,123446.12,73580.81,85247.29,1,0.2,0.325,0.387,0.573,90.16,0
C_2025_03127,Nov-2025,Wallet,87543.8,52605.18,350427.4159014333,53916.53,74240.95,6,0.6,0.7105478581923725,0.363,0.602,86.83,1
C_2025_03128,Nov-2025,Marketplace,110157.74,43577.78,102412.63,39958.37,61982.93,0,0.0,0.462,0.385,0.633,84.41,0
C_2025_03129,Nov-2025,Token,61699.88,52541.22,90182.21,67982.97,70235.46,4,0.8,0.22,0.357,0.617,92.81,0
C_2025_03130,Nov-2025,Wallet,121445.0,54960.69,96157.77,51585.3,67567.92,0,0.0,0.3,0.399,0.599,40.66,0
C_2025_03131,Nov-2025,DeFi,129955.28,54892.17,125546.57,61445.38,80628.04,0,0.0,0.395,0.381,0.65,41.91,0
C_2025_03132,Nov-2025,DAO,104392.63,54830.31,93870.93,57521.59,68740.94,2,0.4,0.259,0.391,0.555,44.76,0
C_2025_03133,Nov-2025,NFT,196216.57,50578.14,93473.1,50008.02,64686.42,2,0.4,0.315,0.363,0.567,67.13,0
C_2025_03134,Nov-2025,DeFi,107504.28,49832.16,60404.47,50750.21,53662.28,1,0.2,0.089,0.357,0.608,79.07,0
C_2025_03135,Nov-2025,Energy,98272.28,62918.62,86756.91,69197.56,72957.7,2,0.4,0.138,0.355,0.644,80.87,0
C_2025_03136,Nov-2025,Energy,96395.37,41710.9,98595.57,40502.43,60269.63,2,0.4,0.45,0.352,0.573,89.6,0
C_2025_03137,Nov-2025,Wallet,126197.96,50791.44,97641.02,64883.06,71105.18,2,0.4,0.276,0.38,0.617,67.41,0
C_2025_03138,Nov-2025,Token,61430.71,53632.55,87675.02,62994.14,68100.57,1,0.2,0.211,0.398,0.613,92.2,0
C_2025_03139,Nov-2025,DeFi,144433.27,57621.49,113480.6,55137.05,75413.05,1,0.2,0.357,0.4,0.577,52.69,0
C_2025_03140,Nov-2025,Healthcare,112492.29,68799.8,84469.55,65484.56,72917.97,2,0.4,0.114,0.373,0.575,52.3,0
C_2025_03141,Nov-2025,DAO,108533.03,53244.4,189791.0505928786,68585.74,62979.09,5,0.2,0.21358089679780587,0.37,0.636,59.66,1
C_2025_03142,Nov-2025,Marketplace,125137.53,69514.67,119682.23,80345.11,89847.34,1,0.2,0.24,0.391,0.561,65.52,0
C_2025_03143,Nov-2025,NFT,208733.81,55246.29,95799.02,65976.19,72340.5,0,0.0,0.237,0.383,0.633,88.92,0
C_2025_03144,Nov-2025,DeFi,103811.81,55939.5,79006.9,58077.7,64341.36,1,0.2,0.162,0.398,0.64,41.81,0
C_2025_03145,Nov-2025,DeFi,151248.76,52427.14,79637.32,58170.98,63411.81,1,0.2,0.185,0.381,0.649,60.09,0
C_2025_03146,Nov-2025,Marketplace,86788.18,54708.47,128019.64,68158.06,83628.73,0,0.0,0.381,0.395,0.565,45.25,0
C_2025_03147,Nov-2025,DeFi,112392.73,62587.13,118287.34,72665.42,84513.3,0,0.0,0.287,0.365,0.596,54.66,0
C_2025_03148,Nov-2025,NFT,165826.43,44910.61,269288.28490102536,57562.32,64815.48,5,0.4,0.4716843678703352,0.398,0.564,93.55,1
C_2025_03149,Nov-2025,DAO,117156.8,49378.28,88698.06,54910.26,64328.87,3,0.6,0.27,0.39,0.645,40.54,0
C_2025_03150,Nov-2025,DAO,122437.19,51990.17,106530.26,63445.25,73988.56,6,1.0,0.317,0.362,0.606,79.03,0
C_2025_03151,Nov-2025,DeFi,121400.43,47780.66,76660.67,57738.71,60726.68,3,0.6,0.197,0.37,0.588,76.64,0
C_2025_03152,Nov-2025,DAO,92293.44,47390.68,58643.56,51577.04,52537.09,0,0.0,0.088,0.373,0.578,73.2,0
C_2025_03153,Nov-2025,NFT,175450.15,51871.34,105867.57,65757.83,74498.91,1,0.2,0.307,0.364,0.59,75.48,0
C_2025_03154,Nov-2025,Wallet,105750.55,52448.27,111086.33,51468.98,71667.86,2,0.4,0.389,0.396,0.551,50.67,0
C_2025_03155,Nov-2025,Token,78685.27,44677.31,91223.75,52172.59,62691.22,1,0.2,0.326,0.376,0.623,74.99,0
C_2025_03156,Nov-2025,DeFi,124908.57,49709.35,63557.78,47103.42,53456.85,1,0.2,0.135,0.371,0.568,82.85,0
C_2025_03157,Nov-2025,DeFi,125687.74,57742.23,107673.74,73990.81,79802.26,2,0.4,0.261,0.393,0.6,41.25,0
C_2025_03158,Nov-2025,Token,68926.73,48990.7,211050.8580762308,57419.26,58059.81,4,0.0,0.20066825891269674,0.362,0.628,60.75,1
C_2025_03159,Nov-2025,DeFi,140890.58,41384.62,60122.88,51188.69,50898.73,1,0.2,0.15,0.365,0.614,45.56,0
C_2025_03160,Nov-2025,DeFi,98854.49,47802.47,112306.14,44425.94,68178.19,1,0.2,0.458,0.354,0.57,45.65,0
C_2025_03161,Nov-2025,DeFi,134538.56,50104.04,161483.0992493767,54335.39,55600.07,6,0.2,0.1375860854347349,0.367,0.64,41.04,1
C_2025_03162,Nov-2025,NFT,160303.67,56541.17,96022.97,60389.36,70984.5,1,0.2,0.25,0.356,0.58,85.2,0
C_2025_03163,Nov-2025,Token,68203.88,45175.52,71175.42,56622.36,57657.77,1,0.2,0.185,0.399,0.568,71.22,0
C_2025_03164,Nov-2025,DeFi,100675.62,58519.91,142609.22,72421.3,91183.48,3,0.6,0.404,0.388,0.588,50.47,0
C_2025_03165,Nov-2025,DeFi,141992.78,49748.3,70780.1,61662.0,60730.13,1,0.2,0.142,0.392,0.647,56.02,0
C_2025_03166,Nov-2025,Wallet,99559.37,37506.44,84703.41,33912.08,52040.65,1,0.2,0.445,0.37,0.583,87.98,0
C_2025_03167,Nov-2025,NFT,183552.73,48113.69,268962.80544788623,46270.26,66071.99,4,0.2,0.6676847335773731,0.385,0.623,83.41,1
C_2025_03168,Nov-2025,Token,68460.93,41162.83,58966.32,52633.27,50920.81,1,0.2,0.145,0.359,0.616,66.22,0
C_2025_03169,Nov-2025,DAO,99184.4,57772.41,118739.23,56084.54,77532.06,3,0.6,0.376,0.399,0.566,79.49,0
C_2025_03170,Nov-2025,Healthcare,87811.52,52339.99,74872.55,50826.37,59346.31,3,0.6,0.185,0.394,0.599,64.13,0
C_2025_03171,Nov-2025,Wallet,89091.57,40433.47,76168.85,46167.6,54256.64,2,0.4,0.289,0.379,0.58,81.43,0
C_2025_03172,Nov-2025,Energy,103624.21,54041.21,108810.37,69610.34,77487.3,1,0.2,0.297,0.366,0.632,59.34,0
C_2025_03173,Nov-2025,Token,72254.71,55846.44,274880.4073812414,67757.67,75668.63,6,0.2,0.4612811210171771,0.384,0.567,55.05,1
C_2025_03174,Nov-2025,Healthcare,125655.23,60213.55,285230.0436324112,73354.21,81479.53,6,0.6,0.4384238996375027,0.37,0.617,89.19,1
C_2025_03175,Nov-2025,DeFi,130908.52,39383.15,53341.32,39847.17,44190.55,1,0.2,0.146,0.383,0.64,93.32,0
C_2025_03176,Nov-2025,NFT,189016.58,43616.91,104867.32,40849.31,63111.18,2,0.4,0.468,0.397,0.603,45.49,0
C_2025_03177,Nov-2025,Marketplace,86744.32,45527.24,71335.06,50835.28,55899.19,2,0.4,0.199,0.39,0.598,85.15,0
C_2025_03178,Nov-2025,Marketplace,103610.42,57561.24,69398.72,72786.09,66582.01,1,0.2,0.098,0.385,0.552,41.53,0
C_2025_03179,Nov-2025,Token,57661.12,50469.14,123832.96,63466.58,79256.23,1,0.2,0.403,0.366,0.587,66.45,0
C_2025_03180,Nov-2025,DeFi,134245.89,40327.11,71237.91,51575.1,54380.04,3,0.6,0.235,0.361,0.64,78.45,0
C_2025_03181,Nov-2025,Energy,113555.09,39516.21,95439.15,41020.53,58658.63,0,0.0,0.443,0.397,0.596,62.95,0
C_2025_03182,Nov-2025,DeFi,137888.04,47502.88,109223.46,50409.88,69045.41,0,0.0,0.412,0.372,0.568,47.85,0
C_2025_03183,Nov-2025,DeFi,117481.9,48219.75,117883.02,44314.71,70139.16,1,0.2,0.482,0.384,0.558,70.07,0
C_2025_03184,Nov-2025,Token,60201.97,52378.33,68881.53,62468.45,61242.77,0,0.0,0.111,0.372,0.648,85.09,0
C_2025_03185,Nov-2025,Token,76222.11,55499.65,92498.45,72115.05,73371.05,1,0.2,0.206,0.364,0.561,71.22,0
C_2025_03186,Nov-2025,Token,73232.82,35491.89,212722.5857274394,39640.98,47833.42,3,0.0,0.5813715254656711,0.372,0.631,57.33,1
C_2025_03187,Nov-2025,Token,62421.0,26516.07,61558.41,30818.04,39630.84,0,0.0,0.394,0.393,0.633,81.45,0
C_2025_03188,Nov-2025,Token,77836.18,48308.32,88035.37,57711.5,64685.06,4,0.8,0.262,0.355,0.605,75.85,0
C_2025_03189,Nov-2025,Wallet,108845.93,40403.34,53440.34,46093.74,46645.81,4,0.8,0.114,0.391,0.617,94.42,0
C_2025_03190,Nov-2025,NFT,176601.16,60596.56,101617.0,71071.4,77761.65,2,0.4,0.224,0.371,0.606,86.16,0
C_2025_03191,Nov-2025,Token,61357.25,52511.41,79776.41,47820.2,60036.01,0,0.0,0.235,0.361,0.63,89.76,0
C_2025_03192,Nov-2025,Token,74490.23,33747.38,71472.51,43236.29,49485.39,1,0.2,0.324,0.362,0.555,73.91,0
C_2025_03193,Nov-2025,DAO,97872.8,58876.63,136005.45,63653.0,86178.36,1,0.2,0.409,0.355,0.58,41.4,0
C_2025_03194,Nov-2025,Energy,118034.94,46118.85,112365.06,49153.95,69212.62,3,0.6,0.441,0.365,0.577,76.11,0
C_2025_03195,Nov-2025,DeFi,114964.19,47587.93,61248.21,57825.85,55553.99,3,0.6,0.104,0.386,0.641,86.24,0
C_2025_03196,Nov-2025,DAO,134148.46,50989.7,88608.14,59090.88,66229.57,1,0.2,0.244,0.36,0.554,72.37,0
C_2025_03197,Nov-2025,DAO,107819.97,38904.24,80363.15,37678.43,52315.27,0,0.0,0.379,0.376,0.632,41.94,0
C_2025_03198,Nov-2025,DeFi,149864.17,40240.55,55128.13,40014.35,45127.68,2,0.4,0.157,0.374,0.59,89.36,0
C_2025_03199,Nov-2025,Token,65925.29,44011.49,101224.48,57005.76,67413.91,2,0.4,0.363,0.368,0.61,80.67,0
C_2025_03200,Nov-2025,DeFi,125118.06,59972.77,361766.00367326196,75954.86,87924.28,8,0.6,0.589421553833385,0.359,0.562,66.71,1
C_2025_03201,Nov-2025,Healthcare,113171.72,40648.07,82898.22,45129.37,56225.22,0,0.0,0.337,0.353,0.561,48.45,0
C_2025_03202,Nov-2025,NFT,170915.33,49240.87,99757.89,57162.56,68720.44,0,0.0,0.323,0.396,0.63,52.67,0
C_2025_03203,Nov-2025,Marketplace,74568.44,41967.05,69374.75,51495.84,54279.21,0,0.0,0.209,0.371,0.593,65.78,0
C_2025_03204,Nov-2025,DeFi,124552.74,53724.88,71658.26,61629.07,62337.4,0,0.0,0.118,0.354,0.593,52.08,0
C_2025_03205,Nov-2025,Token,54368.25,43859.43,57913.2,49304.1,50358.91,0,0.0,0.115,0.398,0.584,78.23,0
C_2025_03206,Nov-2025,Wallet,102742.63,56797.85,123442.19,70029.95,83423.33,2,0.4,0.345,0.361,0.628,50.68,0
C_2025_03207,Nov-2025,DeFi,141880.97,53533.53,130995.4,58335.43,80954.79,2,0.4,0.438,0.376,0.615,65.19,0
C_2025_03208,Nov-2025,DeFi,100938.93,62417.89,117482.37,79959.71,86619.99,1,0.2,0.265,0.388,0.584,84.89,0
C_2025_03209,Nov-2025,DAO,108030.83,46533.42,61548.26,43468.13,50516.61,2,0.4,0.156,0.376,0.58,79.65,0
C_2025_03210,Nov-2025,Marketplace,124593.53,54027.31,110035.53,52233.9,72098.91,2,0.4,0.372,0.396,0.586,73.66,0
C_2025_03211,Nov-2025,Wallet,101007.9,47980.64,85865.34,54641.54,62829.17,1,0.2,0.263,0.391,0.553,56.26,0
C_2025_03212,Nov-2025,NFT,193580.18,48323.55,70485.17,47771.25,55526.65,2,0.4,0.191,0.353,0.559,54.38,0
C_2025_03213,Nov-2025,DeFi,130922.0,62866.77,112673.94,71269.29,82270.0,1,0.2,0.265,0.385,0.643,51.73,0
C_2025_03214,Nov-2025,Token,69001.47,56825.33,69259.23,56407.37,60830.64,2,0.4,0.098,0.362,0.618,54.65,0
C_2025_03215,Nov-2025,DAO,91022.29,39328.63,281451.41840153525,36815.57,52565.77,4,0.0,0.6385819944594032,0.36,0.561,51.42,1
C_2025_03216,Nov-2025,Healthcare,127849.39,55487.29,114214.73,60485.32,76729.11,0,0.0,0.346,0.398,0.567,76.76,0
C_2025_03217,Nov-2025,NFT,180130.27,54284.1,80528.54,55712.78,63508.47,0,0.0,0.19,0.381,0.611,79.9,0
C_2025_03218,Nov-2025,NFT,162184.49,53407.5,88224.64,61707.56,67779.9,1,0.2,0.219,0.354,0.628,48.58,0
C_2025_03219,Nov-2025,DeFi,135666.44,47005.44,93812.59,53674.87,64830.97,2,0.4,0.319,0.398,0.572,51.8,0
C_2025_03220,Nov-2025,NFT,178336.51,46264.58,88539.07,43696.7,59500.12,1,0.2,0.346,0.367,0.645,77.58,0
C_2025_03221,Nov-2025,Marketplace,112410.08,49900.55,107468.73,55248.15,70872.48,2,0.4,0.366,0.377,0.606,64.82,0
C_2025_03222,Nov-2025,DeFi,122022.67,45065.99,70544.57,40744.25,52118.27,4,0.8,0.252,0.399,0.589,79.19,0
C_2025_03223,Nov-2025,DeFi,144531.02,46927.27,108657.15,59170.91,71585.11,0,0.0,0.373,0.365,0.563,64.97,0
C_2025_03224,Nov-2025,DAO,89683.13,49747.51,276668.8754190104,50140.9,68790.66,6,0.2,0.6847461675762937,0.368,0.612,73.29,1
C_2025_03225,Nov-2025,Wallet,121998.66,52120.89,121333.59,58290.31,77248.27,6,1.0,0.405,0.396,0.622,55.5,0
C_2025_03226,Nov-2025,NFT,200701.86,41215.1,225710.12456901273,38436.91,51570.46,4,0.0,0.5290151106464692,0.387,0.583,67.92,1
C_2025_03227,Nov-2025,Marketplace,119179.91,56496.28,80061.98,53070.21,63209.49,2,0.4,0.19,0.369,0.637,91.93,0
C_2025_03228,Nov-2025,NFT,158737.22,49289.43,75659.55,48953.67,57967.55,1,0.2,0.216,0.379,0.562,88.91,0
C_2025_03229,Nov-2025,DeFi,150475.87,63471.95,157630.21,73072.56,98058.24,2,0.4,0.431,0.376,0.601,52.46,0
C_2025_03230,Nov-2025,DeFi,123626.3,65132.64,136499.12,71048.79,90893.52,3,0.6,0.356,0.384,0.595,85.22,0
C_2025_03231,Nov-2025,DeFi,139190.47,54728.61,72414.72,67258.52,64800.62,0,0.0,0.115,0.351,0.572,66.36,0
C_2025_03232,Nov-2025,Token,58380.68,55695.8,75017.22,64517.28,65076.77,4,0.8,0.121,0.399,0.604,62.92,0
C_2025_03233,Nov-2025,Healthcare,112606.25,41757.86,93128.29,46490.51,60458.89,2,0.4,0.383,0.367,0.649,75.01,0
C_2025_03234,Nov-2025,Token,66864.16,52258.83,107023.7,64607.15,74629.89,1,0.2,0.314,0.38,0.612,49.27,0
C_2025_03235,Nov-2025,NFT,155770.22,41968.62,83204.06,54098.34,59757.01,1,0.2,0.29,0.365,0.554,61.93,0
C_2025_03236,Nov-2025,NFT,159291.69,42930.66,63842.39,44649.67,50474.24,4,0.8,0.188,0.361,0.551,82.95,0
C_2025_03237,Nov-2025,Marketplace,115307.22,54577.88,70772.38,65760.27,63703.51,0,0.0,0.106,0.355,0.594,66.19,0
C_2025_03238,Nov-2025,Wallet,116691.05,57854.59,80956.87,57302.58,65371.35,1,0.2,0.169,0.364,0.623,53.28,0
C_2025_03239,Nov-2025,NFT,172723.44,60018.24,97218.53,63917.46,73718.08,2,0.4,0.226,0.396,0.557,91.62,0
C_2025_03240,Nov-2025,DAO,116371.84,75722.99,98031.9,75382.09,83045.66,3,0.6,0.128,0.353,0.618,55.31,0
C_2025_03241,Nov-2025,NFT,178171.06,46596.77,85338.98,42160.05,58031.93,0,0.0,0.334,0.385,0.556,87.63,0
C_2025_03242,Nov-2025,NFT,163518.19,47893.37,104775.59,53150.67,68606.55,1,0.2,0.374,0.351,0.616,60.12,0
C_2025_03243,Nov-2025,DeFi,142851.15,61445.65,125756.53,74789.01,87330.4,2,0.4,0.317,0.356,0.628,81.86,0
C_2025_03244,Nov-2025,Wallet,116866.84,46797.69,91990.42,51078.5,63288.87,0,0.0,0.322,0.369,0.614,44.94,0
C_2025_03245,Nov-2025,NFT,178960.46,49870.19,106298.32,55792.19,70653.57,1,0.2,0.358,0.398,0.643,77.53,0
C_2025_03246,Nov-2025,NFT,172925.74,48861.26,70315.38,54130.04,57768.89,0,0.0,0.158,0.385,0.605,40.97,0
C_2025_03247,Nov-2025,Healthcare,100854.21,54782.14,124484.23,57083.98,78783.45,1,0.2,0.41,0.399,0.611,63.25,0
C_2025_03248,Nov-2025,Energy,113453.73,45336.27,71066.85,58724.63,58375.92,3,0.6,0.18,0.364,0.575,43.96,0
C_2025_03249,Nov-2025,Marketplace,114863.78,54312.96,91714.34,49290.26,65105.85,0,0.0,0.291,0.36,0.599,65.19,0
C_2025_03250,Nov-2025,DeFi,151460.28,53589.56,90596.42,51668.13,65284.71,2,0.4,0.274,0.388,0.643,90.32,0
C_2025_03251,Nov-2025,NFT,175197.52,40929.79,54057.25,52569.82,49185.62,0,0.0,0.119,0.36,0.639,93.23,0
C_2025_03252,Nov-2025,DeFi,119466.07,52929.64,96946.57,64925.72,71600.64,1,0.2,0.259,0.359,0.636,68.99,0
C_2025_03253,Nov-2025,DeFi,116579.16,61606.78,116574.27,79524.57,85901.87,1,0.2,0.266,0.359,0.562,83.1,0
C_2025_03254,Nov-2025,DAO,115442.78,57418.4,80710.44,57202.23,65110.36,2,0.4,0.169,0.364,0.644,90.29,0
C_2025_03255,Nov-2025,DeFi,122769.81,45523.49,81842.08,51465.55,59610.37,1,0.2,0.267,0.359,0.552,71.42,0
C_2025_03256,Nov-2025,Token,80653.35,51437.39,105177.57,64759.4,73791.45,1,0.2,0.31,0.382,0.618,68.68,0
C_2025_03257,Nov-2025,Token,56146.92,59499.87,82910.15,69366.23,70592.08,1,0.2,0.136,0.375,0.598,72.91,0
C_2025_03258,Nov-2025,Token,60387.27,63372.89,91810.15,59068.03,71417.03,1,0.2,0.203,0.361,0.588,72.61,0
C_2025_03259,Nov-2025,Wallet,123852.23,60922.82,141477.73,60161.47,87520.67,1,0.2,0.436,0.377,0.608,51.89,0
C_2025_03260,Nov-2025,Marketplace,123897.79,46933.05,65374.54,50396.82,54234.8,4,0.8,0.148,0.361,0.626,81.43,0
C_2025_03261,Nov-2025,DeFi,127420.08,46590.62,80046.99,57381.77,61339.79,4,0.8,0.227,0.37,0.557,71.52,0
C_2025_03262,Nov-2025,Marketplace,93310.33,39679.99,83090.78,43070.88,55280.55,2,0.4,0.357,0.373,0.645,84.08,0
C_2025_03263,Nov-2025,Wallet,104321.47,39752.1,247613.14439438996,37743.81,57714.87,6,0.2,0.7281020589540854,0.379,0.591,44.39,1
C_2025_03264,Nov-2025,DeFi,118176.55,52031.81,103456.9,57380.85,70956.52,1,0.2,0.325,0.382,0.593,62.61,0
C_2025_03265,Nov-2025,Wallet,129853.9,62015.51,75630.6,58920.34,65522.15,1,0.2,0.111,0.379,0.626,80.73,0
C_2025_03266,Nov-2025,Wallet,105742.0,58138.71,273363.17321503523,71650.5,75211.9,5,0.2,0.3407988155833869,0.36,0.641,62.43,1
C_2025_03267,Nov-2025,DeFi,140120.07,41918.19,172613.7787481935,53546.36,53032.65,5,0.4,0.3276151495338787,0.39,0.64,83.34,1
C_2025_03268,Nov-2025,NFT,178954.15,55395.99,405438.7001892562,65022.42,83163.37,5,0.0,0.7099552772342211,0.38,0.559,78.26,1
C_2025_03269,Nov-2025,Energy,96688.85,47681.28,117915.75,60099.1,75232.04,4,0.8,0.407,0.395,0.638,81.13,0
C_2025_03270,Nov-2025,Wallet,111143.71,56137.8,100033.92,72259.4,76143.71,2,0.4,0.238,0.382,0.622,74.36,0
C_2025_03271,Nov-2025,Energy,87113.37,51111.6,104114.31,64572.95,73266.29,0,0.0,0.307,0.357,0.562,90.78,0
C_2025_03272,Nov-2025,NFT,182563.12,51089.79,100016.29,55416.74,68840.94,1,0.2,0.321,0.369,0.597,56.42,0
C_2025_03273,Nov-2025,NFT,161454.27,48346.95,70459.82,50000.35,56269.04,1,0.2,0.179,0.367,0.556,70.64,0
C_2025_03274,Nov-2025,Token,72938.84,52416.31,118715.13,53158.07,74763.17,0,0.0,0.416,0.358,0.647,77.03,0
C_2025_03275,Nov-2025,NFT,145747.3,49431.31,110961.27,55822.13,72071.57,2,0.4,0.383,0.379,0.622,60.4,0
C_2025_03276,Nov-2025,DAO,124918.75,50144.75,69865.99,56066.33,58692.36,2,0.4,0.141,0.384,0.56,43.56,0
C_2025_03277,Nov-2025,Wallet,120136.89,60816.34,143734.35,67376.11,90642.27,2,0.4,0.415,0.352,0.573,53.09,0
C_2025_03278,Nov-2025,Healthcare,115308.88,48688.4,285097.71601516363,62047.65,73368.2,7,0.4,0.6966027600117749,0.378,0.638,65.62,1
C_2025_03279,Nov-2025,Token,56048.61,50132.21,87560.53,52879.35,63524.03,2,0.4,0.268,0.399,0.551,92.01,0
C_2025_03280,Nov-2025,DeFi,157331.09,53459.54,77156.7,62103.13,64239.79,1,0.2,0.152,0.356,0.58,48.89,0
C_2025_03281,Nov-2025,DeFi,134916.63,44274.5,65436.59,51659.75,53790.28,2,0.4,0.163,0.379,0.589,58.89,0
C_2025_03282,Nov-2025,Token,68899.13,48352.32,354746.64538319584,46105.84,66384.49,5,0.2,0.6835540431423859,0.399,0.648,57.57,1
C_2025_03283,Nov-2025,DeFi,147000.22,36512.41,66565.74,35973.5,46350.55,1,0.2,0.308,0.383,0.588,78.51,0
C_2025_03284,Nov-2025,Wallet,111314.44,66685.03,141116.32,72312.33,93371.23,0,0.0,0.362,0.359,0.575,43.48,0
C_2025_03285,Nov-2025,DeFi,116708.85,61299.32,81011.97,75274.53,72528.61,2,0.4,0.114,0.358,0.596,88.69,0
C_2025_03286,Nov-2025,Healthcare,113461.12,39527.99,265519.2935263209,45648.76,60675.97,6,0.6,0.6749792076726874,0.394,0.601,85.65,1
C_2025_03287,Nov-2025,Token,65013.98,55081.83,109420.17,63001.88,75834.63,2,0.4,0.316,0.387,0.628,78.52,0
C_2025_03288,Nov-2025,Token,75389.86,48107.33,116141.16,47712.23,70653.57,3,0.6,0.455,0.351,0.622,82.53,0
C_2025_03289,Nov-2025,Token,72414.31,56216.02,323747.3089164121,72940.34,76035.74,8,1.0,0.4025412743473656,0.376,0.583,53.8,1
C_2025_03290,Nov-2025,NFT,228706.11,53413.56,81075.61,67783.97,67424.38,2,0.4,0.168,0.353,0.638,57.43,0
C_2025_03291,Nov-2025,DeFi,148335.9,62967.46,123405.7,69911.82,85428.33,0,0.0,0.316,0.364,0.602,83.41,0
C_2025_03292,Nov-2025,Marketplace,93488.72,47471.5,62393.1,55314.0,55059.53,1,0.2,0.111,0.384,0.571,68.0,0
C_2025_03293,Nov-2025,Wallet,115138.82,48461.91,72536.56,51755.74,57584.74,2,0.4,0.185,0.366,0.561,74.52,0
C_2025_03294,Nov-2025,DeFi,128568.62,56695.43,114186.26,64834.59,78572.09,2,0.4,0.323,0.369,0.594,87.52,0
C_2025_03295,Nov-2025,DeFi,148940.92,38662.52,57120.97,38702.26,44828.58,3,0.6,0.194,0.396,0.564,79.64,0
C_2025_03296,Nov-2025,Token,73909.57,58906.08,434057.2057568679,70173.41,90466.44,6,0.2,0.7325648152045688,0.37,0.553,90.24,1
C_2025_03297,Nov-2025,Marketplace,112491.99,46454.01,287617.8215813455,57486.19,67926.54,6,0.4,0.5104755696896532,0.387,0.584,89.66,1
C_2025_03298,Nov-2025,Energy,104072.23,42779.83,79074.26,51778.15,57877.41,1,0.2,0.267,0.357,0.58,66.61,0
C_2025_03299,Nov-2025,NFT,127705.44,60413.01,124572.65,64703.75,83229.8,2,0.4,0.352,0.381,0.578,62.64,0
C_2025_03300,Nov-2025,Healthcare,96957.41,46428.36,84522.08,48966.36,59972.27,0,0.0,0.29,0.372,0.592,47.23,0
C_2025_03301,Nov-2025,Wallet,114275.44,42873.42,90829.7,54726.73,62809.95,0,0.0,0.325,0.356,0.555,69.27,0
C_2025_03302,Nov-2025,Token,54332.96,63571.62,142227.05,74676.29,93491.65,1,0.2,0.372,0.353,0.577,41.05,0
C_2025_03303,Nov-2025,Wallet,107754.58,53303.25,102244.12,54754.58,70100.65,1,0.2,0.324,0.366,0.612,93.44,0
C_2025_03304,Nov-2025,DeFi,150892.97,69790.07,86947.4,86263.29,81000.26,0,0.0,0.098,0.395,0.604,49.27,0
C_2025_03305,Nov-2025,DAO,111746.31,49886.42,79649.04,50274.73,59936.73,0,0.0,0.233,0.38,0.559,82.13,0
C_2025_03306,Nov-2025,Token,66133.26,42373.6,56197.68,47831.59,48800.95,4,0.8,0.116,0.382,0.551,61.78,0
C_2025_03307,Nov-2025,Token,78751.37,41555.28,89409.35,50252.18,60405.6,1,0.2,0.345,0.384,0.605,72.86,0
C_2025_03308,Nov-2025,Healthcare,107828.21,52970.46,93726.99,51628.69,66108.71,0,0.0,0.296,0.36,0.605,90.55,0
C_2025_03309,Nov-2025,Marketplace,95667.36,40595.93,247280.7863587213,42329.26,53804.22,6,0.4,0.4966896473900357,0.377,0.628,71.01,1
C_2025_03310,Nov-2025,NFT,165220.15,47286.24,114390.46,57718.77,73131.83,0,0.0,0.403,0.391,0.609,68.54,0
C_2025_03311,Nov-2025,DeFi,139545.53,43257.62,52801.49,52711.2,49590.1,0,0.0,0.09,0.362,0.577,48.66,0
C_2025_03312,Nov-2025,Wallet,88165.01,48725.32,121388.13,55156.45,75089.97,1,0.2,0.437,0.37,0.562,81.94,0
C_2025_03313,Nov-2025,NFT,198493.62,43702.83,73560.81,56617.14,57960.26,0,0.0,0.211,0.35,0.609,92.41,0
C_2025_03314,Nov-2025,NFT,161474.77,51920.4,98785.02,65616.73,72107.38,0,0.0,0.273,0.358,0.631,89.16,0
C_2025_03315,Nov-2025,Token,65778.28,43017.73,89928.27,50806.43,61250.81,3,0.6,0.335,0.368,0.617,51.74,0
C_2025_03316,Nov-2025,Token,60454.73,55027.59,66753.01,60708.22,60829.61,2,0.4,0.079,0.372,0.567,44.98,0
C_2025_03317,Nov-2025,NFT,158635.77,62061.39,148116.09,69266.85,93148.11,1,0.2,0.418,0.357,0.609,72.02,0
C_2025_03318,Nov-2025,Wallet,103094.08,54622.29,86195.43,51284.61,64034.11,1,0.2,0.246,0.398,0.615,83.06,0
C_2025_03319,Nov-2025,NFT,157660.41,46595.56,71465.28,46716.11,54925.65,1,0.2,0.213,0.393,0.649,58.88,0
C_2025_03320,Nov-2025,Wallet,121871.43,60305.04,87611.24,76418.76,74778.35,0,0.0,0.15,0.387,0.585,60.19,0
C_2025_03321,Nov-2025,Marketplace,123234.93,48921.6,67625.67,45097.29,53881.52,1,0.2,0.183,0.384,0.626,87.01,0
C_2025_03322,Nov-2025,DeFi,134886.04,51526.18,111955.63,65666.52,76382.78,0,0.0,0.338,0.375,0.649,77.49,0
C_2025_03323,Nov-2025,Token,68114.23,55855.65,79425.73,50843.86,62041.75,2,0.4,0.201,0.396,0.595,91.51,0
C_2025_03324,Nov-2025,DAO,92871.7,48569.86,67842.94,63020.6,59811.13,1,0.2,0.137,0.35,0.579,88.9,0
C_2025_03325,Nov-2025,NFT,219115.65,54531.56,130827.13,60264.79,81874.49,3,0.6,0.424,0.386,0.616,50.54,0
C_2025_03326,Nov-2025,DeFi,106478.55,42549.98,56286.85,48248.07,49028.3,3,0.6,0.115,0.357,0.601,94.18,0
C_2025_03327,Nov-2025,NFT,168001.84,56597.52,107869.53,63450.4,75972.49,3,0.6,0.299,0.397,0.557,66.19,0
C_2025_03328,Nov-2025,Token,64803.42,56688.94,72716.48,56218.19,61874.54,1,0.2,0.124,0.371,0.583,84.84,0
C_2025_03329,Nov-2025,Wallet,113938.64,44399.84,76748.04,50398.27,57182.05,0,0.0,0.246,0.38,0.617,43.86,0
C_2025_03330,Nov-2025,DAO,113064.28,51834.13,66483.51,59157.0,59158.22,1,0.2,0.101,0.367,0.647,70.55,0
C_2025_03331,Nov-2025,Energy,112339.12,53846.15,66602.71,50135.36,56861.41,2,0.4,0.124,0.381,0.631,81.41,0
C_2025_03332,Nov-2025,DeFi,117670.69,43097.16,105940.96,54085.29,67707.8,2,0.4,0.405,0.36,0.568,44.82,0
C_2025_03333,Nov-2025,DAO,112941.56,58825.86,90394.34,72912.42,74044.21,1,0.2,0.174,0.382,0.622,79.37,0
C_2025_03334,Nov-2025,NFT,159235.25,54256.99,87332.73,67152.33,69580.68,2,0.4,0.196,0.393,0.588,58.12,0
C_2025_03335,Nov-2025,Marketplace,98122.7,35629.47,60276.03,40139.18,45348.23,0,0.0,0.236,0.399,0.644,91.39,0
C_2025_03336,Nov-2025,Wallet,114117.33,56493.47,241208.29211838703,51962.32,64162.16,3,0.0,0.35548812338914926,0.366,0.6,94.63,1
C_2025_03337,Nov-2025,Token,73028.04,28971.83,60948.17,28169.13,39363.04,2,0.4,0.388,0.397,0.613,66.6,0
C_2025_03338,Nov-2025,DAO,128419.36,53964.04,75598.19,67235.53,65599.26,4,0.8,0.136,0.4,0.618,63.32,0
C_2025_03339,Nov-2025,DeFi,133693.12,66111.44,88928.75,80546.62,78528.94,2,0.4,0.12,0.377,0.627,94.36,0
C_2025_03340,Nov-2025,DeFi,139903.27,46053.52,65399.02,45097.59,52183.37,0,0.0,0.179,0.393,0.561,47.6,0
C_2025_03341,Nov-2025,Wallet,115268.41,37716.99,88417.46,40255.01,55463.15,1,0.2,0.421,0.363,0.563,62.55,0
C_2025_03342,Nov-2025,NFT,142854.58,55378.04,127358.11,71575.86,84770.67,0,0.0,0.364,0.351,0.629,50.49,0
C_2025_03343,Nov-2025,NFT,151433.83,36911.93,280529.76602040435,42948.33,56046.02,4,0.0,0.7351609516119806,0.351,0.57,57.5,1
C_2025_03344,Nov-2025,DeFi,148739.09,49542.17,79726.39,52049.75,60439.44,1,0.2,0.226,0.398,0.564,55.82,0
C_2025_03345,Nov-2025,Wallet,109665.37,41255.39,99500.4,38791.63,59849.14,1,0.2,0.469,0.389,0.614,78.48,0
C_2025_03346,Nov-2025,Token,72173.6,49513.17,85777.84,54743.45,63344.82,2,0.4,0.253,0.366,0.559,63.79,0
C_2025_03347,Nov-2025,Wallet,98910.42,52120.07,105270.19,65522.68,74304.31,1,0.2,0.304,0.395,0.619,45.8,0
C_2025_03348,Nov-2025,NFT,209153.73,42789.18,83297.66,49097.12,58394.66,2,0.4,0.305,0.385,0.649,61.45,0
C_2025_03349,Nov-2025,Wallet,101983.47,56126.51,261148.93911951734,71502.12,71849.63,4,0.0,0.36133695632927265,0.361,0.598,62.1,1
C_2025_03350,Nov-2025,Energy,95911.35,53948.27,69685.59,56523.41,60052.42,2,0.4,0.115,0.377,0.575,82.05,0
C_2025_03351,Nov-2025,DeFi,116681.55,57719.22,106290.84,59501.54,74503.87,1,0.2,0.302,0.4,0.586,74.49,0
C_2025_03352,Nov-2025,Healthcare,113531.83,56629.03,303984.52395557455,63860.09,76700.36,5,0.4,0.6076665265810791,0.394,0.609,86.69,1
C_2025_03353,Nov-2025,Marketplace,114334.3,45038.26,78433.13,52804.16,58758.52,1,0.2,0.243,0.376,0.578,70.82,0
C_2025_03354,Nov-2025,Energy,105965.77,51528.64,96383.87,59106.03,69006.18,2,0.4,0.284,0.359,0.561,69.79,0
C_2025_03355,Nov-2025,NFT,151265.09,46147.43,57218.57,51991.55,51785.85,1,0.2,0.087,0.38,0.645,93.81,0
C_2025_03356,Nov-2025,Token,65974.37,51232.7,75423.67,49315.27,58657.22,3,0.6,0.203,0.374,0.615,64.51,0
C_2025_03357,Nov-2025,Marketplace,91899.9,47989.21,119140.84,52311.94,73147.33,1,0.2,0.445,0.376,0.576,51.13,0
C_2025_03358,Nov-2025,DeFi,100670.72,59752.25,141511.01,54749.97,85337.74,0,0.0,0.466,0.394,0.563,40.12,0
C_2025_03359,Nov-2025,Token,68446.06,46583.62,104511.67,48263.1,66452.8,3,0.6,0.405,0.391,0.567,61.54,0
C_2025_03360,Nov-2025,NFT,187131.82,42622.2,88731.93,47701.02,59685.05,3,0.6,0.346,0.371,0.565,63.63,0
C_2025_03361,Nov-2025,Marketplace,122655.13,58890.81,124981.32,60275.16,81382.43,3,0.6,0.379,0.38,0.625,89.85,0
C_2025_03362,Nov-2025,Token,49079.07,42916.64,75491.94,44181.76,54196.78,2,0.4,0.278,0.378,0.64,45.51,0
C_2025_03363,Nov-2025,NFT,197409.01,49849.44,118172.48,55120.57,74380.83,0,0.0,0.417,0.355,0.609,46.81,0
C_2025_03364,Nov-2025,Healthcare,115081.55,45635.45,99298.17,56456.04,67129.89,0,0.0,0.345,0.36,0.633,79.66,0
C_2025_03365,Nov-2025,Wallet,110754.8,58961.52,94574.19,66500.96,73345.56,1,0.2,0.209,0.389,0.559,82.87,0
C_2025_03366,Nov-2025,Marketplace,109973.18,45885.61,106448.52,42884.6,65072.91,1,0.2,0.45,0.395,0.633,91.37,0
C_2025_03367,Nov-2025,Token,67959.96,54692.1,212218.32496555307,55840.69,63102.96,8,0.6,0.32637549229353274,0.356,0.598,48.68,1
C_2025_03368,Nov-2025,Marketplace,118174.16,63959.34,138372.2,59186.35,87172.63,1,0.2,0.416,0.366,0.618,42.48,0
C_2025_03369,Nov-2025,DeFi,143549.32,51487.69,98962.85,58769.52,69740.02,1,0.2,0.299,0.351,0.639,45.64,0
C_2025_03370,Nov-2025,Wallet,114316.18,51119.27,85419.08,61024.82,65854.39,1,0.2,0.219,0.36,0.632,54.16,0
C_2025_03371,Nov-2025,NFT,158901.27,35600.19,88540.23,37299.03,53813.15,2,0.4,0.456,0.362,0.592,78.54,0
C_2025_03372,Nov-2025,DeFi,128149.48,46424.65,76606.17,46328.43,56453.09,1,0.2,0.252,0.38,0.6,51.95,0
C_2025_03373,Nov-2025,Token,58962.89,45721.72,186115.40374245268,52473.69,52142.47,4,0.2,0.15181394500557158,0.381,0.648,44.09,1
C_2025_03374,Nov-2025,NFT,209899.93,49423.17,62263.91,59866.76,57184.61,1,0.2,0.097,0.391,0.588,47.93,0
C_2025_03375,Nov-2025,Token,58717.15,49900.19,93749.08,45296.54,62981.94,2,0.4,0.347,0.36,0.586,50.0,0
C_2025_03376,Nov-2025,DeFi,117744.91,55111.8,110321.65,55764.48,73732.64,2,0.4,0.351,0.384,0.592,85.18,0
C_2025_03377,Nov-2025,Token,67435.65,63760.73,149211.51,78524.19,97165.48,1,0.2,0.384,0.378,0.586,69.71,0
C_2025_03378,Nov-2025,NFT,201391.18,60723.51,126036.59,71150.19,85970.1,0,0.0,0.333,0.36,0.613,62.45,0
C_2025_03379,Nov-2025,Token,61119.85,52719.08,76388.89,59223.87,62777.28,1,0.2,0.159,0.37,0.553,42.04,0
C_2025_03380,Nov-2025,NFT,178272.12,43095.95,100104.63,43272.19,62157.59,0,0.0,0.432,0.385,0.636,47.6,0
C_2025_03381,Nov-2025,Token,56299.58,47087.17,63015.09,54586.62,54896.29,5,1.0,0.119,0.356,0.62,60.43,0
C_2025_03382,Nov-2025,Marketplace,123675.55,40295.76,65824.31,45494.85,50538.31,2,0.4,0.218,0.377,0.552,83.55,0
C_2025_03383,Nov-2025,DeFi,112019.44,53749.62,79548.66,54018.22,62438.83,2,0.4,0.194,0.385,0.639,42.39,0
C_2025_03384,Nov-2025,Marketplace,131162.23,37508.54,73605.48,34050.78,48388.27,0,0.0,0.37,0.353,0.607,75.5,0
C_2025_03385,Nov-2025,Marketplace,104434.91,42440.35,69124.5,52113.39,54559.42,0,0.0,0.202,0.377,0.628,85.63,0
C_2025_03386,Nov-2025,DeFi,111375.7,58252.98,132231.98,69721.04,86735.33,1,0.2,0.375,0.352,0.62,91.96,0
C_2025_03387,Nov-2025,Healthcare,117193.33,53960.05,102981.5,55138.23,70693.26,4,0.8,0.323,0.352,0.641,48.83,0
C_2025_03388,Nov-2025,DeFi,140910.28,53076.49,85091.37,65399.05,67855.64,2,0.4,0.194,0.383,0.618,67.03,0
C_2025_03389,Nov-2025,DeFi,137640.34,51801.5,111581.02,66539.98,76640.84,2,0.4,0.332,0.399,0.556,59.72,0
C_2025_03390,Nov-2025,Token,58139.64,37770.81,90386.8,39554.16,55903.92,3,0.6,0.436,0.366,0.595,63.34,0
C_2025_03391,Nov-2025,Marketplace,99404.64,41938.32,60491.42,43381.01,48603.59,2,0.4,0.173,0.399,0.588,65.45,0
C_2025_03392,Nov-2025,NFT,167781.63,41002.15,87944.78,40467.56,56471.5,0,0.0,0.394,0.369,0.632,74.3,0
C_2025_03393,Nov-2025,Marketplace,116442.47,30371.56,56802.15,28963.62,38712.44,0,0.0,0.331,0.352,0.635,92.13,0
C_2025_03394,Nov-2025,Marketplace,107068.41,47381.8,175029.9956678467,59274.67,56349.95,6,0.4,0.1844482522124885,0.368,0.6,77.54,1
C_2025_03395,Nov-2025,NFT,187842.44,50050.01,206084.1748335186,61033.09,59214.23,4,0.2,0.2146868761247541,0.385,0.643,79.39,1
C_2025_03396,Nov-2025,DeFi,140933.27,56414.26,91237.22,67853.5,71834.99,3,0.6,0.202,0.391,0.584,84.09,0
C_2025_03397,Nov-2025,Token,60441.37,55387.37,118087.87,53981.28,75818.84,0,0.0,0.394,0.379,0.641,41.95,0
C_2025_03398,Nov-2025,Token,65206.93,60440.65,140171.79,74788.71,91800.38,3,0.6,0.378,0.365,0.574,80.83,0
C_2025_03399,Nov-2025,DeFi,124958.95,47069.6,110267.78,55652.87,70996.75,1,0.2,0.394,0.37,0.578,40.53,0
C_2025_03400,Nov-2025,DeFi,117704.37,38265.52,50506.11,43109.75,43960.46,1,0.2,0.114,0.385,0.623,85.9,0
C_2025_03401,Nov-2025,Marketplace,116080.88,49874.93,119115.46,55886.88,74959.09,1,0.2,0.418,0.386,0.606,91.56,0
C_2025_03402,Nov-2025,Wallet,99303.68,46495.46,103960.77,56467.75,68974.66,0,0.0,0.363,0.388,0.608,46.02,0
C_2025_03403,Nov-2025,Marketplace,119238.25,50025.48,92967.09,60804.95,67932.51,0,0.0,0.269,0.386,0.645,67.47,0
C_2025_03404,Nov-2025,Token,74753.84,39205.96,93746.92,38057.53,57003.47,1,0.2,0.456,0.375,0.604,91.93,0
C_2025_03405,Nov-2025,Wallet,127939.75,34373.4,80806.41,35355.18,50178.33,2,0.4,0.432,0.358,0.6,59.62,0
C_2025_03406,Nov-2025,Healthcare,123959.38,50056.21,72777.35,63860.56,62231.37,3,0.6,0.15,0.38,0.629,86.7,0
C_2025_03407,Nov-2025,DeFi,132080.43,55226.01,79678.75,67782.52,67562.42,3,0.6,0.148,0.38,0.598,92.04,0
C_2025_03408,Nov-2025,Energy,98566.56,44727.69,105835.23,42915.6,64492.84,1,0.2,0.453,0.378,0.612,62.96,0
C_2025_03409,Nov-2025,Token,54950.56,34320.33,69339.46,36479.21,46713.0,0,0.0,0.343,0.397,0.592,58.85,0
C_2025_03410,Nov-2025,DAO,92501.69,47806.97,63597.04,45867.5,52423.84,0,0.0,0.151,0.36,0.592,74.31,0
C_2025_03411,Nov-2025,Marketplace,108773.75,52708.81,108803.58,50980.4,70830.93,1,0.2,0.379,0.366,0.599,72.7,0
C_2025_03412,Nov-2025,Energy,98936.07,51105.42,270006.1084152469,64861.14,68435.99,8,0.6,0.40875910890138123,0.36,0.575,66.85,1
C_2025_03413,Nov-2025,Healthcare,106506.49,63719.54,86905.76,68545.62,73056.97,0,0.0,0.137,0.388,0.567,66.54,0
C_2025_03414,Nov-2025,Wallet,97560.51,55901.27,72606.76,62906.81,63804.95,0,0.0,0.107,0.379,0.625,58.11,0
C_2025_03415,Nov-2025,NFT,190657.55,49829.82,90313.63,64710.08,68284.51,0,0.0,0.245,0.385,0.615,87.98,0
C_2025_03416,Nov-2025,DeFi,126054.15,46097.78,63238.45,58693.44,56009.89,2,0.4,0.129,0.356,0.58,72.84,0
C_2025_03417,Nov-2025,DeFi,124668.87,58564.66,139925.69,58429.54,85639.96,2,0.4,0.448,0.351,0.587,42.49,0
C_2025_03418,Nov-2025,Token,72238.11,57515.76,87030.57,53464.93,66003.75,4,0.8,0.227,0.357,0.63,64.96,0
C_2025_03419,Nov-2025,DAO,107133.63,60027.54,88968.1,58130.79,69042.15,2,0.4,0.204,0.375,0.605,53.17,0
C_2025_03420,Nov-2025,Token,53201.63,43075.5,73441.61,47392.73,54636.61,0,0.0,0.246,0.37,0.589,55.73,0
C_2025_03421,Nov-2025,DAO,97169.49,53755.84,123175.12,68037.62,81656.2,2,0.4,0.367,0.357,0.582,58.79,0
C_2025_03422,Nov-2025,DeFi,105316.68,39363.83,68276.09,46607.3,51415.74,1,0.2,0.239,0.374,0.595,43.3,0
C_2025_03423,Nov-2025,DeFi,130453.13,41079.55,61831.96,51392.14,51434.55,0,0.0,0.165,0.351,0.595,94.24,0
C_2025_03424,Nov-2025,Marketplace,92979.15,60406.8,73812.78,66083.79,66767.79,0,0.0,0.082,0.382,0.608,54.59,0
C_2025_03425,Nov-2025,Token,74172.53,52291.32,80410.46,60717.8,64473.2,0,0.0,0.183,0.365,0.616,85.41,0
C_2025_03426,Nov-2025,DeFi,145467.34,45057.01,93767.16,46835.41,61886.53,3,0.6,0.364,0.373,0.635,56.21,0
C_2025_03427,Nov-2025,NFT,165976.29,58791.76,84724.01,68798.91,70771.56,0,0.0,0.151,0.371,0.559,72.89,0
C_2025_03428,Nov-2025,Marketplace,110893.22,47821.55,344937.0960595935,52357.8,66472.36,3,0.0,0.5326083979556212,0.355,0.581,65.59,1
C_2025_03429,Nov-2025,NFT,195316.52,58063.65,103231.31,60233.05,73842.67,4,0.8,0.282,0.354,0.591,65.6,0
C_2025_03430,Nov-2025,Energy,134594.09,42250.66,60049.61,52668.87,51656.38,2,0.4,0.141,0.381,0.591,67.78,0
C_2025_03431,Nov-2025,NFT,158333.22,55957.06,82053.72,66096.66,68035.81,1,0.2,0.158,0.374,0.596,78.03,0
C_2025_03432,Nov-2025,Marketplace,127445.55,55006.21,129594.61,59190.86,81263.9,1,0.2,0.421,0.367,0.557,84.16,0
C_2025_03433,Nov-2025,Marketplace,105797.08,60393.8,92857.49,57205.49,70152.26,2,0.4,0.23,0.381,0.576,52.38,0
C_2025_03434,Nov-2025,DeFi,130833.88,47240.3,65896.63,42750.04,51962.33,0,0.0,0.193,0.366,0.617,51.14,0
C_2025_03435,Nov-2025,DeFi,124932.94,54952.15,89604.66,54248.26,66268.36,1,0.2,0.249,0.365,0.636,77.86,0
C_2025_03436,Nov-2025,DeFi,107064.92,47994.8,288079.2437280118,61821.86,70803.13,4,0.2,0.49816268097003896,0.366,0.553,42.21,1
C_2025_03437,Nov-2025,Healthcare,107514.86,46885.44,74804.02,49707.07,57132.18,2,0.4,0.22,0.358,0.613,71.45,0
C_2025_03438,Nov-2025,NFT,178196.95,48743.98,79344.34,51024.56,59704.29,1,0.2,0.233,0.378,0.589,54.27,0
C_2025_03439,Nov-2025,Token,62720.05,54811.82,115545.27,56943.49,75766.86,1,0.2,0.371,0.388,0.624,41.22,0
C_2025_03440,Nov-2025,DAO,110188.35,58020.61,106837.1,71073.49,78643.73,0,0.0,0.262,0.383,0.598,80.88,0
C_2025_03441,Nov-2025,Wallet,110963.42,46745.18,89925.88,57792.9,64821.32,3,0.6,0.283,0.357,0.613,88.06,0
C_2025_03442,Nov-2025,DAO,111268.45,43794.65,59100.85,39888.1,47594.53,4,0.8,0.174,0.355,0.636,67.68,0
C_2025_03443,Nov-2025,DeFi,144052.01,42858.35,101262.49,50394.62,64838.48,2,0.4,0.4,0.393,0.611,52.88,0
C_2025_03444,Nov-2025,Wallet,133575.35,52043.19,77238.02,60472.24,63251.15,0,0.0,0.166,0.365,0.617,48.21,0
C_2025_03445,Nov-2025,NFT,183027.87,47646.86,98944.3,52390.94,66327.37,0,0.0,0.349,0.367,0.607,48.54,0
C_2025_03446,Nov-2025,DeFi,91832.24,45917.41,233933.34687289878,43264.5,57579.18,4,0.0,0.575617921436888,0.398,0.648,63.44,1
C_2025_03447,Nov-2025,Wallet,117386.23,59134.38,79949.2,60238.5,66440.69,1,0.2,0.144,0.379,0.642,83.45,0
C_2025_03448,Nov-2025,Energy,102895.24,58538.84,86609.2,66073.19,70407.08,3,0.6,0.168,0.378,0.596,86.36,0
C_2025_03449,Nov-2025,NFT,184541.35,55685.57,314032.0064054261,69915.51,74182.81,4,0.2,0.36328856640325663,0.382,0.568,55.67,1
C_2025_03450,Nov-2025,Energy,109025.46,39596.16,52261.26,49806.05,47221.16,0,0.0,0.116,0.381,0.584,84.24,0
C_2025_03451,Nov-2025,DAO,89092.89,61207.32,151735.08,56708.11,89883.5,4,0.8,0.487,0.351,0.554,94.54,0
C_2025_03452,Nov-2025,Healthcare,100857.76,46401.75,75536.59,48631.81,56856.72,5,1.0,0.233,0.374,0.584,55.55,0
C_2025_03453,Nov-2025,DeFi,133298.82,50687.02,99111.94,64119.62,71306.2,0,0.0,0.286,0.39,0.635,74.7,0
C_2025_03454,Nov-2025,Token,66126.19,55436.75,83859.06,54676.54,64657.45,2,0.4,0.21,0.38,0.627,46.35,0
C_2025_03455,Nov-2025,Token,62591.2,43104.43,67072.46,42213.28,50796.72,0,0.0,0.227,0.357,0.611,77.85,0
C_2025_03456,Nov-2025,Healthcare,113563.04,64899.14,158274.59,81267.55,101480.43,4,0.8,0.401,0.355,0.618,47.5,0
C_2025_03457,Nov-2025,DeFi,130049.91,34942.65,72815.15,44394.32,50717.37,2,0.4,0.317,0.384,0.594,87.13,0
C_2025_03458,Nov-2025,Wallet,101696.99,31236.66,55050.38,38247.71,41511.58,2,0.4,0.241,0.385,0.64,67.15,0
C_2025_03459,Nov-2025,Marketplace,106650.63,43350.21,83036.04,46255.1,57547.12,0,0.0,0.314,0.352,0.619,94.6,0
C_2025_03460,Nov-2025,DeFi,133580.92,54368.46,124720.64,54493.02,77860.71,1,0.2,0.426,0.385,0.647,87.34,0
C_2025_03461,Nov-2025,Healthcare,127544.86,51395.17,124739.58,50696.55,75610.43,1,0.2,0.459,0.394,0.56,49.8,0
C_2025_03462,Nov-2025,Marketplace,100253.26,54407.84,76468.62,61055.75,63977.4,2,0.4,0.144,0.39,0.608,75.56,0
C_2025_03463,Nov-2025,DeFi,128248.2,46768.42,72136.24,44897.76,54600.81,1,0.2,0.228,0.386,0.61,90.22,0
C_2025_03464,Nov-2025,DeFi,130462.78,61889.31,113535.02,64674.23,80032.85,1,0.2,0.296,0.351,0.558,67.78,0
C_2025_03465,Nov-2025,DeFi,136235.7,45825.87,71343.13,43037.82,53402.27,1,0.2,0.239,0.352,0.564,57.81,0
C_2025_03466,Nov-2025,Energy,121870.22,45007.24,103347.07,43988.61,64114.31,0,0.0,0.433,0.382,0.63,93.0,0
C_2025_03467,Nov-2025,Marketplace,119059.78,54301.36,236596.6283912866,63654.54,62504.81,5,0.2,0.19376162914963826,0.374,0.566,80.54,1
C_2025_03468,Nov-2025,DeFi,140334.94,53887.61,91115.29,48785.75,64596.22,1,0.2,0.292,0.385,0.588,69.48,0
C_2025_03469,Nov-2025,Token,54934.83,50728.97,101963.42,54569.19,69087.19,2,0.4,0.337,0.374,0.62,44.79,0
C_2025_03470,Nov-2025,DAO,102345.02,55369.54,266256.24696747836,70663.96,76229.73,7,0.4,0.49830777363332945,0.357,0.608,67.16,1
C_2025_03471,Nov-2025,Marketplace,117830.43,48320.36,246735.94775226238,53870.45,60353.54,6,0.4,0.3798483344538224,0.367,0.641,64.79,1
C_2025_03472,Nov-2025,DeFi,161589.64,53063.06,68342.72,64339.77,61915.18,4,0.8,0.104,0.391,0.576,76.32,0
C_2025_03473,Nov-2025,NFT,169309.92,44906.05,55702.5,51740.6,50783.05,2,0.4,0.088,0.361,0.591,61.05,0
C_2025_03474,Nov-2025,DeFi,144912.52,42243.54,62775.37,52852.6,52623.84,2,0.4,0.159,0.35,0.602,68.86,0
C_2025_03475,Nov-2025,DeFi,125271.85,46382.92,102902.57,42426.57,63904.02,2,0.4,0.432,0.352,0.609,40.17,0
C_2025_03476,Nov-2025,DeFi,129964.93,36090.31,86063.32,34308.74,52154.12,0,0.0,0.46,0.383,0.587,74.29,0
C_2025_03477,Nov-2025,NFT,176189.32,32271.03,76679.12,30233.67,46394.61,1,0.2,0.462,0.365,0.649,80.35,0
C_2025_03478,Nov-2025,Healthcare,123723.54,46906.42,86146.72,58592.2,63881.78,1,0.2,0.258,0.362,0.604,56.02,0
C_2025_03479,Nov-2025,DeFi,133931.25,56218.5,132619.77,71632.78,86823.68,3,0.6,0.38,0.356,0.587,64.53,0
C_2025_03480,Nov-2025,Token,66511.47,54133.83,126557.37,65124.99,81938.73,1,0.2,0.389,0.36,0.591,84.34,0
C_2025_03481,Nov-2025,Healthcare,123871.93,53180.93,81426.11,63811.78,66139.61,0,0.0,0.176,0.377,0.593,70.61,0
C_2025_03482,Nov-2025,NFT,167904.96,42546.33,87942.2,47797.07,59428.54,4,0.8,0.341,0.368,0.605,45.26,0
C_2025_03483,Nov-2025,Wallet,97676.93,43986.7,65558.06,50822.33,53455.7,1,0.2,0.168,0.394,0.637,87.44,0
C_2025_03484,Nov-2025,Wallet,102952.28,48841.28,65386.98,49350.17,54526.14,0,0.0,0.141,0.394,0.649,84.92,0
C_2025_03485,Nov-2025,DAO,117264.48,62560.41,396551.79825858213,80003.08,93417.16,4,0.2,0.6209081659102258,0.358,0.608,58.34,1
C_2025_03486,Nov-2025,NFT,179229.18,56216.31,116898.47,50725.57,74613.45,1,0.2,0.402,0.385,0.588,93.71,0
C_2025_03487,Nov-2025,Wallet,124338.36,60173.67,144124.58,78110.36,94136.2,0,0.0,0.383,0.391,0.566,65.14,0
C_2025_03488,Nov-2025,Marketplace,112986.66,43547.31,78780.3,50143.84,57490.49,2,0.4,0.266,0.392,0.605,66.94,0
C_2025_03489,Nov-2025,DAO,133687.35,52427.77,71448.24,54613.79,59496.6,1,0.2,0.143,0.375,0.613,76.91,0
C_2025_03490,Nov-2025,DAO,117825.23,53254.45,91103.31,62981.52,69113.09,1,0.2,0.232,0.398,0.637,55.94,0
C_2025_03491,Nov-2025,DeFi,147835.66,57646.05,101510.59,71798.0,76984.88,2,0.4,0.237,0.37,0.593,80.35,0
C_2025_03492,Nov-2025,Marketplace,101088.96,51698.33,82717.71,56310.8,63575.61,3,0.6,0.215,0.365,0.575,82.96,0
C_2025_03493,Nov-2025,DeFi,127830.98,39446.73,81731.04,50725.12,57300.96,7,1.0,0.312,0.371,0.596,76.29,0
C_2025_03494,Nov-2025,Token,68624.62,52694.37,299891.060429149,55084.01,67421.1,6,0.4,0.4806401339702134,0.386,0.568,61.97,1
C_2025_03495,Nov-2025,Energy,99913.75,45786.09,89448.59,48048.13,61094.27,1,0.2,0.329,0.388,0.581,58.85,0
C_2025_03496,Nov-2025,Healthcare,104981.44,37358.76,67344.75,41537.96,48747.15,3,0.6,0.272,0.381,0.559,79.07,0
C_2025_03497,Nov-2025,Marketplace,123348.21,47103.38,114239.27,50251.97,70531.54,2,0.4,0.439,0.396,0.593,49.18,0
C_2025_03498,Nov-2025,Wallet,101021.25,55599.7,77093.89,62557.94,65083.84,3,0.6,0.138,0.374,0.586,93.54,0
C_2025_03499,Nov-2025,Token,64250.82,48327.21,117165.49,62506.34,75999.68,1,0.2,0.391,0.378,0.59,84.35,0
C_2025_03500,Nov-2025,Token,55164.31,49689.58,104374.43,61034.05,71699.35,3,0.6,0.329,0.363,0.599,43.37,0
C_2025_03501,Nov-2025,Token,63325.26,43397.57,105328.17,54826.99,67850.91,1,0.2,0.397,0.359,0.588,51.55,0
C_2025_03502,Nov-2025,DAO,112939.72,45296.91,88595.47,46045.16,59979.18,3,0.6,0.337,0.396,0.617,53.59,0
C_2025_03503,Nov-2025,NFT,146038.34,63472.3,128592.0,69156.14,87073.48,2,0.4,0.338,0.354,0.557,56.78,0
C_2025_03504,Nov-2025,NFT,141837.73,45883.57,93918.98,44876.11,61559.56,2,0.4,0.372,0.383,0.646,50.61,0
C_2025_03505,Nov-2025,Token,66643.21,56342.12,110894.16,51878.08,73038.12,3,0.6,0.367,0.376,0.576,47.79,0
C_2025_03506,Nov-2025,Marketplace,110250.2,49845.68,67822.59,52531.24,56733.17,2,0.4,0.14,0.4,0.624,86.8,0
C_2025_03507,Nov-2025,DAO,106936.57,46680.3,64235.83,50669.07,53861.73,1,0.2,0.14,0.357,0.611,52.67,0
C_2025_03508,Nov-2025,Token,59776.99,49759.44,103738.3,55557.73,69685.16,1,0.2,0.347,0.364,0.63,79.52,0
C_2025_03509,Nov-2025,Token,79868.42,59250.87,78344.91,73617.34,70404.37,3,0.6,0.115,0.384,0.646,57.05,0
C_2025_03510,Nov-2025,DeFi,132460.05,46189.27,78075.54,45327.21,56530.67,3,0.6,0.27,0.387,0.634,79.37,0
C_2025_03511,Nov-2025,DeFi,111305.85,55129.91,127275.41,66148.44,82851.25,2,0.4,0.383,0.391,0.624,87.09,0
C_2025_03512,Nov-2025,Energy,138221.0,51099.23,118087.43,50737.86,73308.17,3,0.6,0.432,0.361,0.573,57.96,0
C_2025_03513,Nov-2025,Token,70291.46,37190.11,234404.76995144627,42946.81,55860.75,6,0.2,0.7093095210069601,0.382,0.572,59.89,1
C_2025_03514,Nov-2025,NFT,188597.62,56600.78,110346.46,54218.29,73721.84,2,0.4,0.352,0.382,0.576,51.68,0
C_2025_03515,Nov-2025,NFT,167588.17,45759.59,184269.2196600088,52478.04,54179.33,6,0.6,0.21866471705541823,0.396,0.573,72.33,1
C_2025_03516,Nov-2025,NFT,171249.51,67254.04,147006.0,71980.04,95413.36,0,0.0,0.383,0.394,0.558,50.39,0
C_2025_03517,Nov-2025,DAO,110660.43,28574.86,62882.0,32991.57,41482.81,4,0.8,0.367,0.369,0.643,77.64,0
C_2025_03518,Nov-2025,Energy,126278.95,55111.4,106314.51,53109.02,71511.64,1,0.2,0.344,0.351,0.594,81.57,0
C_2025_03519,Nov-2025,NFT,182684.74,58807.75,243018.30937067367,71893.77,71590.1,5,0.2,0.22479157804345676,0.369,0.566,85.94,1
C_2025_03520,Nov-2025,DeFi,173539.75,53667.99,126041.39,48641.03,76116.8,0,0.0,0.465,0.358,0.553,76.2,0
C_2025_03521,Nov-2025,DAO,95383.26,54511.05,76000.86,52236.52,60916.14,3,0.6,0.176,0.372,0.559,94.9,0
C_2025_03522,Nov-2025,Marketplace,117795.17,60914.68,119642.36,67111.27,82556.11,1,0.2,0.319,0.377,0.557,44.1,0
C_2025_03523,Nov-2025,Token,71420.73,50930.1,121649.27,46057.69,72879.02,0,0.0,0.474,0.379,0.635,92.49,0
C_2025_03524,Nov-2025,Wallet,114954.64,56705.79,82829.16,52682.44,64072.46,0,0.0,0.209,0.381,0.554,80.66,0
C_2025_03525,Nov-2025,NFT,166278.61,51763.17,123124.34,57393.53,77427.01,2,0.4,0.418,0.369,0.563,82.62,0
C_2025_03526,Nov-2025,DeFi,141755.23,50060.31,73622.68,58838.24,60840.41,2,0.4,0.16,0.379,0.568,41.68,0
C_2025_03527,Nov-2025,Healthcare,95355.52,43111.14,95939.62,45243.94,61431.57,1,0.2,0.397,0.351,0.553,52.06,0
C_2025_03528,Nov-2025,DeFi,150490.8,37230.7,302797.45118120447,38785.6,56137.09,5,0.0,0.8266910888373107,0.36,0.64,78.47,1
C_2025_03529,Nov-2025,NFT,167805.02,52222.26,71830.84,49344.73,57799.28,1,0.2,0.173,0.382,0.602,69.94,0
C_2025_03530,Nov-2025,DeFi,137755.43,40685.51,51102.24,52784.92,48190.89,0,0.0,0.111,0.353,0.582,85.74,0
C_2025_03531,Nov-2025,Marketplace,107668.75,36553.77,44718.8,34051.72,38441.43,1,0.2,0.118,0.385,0.629,86.77,0
C_2025_03532,Nov-2025,DeFi,128004.71,41241.16,100265.76,49853.7,63786.87,0,0.0,0.408,0.375,0.642,64.2,0
C_2025_03533,Nov-2025,DeFi,129768.29,60032.28,80374.53,57579.48,65995.43,0,0.0,0.155,0.36,0.639,75.76,0
C_2025_03534,Nov-2025,Token,70733.69,61256.91,104289.96,60444.92,75330.6,4,0.8,0.272,0.393,0.636,52.8,0
C_2025_03535,Nov-2025,Token,84152.16,49842.33,110097.45,63657.46,74532.41,2,0.4,0.346,0.386,0.573,50.32,0
C_2025_03536,Nov-2025,DeFi,124511.34,60608.37,144949.77,55576.3,87044.81,1,0.2,0.471,0.359,0.598,61.76,0
C_2025_03537,Nov-2025,Marketplace,118558.08,49820.71,102361.91,50624.01,67602.21,0,0.0,0.364,0.371,0.595,73.07,0
C_2025_03538,Nov-2025,DAO,120553.9,43845.49,58226.73,49290.28,50454.17,1,0.2,0.118,0.391,0.612,75.51,0
C_2025_03539,Nov-2025,NFT,192862.58,49960.64,105022.55,52595.27,69192.82,1,0.2,0.366,0.358,0.649,62.37,0
C_2025_03540,Nov-2025,DeFi,137795.2,49326.18,224832.75525102663,56113.15,56824.84,10,1.0,0.17150614501946718,0.387,0.648,68.93,1
C_2025_03541,Nov-2025,DAO,115858.98,37277.81,78201.15,36655.73,50711.56,3,0.6,0.383,0.358,0.612,72.24,0
C_2025_03542,Nov-2025,Wallet,94823.77,41970.31,69310.52,45997.51,52426.11,4,0.8,0.23,0.36,0.622,63.19,0
C_2025_03543,Nov-2025,DeFi,121453.12,62151.94,83350.25,60239.0,68580.4,1,0.2,0.153,0.363,0.643,76.17,0
C_2025_03544,Nov-2025,NFT,187847.26,37554.94,81819.93,37922.92,52432.6,1,0.2,0.396,0.36,0.647,47.41,0
C_2025_03545,Nov-2025,Energy,114046.87,55134.43,71399.81,60288.54,62274.26,2,0.4,0.109,0.372,0.561,75.15,0
C_2025_03546,Nov-2025,DeFi,136465.93,43795.05,99335.36,40538.06,61222.83,0,0.0,0.441,0.355,0.555,76.27,0
C_2025_03547,Nov-2025,Wallet,131023.05,57602.53,106989.05,70678.48,78423.35,3,0.6,0.266,0.37,0.594,86.69,0
C_2025_03548,Nov-2025,Token,66249.82,42446.51,91015.39,50942.95,61468.28,2,0.4,0.345,0.395,0.587,83.94,0
C_2025_03549,Nov-2025,DAO,125683.57,40589.95,65558.04,37202.53,47783.51,0,0.0,0.265,0.363,0.568,51.2,0
C_2025_03550,Nov-2025,NFT,165618.45,61473.62,369520.4636214342,79094.58,82238.91,6,0.4,0.3412766016834584,0.37,0.59,70.03,1
C_2025_03551,Nov-2025,Wallet,91896.41,54036.87,120591.89,59365.46,77998.07,0,0.0,0.387,0.38,0.63,53.78,0
C_2025_03552,Nov-2025,Energy,107882.68,54393.73,131843.41,63071.48,83102.87,2,0.4,0.417,0.353,0.603,47.13,0
C_2025_03553,Nov-2025,NFT,187053.02,49586.78,78505.02,54325.55,60805.78,2,0.4,0.208,0.363,0.636,84.62,0
C_2025_03554,Nov-2025,Healthcare,117912.09,55630.44,99982.85,66286.8,73966.7,1,0.2,0.256,0.37,0.566,61.5,0
C_2025_03555,Nov-2025,Energy,119414.69,37177.85,62087.1,43952.99,47739.31,2,0.4,0.22,0.384,0.617,92.28,0
C_2025_03556,Nov-2025,DeFi,108131.33,42300.0,164895.67637923377,42558.68,48366.2,5,0.4,0.27233613768383014,0.358,0.577,45.55,1
C_2025_03557,Nov-2025,NFT,153493.41,43488.55,103373.0,39170.52,62010.69,3,0.6,0.473,0.361,0.642,40.94,0
C_2025_03558,Nov-2025,DeFi,149610.83,46201.79,105779.85,50408.15,67463.27,1,0.2,0.402,0.363,0.576,84.42,0
C_2025_03559,Nov-2025,DeFi,128248.62,33108.48,70077.55,40142.24,47776.09,3,0.6,0.335,0.369,0.612,43.61,0
C_2025_03560,Nov-2025,DeFi,118854.54,36999.12,70056.83,40498.97,49184.97,3,0.6,0.301,0.376,0.55,57.08,0
C_2025_03561,Nov-2025,DeFi,124226.76,56782.09,86827.89,63449.15,69019.71,0,0.0,0.187,0.377,0.58,61.07,0
C_2025_03562,Nov-2025,DeFi,139280.54,58904.12,104845.67,66620.94,76790.24,2,0.4,0.262,0.365,0.585,50.31,0
C_2025_03563,Nov-2025,DeFi,133039.32,60880.9,100097.66,69607.43,76861.99,2,0.4,0.219,0.353,0.61,59.6,0
C_2025_03564,Nov-2025,DeFi,101308.78,36857.52,74530.76,41611.62,50999.97,1,0.2,0.328,0.381,0.638,82.33,0
C_2025_03565,Nov-2025,NFT,179264.56,37945.95,57171.12,34675.76,43264.28,1,0.2,0.229,0.363,0.645,53.11,0
C_2025_03566,Nov-2025,NFT,187367.54,57053.31,78067.87,56363.04,63828.07,1,0.2,0.158,0.399,0.604,50.56,0
C_2025_03567,Nov-2025,Energy,104952.17,56688.68,89310.15,58444.69,68147.84,1,0.2,0.22,0.369,0.553,85.46,0
C_2025_03568,Nov-2025,NFT,150678.67,43846.68,259277.47744505137,51826.63,60447.88,8,0.6,0.49318865664270267,0.355,0.635,70.12,1
C_2025_03569,Nov-2025,NFT,187730.49,51192.7,98643.05,46187.76,65341.17,2,0.4,0.362,0.36,0.58,77.77,0
C_2025_03570,Nov-2025,DeFi,159170.01,41381.69,93963.27,42885.04,59410.0,3,0.6,0.411,0.369,0.591,63.82,0
C_2025_03571,Nov-2025,Token,75610.55,41943.61,57170.81,53980.65,51031.69,2,0.4,0.128,0.386,0.623,93.0,0
C_2025_03572,Nov-2025,Token,62558.09,48558.68,116039.47,48726.67,71108.27,1,0.2,0.447,0.388,0.563,78.26,0
C_2025_03573,Nov-2025,DeFi,139013.42,50341.34,62825.64,51188.06,54785.02,0,0.0,0.104,0.394,0.609,69.42,0
C_2025_03574,Nov-2025,Healthcare,109605.98,41173.26,70748.63,42256.15,51392.68,1,0.2,0.266,0.382,0.632,89.9,0
C_2025_03575,Nov-2025,Wallet,99687.17,57771.89,114426.45,55262.36,75820.23,0,0.0,0.36,0.382,0.635,43.7,0
C_2025_03576,Nov-2025,DeFi,132335.28,42520.42,63086.5,48674.28,51427.07,0,0.0,0.168,0.356,0.605,87.42,0
C_2025_03577,Nov-2025,Token,72640.11,54437.53,84173.25,68285.97,68965.58,2,0.4,0.176,0.363,0.576,71.22,0
C_2025_03578,Nov-2025,Marketplace,99378.77,40155.29,60365.13,36188.08,45569.5,3,0.6,0.232,0.396,0.583,90.22,0
C_2025_03579,Nov-2025,DeFi,134422.57,46200.98,90238.16,48200.39,61546.51,0,0.0,0.33,0.38,0.553,67.57,0
C_2025_03580,Nov-2025,Token,76987.76,55372.47,137807.41,55596.04,82925.31,1,0.2,0.468,0.387,0.643,93.59,0
C_2025_03581,Nov-2025,NFT,188271.74,44562.47,90069.93,44105.37,59579.26,1,0.2,0.362,0.391,0.629,93.49,0
C_2025_03582,Nov-2025,Energy,98659.92,35688.94,64560.52,41069.46,47106.31,3,0.6,0.266,0.37,0.6,57.76,0
C_2025_03583,Nov-2025,Marketplace,129785.43,48891.54,88380.03,44339.26,60536.94,3,0.6,0.327,0.376,0.56,48.19,0
C_2025_03584,Nov-2025,Marketplace,93633.52,54490.01,327205.22017563164,60248.49,77731.92,3,0.0,0.6153345830736183,0.375,0.55,87.45,1
C_2025_03585,Nov-2025,DAO,113868.94,50607.37,117040.35,50648.24,72765.32,0,0.0,0.43,0.381,0.632,59.91,0
C_2025_03586,Nov-2025,Energy,98243.19,48621.11,68005.11,54812.56,57146.26,0,0.0,0.141,0.36,0.573,64.42,0
C_2025_03587,Nov-2025,Energy,109996.26,45051.46,108451.33,40987.16,64829.99,2,0.4,0.476,0.357,0.554,75.41,0
C_2025_03588,Nov-2025,DeFi,107272.52,52338.89,119390.38,62503.24,78077.5,1,0.2,0.378,0.362,0.618,46.52,0
C_2025_03589,Nov-2025,Healthcare,97282.99,56239.08,109340.6,54494.86,73358.18,1,0.2,0.347,0.358,0.568,42.27,0
C_2025_03590,Nov-2025,Token,68862.75,52981.93,63992.1,50181.73,55718.59,3,0.6,0.107,0.357,0.565,59.95,0
C_2025_03591,Nov-2025,DeFi,143863.22,47324.21,200236.7261962252,51044.38,55550.14,5,0.0,0.3064276702499469,0.352,0.644,84.58,1
C_2025_03592,Nov-2025,DAO,134859.63,69416.54,150868.59,71961.87,97415.67,4,0.8,0.388,0.371,0.641,89.64,0
C_2025_03593,Nov-2025,NFT,175410.41,51589.33,84995.48,51391.02,62658.61,0,0.0,0.252,0.386,0.573,73.37,0
C_2025_03594,Nov-2025,DeFi,132005.95,59903.63,134768.87,74360.13,89677.54,1,0.2,0.362,0.373,0.615,60.19,0
C_2025_03595,Nov-2025,Token,66999.68,51361.14,80483.13,66050.21,65964.83,2,0.4,0.18,0.363,0.582,56.66,0
C_2025_03596,Nov-2025,Energy,112096.53,48754.39,85037.2,62661.68,65484.42,1,0.2,0.228,0.377,0.649,71.08,0
C_2025_03597,Nov-2025,DeFi,141398.85,41451.3,258506.1983245092,42702.03,53883.61,7,0.6,0.4986647400653963,0.363,0.56,48.61,1
C_2025_03598,Nov-2025,NFT,136280.39,51793.37,64984.55,56043.89,57607.27,4,0.8,0.095,0.375,0.623,80.02,0
C_2025_03599,Nov-2025,Energy,125883.65,31698.02,76107.33,36541.45,48115.6,2,0.4,0.413,0.376,0.646,59.89,0
C_2025_03600,Nov-2025,Token,71262.72,37310.09,55497.09,41876.02,44894.4,0,0.0,0.172,0.379,0.61,63.01,0
C_2025_03601,Nov-2025,Token,53942.78,44906.54,73206.6,49367.48,55826.87,1,0.2,0.223,0.385,0.577,45.36,0
C_2025_03602,Nov-2025,NFT,182113.54,49132.12,103026.39,61076.4,71078.3,0,0.0,0.325,0.354,0.551,92.56,0
C_2025_03603,Nov-2025,Token,61989.56,35146.91,60202.46,41901.54,45750.3,1,0.2,0.231,0.4,0.594,70.32,0
C_2025_03604,Nov-2025,Wallet,126973.81,50094.36,77490.54,48500.11,58695.0,3,0.6,0.227,0.378,0.557,80.17,0
C_2025_03605,Nov-2025,NFT,196031.12,61173.23,94713.43,78221.94,78036.2,1,0.2,0.175,0.399,0.625,62.81,0
C_2025_03606,Nov-2025,NFT,180203.58,45295.97,64835.0,57383.46,55838.14,3,0.6,0.144,0.377,0.644,87.05,0
C_2025_03607,Nov-2025,DeFi,113571.44,46023.48,67824.93,50892.91,54913.78,1,0.2,0.17,0.371,0.633,64.44,0
C_2025_03608,Nov-2025,Wallet,119942.95,44808.56,65059.0,47912.41,52593.32,2,0.4,0.169,0.361,0.602,66.49,0
C_2025_03609,Nov-2025,Token,57906.68,53870.34,104428.72,66183.8,74827.62,0,0.0,0.288,0.375,0.59,51.67,0
C_2025_03610,Nov-2025,DeFi,131545.47,49792.44,106566.6,50779.07,69046.04,1,0.2,0.384,0.381,0.64,70.63,0
C_2025_03611,Nov-2025,Healthcare,105944.8,63519.36,119502.85,74827.71,85949.97,6,1.0,0.281,0.372,0.606,65.43,0
C_2025_03612,Nov-2025,Token,67579.67,48034.53,194181.56932006995,47592.39,52319.62,7,0.4,0.23724535739604274,0.398,0.573,87.97,1
C_2025_03613,Nov-2025,Wallet,98423.67,43417.03,80229.8,40311.92,54652.92,1,0.2,0.332,0.358,0.636,61.22,0
C_2025_03614,Nov-2025,DeFi,130353.67,38761.26,76838.19,47582.7,54394.05,2,0.4,0.299,0.374,0.638,79.27,0
C_2025_03615,Nov-2025,DeFi,135721.4,56488.16,71019.48,72711.7,66739.78,1,0.2,0.109,0.356,0.604,81.64,0
C_2025_03616,Nov-2025,Marketplace,98167.75,47443.92,253151.5240383598,49105.71,61657.31,7,0.4,0.5816311070656596,0.378,0.619,76.3,1
C_2025_03617,Nov-2025,NFT,137634.92,54039.45,91387.86,55459.69,66962.33,6,1.0,0.258,0.386,0.611,80.36,0
C_2025_03618,Nov-2025,DeFi,143339.47,41358.67,71665.35,51021.57,54681.86,1,0.2,0.231,0.359,0.622,70.28,0
C_2025_03619,Nov-2025,NFT,206647.68,52867.84,403910.8996581342,52634.46,75901.44,7,0.6,0.817996888261624,0.355,0.573,92.0,1
C_2025_03620,Nov-2025,DAO,81424.49,41221.82,50167.35,37940.8,43109.99,3,0.6,0.12,0.368,0.631,49.62,0
C_2025_03621,Nov-2025,Token,64311.99,39769.56,96595.88,41034.99,59133.48,2,0.4,0.448,0.362,0.643,50.17,0
C_2025_03622,Nov-2025,Wallet,106993.52,42435.55,63276.15,41952.83,49221.51,0,0.0,0.202,0.382,0.625,77.22,0
C_2025_03623,Nov-2025,Token,55993.26,39560.35,59408.04,37854.58,45607.66,3,0.6,0.215,0.391,0.632,61.39,0
C_2025_03624,Nov-2025,DeFi,93090.72,46930.16,71396.79,60700.83,59675.93,1,0.2,0.168,0.376,0.588,54.38,0
C_2025_03625,Nov-2025,DeFi,109112.97,61047.56,105180.44,55505.56,73911.18,1,0.2,0.301,0.361,0.622,57.23,0
C_2025_03626,Nov-2025,DeFi,134085.11,40522.69,59948.29,40862.73,47111.24,3,0.6,0.193,0.373,0.629,50.62,0
C_2025_03627,Nov-2025,DeFi,136569.78,42600.62,73799.56,50439.1,55613.09,1,0.2,0.238,0.395,0.592,72.5,0
C_2025_03628,Nov-2025,Token,64362.47,46087.68,114555.35,57588.82,72743.95,3,0.6,0.412,0.359,0.615,50.62,0
C_2025_03629,Nov-2025,NFT,199436.66,47522.7,65010.96,45223.01,52585.55,1,0.2,0.168,0.363,0.6,56.61,0
C_2025_03630,Nov-2025,NFT,139016.88,50404.04,124700.4,55297.62,76800.69,3,0.6,0.442,0.376,0.618,65.3,0
C_2025_03631,Nov-2025,Wallet,99256.98,46475.61,110521.19,45096.82,67364.54,3,0.6,0.453,0.359,0.577,63.04,0
C_2025_03632,Nov-2025,Token,53681.44,39872.32,54681.3,50451.41,48335.01,0,0.0,0.129,0.372,0.648,76.28,0
C_2025_03633,Nov-2025,NFT,155816.24,46864.94,114961.3,42440.63,68088.95,2,0.4,0.487,0.386,0.65,75.18,0
C_2025_03634,Nov-2025,NFT,195037.38,48173.5,92513.97,57797.42,66161.63,1,0.2,0.288,0.361,0.558,45.87,0
C_2025_03635,Nov-2025,DAO,109479.61,47867.45,68558.01,59464.71,58630.06,2,0.4,0.144,0.363,0.597,75.27,0
C_2025_03636,Nov-2025,Energy,122164.73,56964.99,109752.39,56151.97,74289.78,2,0.4,0.338,0.373,0.561,50.06,0
C_2025_03637,Nov-2025,Healthcare,107255.41,47138.99,72712.83,47046.15,55632.66,0,0.0,0.217,0.387,0.632,57.99,0
C_2025_03638,Nov-2025,DeFi,142646.94,46179.39,92871.43,46981.78,62010.87,2,0.4,0.352,0.4,0.58,91.18,0
C_2025_03639,Nov-2025,Energy,115261.79,34383.78,61821.32,41716.6,45973.9,0,0.0,0.252,0.381,0.626,65.97,0
C_2025_03640,Nov-2025,NFT,169599.56,46658.88,97217.23,58705.03,67527.05,2,0.4,0.319,0.371,0.584,76.05,0
C_2025_03641,Nov-2025,DAO,113957.33,39544.89,50867.98,39496.1,43302.99,0,0.0,0.124,0.367,0.618,67.47,0
C_2025_03642,Nov-2025,Token,53596.33,40898.98,61624.65,53056.96,51860.2,2,0.4,0.164,0.36,0.562,87.06,0
C_2025_03643,Nov-2025,DeFi,107295.52,46078.67,92280.84,43920.59,60760.03,0,0.0,0.367,0.391,0.592,68.5,0
C_2025_03644,Nov-2025,Token,65856.48,31574.51,69307.93,34745.25,45209.23,1,0.2,0.378,0.353,0.566,82.46,0
C_2025_03645,Nov-2025,DeFi,121508.59,53274.78,66075.92,62550.6,60633.77,2,0.4,0.089,0.379,0.626,54.07,0
C_2025_03646,Nov-2025,Token,49332.28,52340.86,78157.88,67406.43,65968.39,2,0.4,0.161,0.386,0.576,49.27,0
C_2025_03647,Nov-2025,Wallet,116960.76,31582.29,41899.35,35646.89,36376.18,0,0.0,0.117,0.395,0.642,80.32,0
C_2025_03648,Nov-2025,DeFi,105065.1,48185.07,104433.7,61326.05,71314.94,0,0.0,0.337,0.373,0.582,59.62,0
C_2025_03649,Nov-2025,NFT,186080.91,49075.43,75391.07,53839.2,59435.24,3,0.6,0.193,0.398,0.569,93.9,0
C_2025_03650,Nov-2025,Token,63251.45,39803.53,222971.0879728721,42720.84,48752.58,5,0.4,0.3617048296605133,0.383,0.564,85.34,1
C_2025_03651,Nov-2025,Wallet,114663.96,50275.67,88003.69,49178.61,62485.99,2,0.4,0.289,0.389,0.557,71.92,0
C_2025_03652,Nov-2025,DeFi,134087.11,45917.6,73915.27,53421.99,57751.62,4,0.8,0.205,0.363,0.638,72.19,0
C_2025_03653,Nov-2025,DeFi,126261.95,61503.14,218927.3779188963,63537.33,69028.47,5,0.0,0.22608844110672233,0.389,0.62,44.86,1
C_2025_03654,Nov-2025,Token,72454.97,52418.71,110423.87,57893.57,73578.72,2,0.4,0.355,0.393,0.628,84.89,0
C_2025_03655,Nov-2025,DeFi,130040.05,44206.72,54669.04,48142.52,49006.1,3,0.6,0.088,0.377,0.582,67.16,0
C_2025_03656,Nov-2025,DAO,103806.26,50508.12,75925.48,59696.01,62043.21,2,0.4,0.169,0.37,0.56,92.42,0
C_2025_03657,Nov-2025,DAO,113478.08,40464.02,60783.4,51541.47,50929.63,1,0.2,0.163,0.35,0.63,63.32,0
C_2025_03658,Nov-2025,Token,54123.29,57269.57,79360.46,67012.54,67880.86,1,0.2,0.133,0.357,0.608,79.91,0
C_2025_03659,Nov-2025,Marketplace,121830.79,42751.1,61478.59,44263.04,49497.58,2,0.4,0.172,0.356,0.554,86.09,0
C_2025_03660,Nov-2025,Wallet,106154.12,37622.21,83774.24,37584.29,52993.58,1,0.2,0.411,0.373,0.568,51.62,0
C_2025_03661,Nov-2025,Token,75411.12,44694.94,96862.09,47644.32,63067.12,0,0.0,0.379,0.364,0.601,87.82,0
C_2025_03662,Nov-2025,DeFi,131316.2,52391.07,86753.98,61684.27,66943.11,1,0.2,0.217,0.362,0.577,44.14,0
C_2025_03663,Nov-2025,DeFi,157839.04,39966.51,88942.8,48924.58,59277.96,1,0.2,0.359,0.375,0.602,84.25,0
C_2025_03664,Nov-2025,Energy,106990.6,48911.48,78644.1,63270.48,63608.69,3,0.6,0.191,0.366,0.623,52.18,0
C_2025_03665,Nov-2025,NFT,182505.76,47497.23,95029.61,61537.84,68021.56,0,0.0,0.293,0.368,0.581,88.41,0
C_2025_03666,Nov-2025,DeFi,118452.31,39715.56,55033.22,48062.2,47603.66,1,0.2,0.132,0.372,0.589,49.77,0
C_2025_03667,Nov-2025,DeFi,126040.67,56778.51,89827.16,66484.86,71030.17,3,0.6,0.195,0.384,0.563,68.09,0
C_2025_03668,Nov-2025,Wallet,96765.03,52944.52,68799.21,51774.37,57839.36,2,0.4,0.134,0.387,0.567,45.83,0
C_2025_03669,Nov-2025,Marketplace,100678.57,41306.17,78999.4,51735.87,57347.15,1,0.2,0.277,0.35,0.553,44.61,0
C_2025_03670,Nov-2025,NFT,172345.58,65300.95,313540.92709663854,74249.78,78097.53,6,0.2,0.25475618803950645,0.382,0.627,55.76,1
C_2025_03671,Nov-2025,Token,57025.01,54979.42,120061.17,69533.0,81524.53,1,0.2,0.342,0.37,0.575,40.07,0
C_2025_03672,Nov-2025,Healthcare,105582.93,50968.47,75102.45,60600.49,62223.81,1,0.2,0.159,0.383,0.643,44.1,0
C_2025_03673,Nov-2025,Marketplace,129057.19,45331.27,93746.89,44905.35,61327.84,0,0.0,0.374,0.389,0.646,82.22,0
C_2025_03674,Nov-2025,DeFi,131503.38,53537.28,128908.59,62969.17,81805.01,1,0.2,0.41,0.391,0.57,41.51,0
C_2025_03675,Nov-2025,Token,49016.15,51546.61,64773.0,66604.5,60974.7,4,0.8,0.11,0.359,0.602,73.33,0
C_2025_03676,Nov-2025,Token,46218.13,45406.1,64420.1,48890.74,52905.65,0,0.0,0.156,0.393,0.555,60.94,0
C_2025_03677,Nov-2025,Marketplace,112350.21,47721.63,76667.58,45108.51,56499.24,3,0.6,0.253,0.386,0.553,47.25,0
C_2025_03678,Nov-2025,Marketplace,91231.04,49975.66,111832.55,63590.47,75132.9,0,0.0,0.353,0.362,0.594,70.97,0
C_2025_03679,Nov-2025,DeFi,110035.18,56020.21,124268.17,54959.22,78415.87,1,0.2,0.414,0.378,0.559,62.42,0
C_2025_03680,Nov-2025,NFT,203500.56,58113.32,129083.64,66094.08,84430.35,2,0.4,0.376,0.358,0.633,93.5,0
C_2025_03681,Nov-2025,Wallet,93462.44,56933.47,113216.3,59040.8,76396.86,3,0.6,0.341,0.361,0.623,56.55,0
C_2025_03682,Nov-2025,NFT,160783.3,38040.11,46241.39,48982.59,44421.36,2,0.4,0.105,0.387,0.607,63.33,0
C_2025_03683,Nov-2025,Marketplace,109922.88,53930.82,110811.44,48868.7,71203.65,2,0.4,0.394,0.377,0.64,66.74,0
C_2025_03684,Nov-2025,NFT,135175.06,58990.09,118337.18,60618.25,79315.17,2,0.4,0.348,0.355,0.554,57.6,0
C_2025_03685,Nov-2025,DAO,100151.97,48352.19,92539.82,54798.53,65230.18,3,0.6,0.299,0.354,0.628,75.77,0
C_2025_03686,Nov-2025,DeFi,122541.38,44547.19,96904.07,50180.73,63877.33,1,0.2,0.367,0.381,0.627,88.69,0
C_2025_03687,Nov-2025,Marketplace,116157.86,62723.71,130166.58,68622.54,87170.94,1,0.2,0.35,0.377,0.609,94.46,0
C_2025_03688,Nov-2025,DeFi,130640.26,51918.86,64594.56,54953.99,57155.81,3,0.6,0.095,0.378,0.602,54.04,0
C_2025_03689,Nov-2025,DeFi,132100.42,54216.96,81287.31,57124.03,64209.43,1,0.2,0.189,0.394,0.567,54.55,0
C_2025_03690,Nov-2025,Wallet,108911.65,48974.41,76062.25,56205.58,60414.08,2,0.4,0.19,0.383,0.613,68.47,0
C_2025_03691,Nov-2025,Wallet,124801.1,45992.87,75752.33,45625.15,55790.12,1,0.2,0.253,0.361,0.611,88.63,0
C_2025_03692,Nov-2025,Wallet,95568.22,67221.27,150302.02,80612.79,99378.69,1,0.2,0.366,0.386,0.575,60.15,0
C_2025_03693,Nov-2025,DeFi,146743.51,49506.95,82312.56,59776.59,63865.37,3,0.6,0.215,0.396,0.633,91.58,0
C_2025_03694,Nov-2025,NFT,181533.57,52026.65,76167.09,53467.35,60553.69,1,0.2,0.183,0.386,0.564,42.89,0
C_2025_03695,Nov-2025,DeFi,133610.63,51310.77,112543.0,63119.47,75657.75,4,0.8,0.351,0.39,0.614,71.94,0
C_2025_03696,Nov-2025,Wallet,118995.98,53979.7,413294.3626044934,52368.53,77225.19,5,0.0,0.8642482256099442,0.351,0.563,54.51,1
C_2025_03697,Nov-2025,DAO,107645.61,64316.97,140550.24,70402.28,91756.5,1,0.2,0.377,0.389,0.626,56.92,0
C_2025_03698,Nov-2025,NFT,152888.92,44591.4,100687.01,53456.3,66244.9,1,0.2,0.372,0.359,0.555,42.51,0
C_2025_03699,Nov-2025,Energy,85685.82,56408.82,100319.11,64172.19,73633.37,2,0.4,0.26,0.39,0.642,57.38,0
C_2025_03700,Nov-2025,DAO,116277.42,47995.9,71118.72,59729.06,59614.56,0,0.0,0.158,0.363,0.647,52.72,0
C_2025_03701,Nov-2025,NFT,196896.46,38571.91,81925.6,48311.15,56269.56,1,0.2,0.33,0.368,0.635,79.81,0
C_2025_03702,Nov-2025,Wallet,113352.89,34938.44,70623.42,33734.45,46432.1,0,0.0,0.369,0.393,0.604,71.39,0
C_2025_03703,Nov-2025,Marketplace,128927.65,52717.8,73233.07,60394.54,62115.14,2,0.4,0.136,0.397,0.585,93.18,0
C_2025_03704,Nov-2025,Wallet,112695.5,58000.61,96270.75,60922.07,71731.14,2,0.4,0.242,0.382,0.623,41.26,0
C_2025_03705,Nov-2025,DeFi,123956.89,38166.28,85673.56,39709.71,54516.51,0,0.0,0.404,0.374,0.65,59.2,0
C_2025_03706,Nov-2025,Token,69360.69,43639.58,80802.01,52631.46,59024.35,1,0.2,0.268,0.384,0.611,87.38,0
C_2025_03707,Nov-2025,NFT,162658.74,49230.04,95823.41,63189.28,69414.24,0,0.0,0.281,0.362,0.582,82.12,0
C_2025_03708,Nov-2025,Energy,96499.19,43903.78,89700.92,40328.34,57977.68,0,0.0,0.388,0.37,0.586,59.09,0
C_2025_03709,Nov-2025,Wallet,106539.81,43511.19,97351.53,46362.81,62408.51,1,0.2,0.396,0.353,0.638,58.23,0
C_2025_03710,Nov-2025,Token,71777.64,47314.29,344826.0988947856,56895.67,68173.7,5,0.2,0.5425214118072207,0.398,0.641,52.99,1
C_2025_03711,Nov-2025,Energy,105375.77,60343.52,126051.4,58306.39,81567.11,1,0.2,0.386,0.377,0.574,64.89,0
C_2025_03712,Nov-2025,Token,71398.51,52850.24,74776.52,66449.01,64691.92,2,0.4,0.14,0.393,0.616,67.98,0
C_2025_03713,Nov-2025,Token,61122.59,59819.67,84748.96,72490.33,72352.99,3,0.6,0.141,0.398,0.625,59.06,0
C_2025_03714,Nov-2025,DAO,122086.64,39024.81,76939.73,49466.86,55143.8,4,0.8,0.29,0.392,0.642,43.72,0
C_2025_03715,Nov-2025,Token,57597.31,69631.18,127961.57,75477.71,91023.48,2,0.4,0.288,0.36,0.575,76.32,0
C_2025_03716,Nov-2025,DeFi,127945.61,48655.53,91785.98,44641.9,61694.47,0,0.0,0.346,0.393,0.635,59.13,0
C_2025_03717,Nov-2025,Wallet,116352.5,48525.24,59860.42,54936.3,54440.65,3,0.6,0.085,0.372,0.617,93.2,0
C_2025_03718,Nov-2025,NFT,181338.34,55930.99,129409.81,52244.12,79194.97,1,0.2,0.449,0.359,0.613,88.71,0
C_2025_03719,Nov-2025,NFT,203876.01,59343.76,79222.02,69191.51,69252.43,2,0.4,0.117,0.379,0.592,70.73,0
C_2025_03720,Nov-2025,Token,62491.71,41502.75,69996.97,49577.44,53692.39,3,0.6,0.223,0.389,0.6,50.64,0
C_2025_03721,Nov-2025,NFT,163455.98,53108.97,76030.77,63916.77,64352.17,2,0.4,0.145,0.393,0.622,85.87,0
C_2025_03722,Nov-2025,Marketplace,117682.22,63422.31,85126.26,75115.76,74554.78,1,0.2,0.119,0.387,0.605,70.77,0
C_2025_03723,Nov-2025,DeFi,117017.26,47607.81,188606.86793747512,57487.99,58550.3,4,0.2,0.3121665931384825,0.4,0.571,76.05,1
C_2025_03724,Nov-2025,NFT,178298.43,55648.91,124583.44,71817.63,84016.66,2,0.4,0.35,0.374,0.634,86.93,0
C_2025_03725,Nov-2025,DeFi,134667.8,58855.83,107120.13,60299.87,75425.28,0,0.0,0.297,0.388,0.578,58.13,0
C_2025_03726,Nov-2025,Wallet,109132.41,55614.58,74120.85,65050.4,64928.61,4,0.8,0.116,0.391,0.58,63.45,0
C_2025_03727,Nov-2025,Healthcare,104847.06,36113.69,140604.68926328802,36885.64,38858.22,7,0.4,0.13496842495568379,0.379,0.579,92.11,1
C_2025_03728,Nov-2025,Wallet,94131.62,45963.2,88289.18,55136.14,63129.51,0,0.0,0.288,0.364,0.632,67.89,0
C_2025_03729,Nov-2025,Token,70570.32,48817.01,64262.5,55955.43,56344.98,1,0.2,0.112,0.361,0.613,41.56,0
C_2025_03730,Nov-2025,Token,69157.45,50839.49,113556.34,52783.53,72393.12,0,0.0,0.402,0.373,0.589,93.45,0
C_2025_03731,Nov-2025,NFT,174540.94,51006.0,232462.11541556378,64484.03,62187.59,7,0.4,0.2199047845999332,0.372,0.64,50.16,1
C_2025_03732,Nov-2025,DeFi,130008.82,56654.77,231563.16104958777,51054.03,64131.59,6,0.2,0.4300097384146897,0.382,0.578,44.84,1
C_2025_03733,Nov-2025,Token,87811.26,51786.97,92614.11,56096.38,66832.49,2,0.4,0.274,0.36,0.564,78.13,0
C_2025_03734,Nov-2025,Wallet,79470.14,58298.12,412346.63776551886,60065.59,82941.87,6,0.2,0.7411138019508327,0.387,0.62,84.13,1
C_2025_03735,Nov-2025,NFT,181177.57,53681.96,123352.39,55735.93,77590.1,3,0.6,0.417,0.368,0.637,57.79,0
C_2025_03736,Nov-2025,NFT,183074.21,41980.59,52702.78,44148.5,46277.29,2,0.4,0.1,0.398,0.632,94.32,0
C_2025_03737,Nov-2025,NFT,225214.87,58929.63,134773.06,64653.0,86118.56,2,0.4,0.4,0.388,0.617,81.01,0
C_2025_03738,Nov-2025,DeFi,126584.06,66262.97,91139.07,80454.99,79285.68,0,0.0,0.129,0.4,0.633,76.9,0
C_2025_03739,Nov-2025,Token,65758.09,53145.09,67672.98,59721.95,60180.01,1,0.2,0.099,0.373,0.627,67.66,0
C_2025_03740,Nov-2025,DeFi,101486.98,48055.65,91393.87,48024.72,62491.41,1,0.2,0.327,0.367,0.555,58.9,0
C_2025_03741,Nov-2025,Marketplace,123468.68,53962.78,454346.3927257981,64673.76,83624.43,5,0.2,0.779676808575131,0.356,0.613,68.04,1
C_2025_03742,Nov-2025,Wallet,96591.52,56042.87,90830.78,56986.53,67953.4,1,0.2,0.238,0.38,0.555,70.22,0
C_2025_03743,Nov-2025,Marketplace,106215.27,43629.75,71851.7,53689.37,56390.27,1,0.2,0.207,0.38,0.619,56.22,0
C_2025_03744,Nov-2025,DAO,126358.92,54061.8,89300.29,60016.24,67792.78,0,0.0,0.227,0.351,0.648,56.49,0
C_2025_03745,Nov-2025,Energy,117123.67,62707.32,132257.29,74243.62,89736.08,1,0.2,0.339,0.371,0.58,43.88,0
C_2025_03746,Nov-2025,DeFi,156644.29,39309.15,56292.55,40174.37,45258.69,5,1.0,0.173,0.385,0.636,86.2,0
C_2025_03747,Nov-2025,NFT,175042.61,64548.62,100384.01,80742.99,81891.88,2,0.4,0.179,0.366,0.592,86.11,0
C_2025_03748,Nov-2025,Marketplace,106177.42,54654.55,114356.88,50890.26,73300.56,1,0.2,0.397,0.388,0.639,58.55,0
C_2025_03749,Nov-2025,Wallet,135877.69,53245.52,86646.08,68911.16,69600.92,2,0.4,0.196,0.362,0.601,77.58,0
C_2025_03750,Nov-2025,DeFi,131616.66,50165.09,61867.05,61833.46,57955.2,1,0.2,0.095,0.367,0.638,68.51,0
C_2025_03751,Nov-2025,Token,71608.52,48391.15,63941.54,52710.02,55014.24,2,0.4,0.119,0.378,0.621,72.17,0
C_2025_03752,Nov-2025,Token,56052.04,56766.78,129581.73,61301.07,82549.86,1,0.2,0.403,0.369,0.568,70.56,0
C_2025_03753,Nov-2025,DeFi,142175.78,42978.04,100844.77,42305.59,62042.8,0,0.0,0.442,0.394,0.586,63.9,0
C_2025_03754,Nov-2025,DAO,105403.44,38551.22,57853.43,44965.02,47123.23,2,0.4,0.17,0.375,0.576,91.4,0
C_2025_03755,Nov-2025,DeFi,110513.66,50698.15,78815.1,47309.52,58940.92,0,0.0,0.24,0.376,0.584,93.01,0
C_2025_03756,Nov-2025,DeFi,137091.53,45770.6,256942.5734235229,45286.12,54927.44,10,1.0,0.44510154053819595,0.355,0.556,76.66,1
C_2025_03757,Nov-2025,DAO,124764.41,56250.69,75455.37,71886.19,67864.08,2,0.4,0.123,0.398,0.606,70.98,0
C_2025_03758,Nov-2025,Marketplace,104101.42,38243.64,74868.39,45147.83,52753.29,0,0.0,0.301,0.392,0.635,74.92,0
C_2025_03759,Nov-2025,DeFi,139878.8,45089.41,109980.41,43062.31,66044.05,1,0.2,0.471,0.376,0.627,83.47,0
C_2025_03760,Nov-2025,Energy,112577.2,63736.95,130421.97,75207.88,89788.93,3,0.6,0.324,0.376,0.551,77.81,0
C_2025_03761,Nov-2025,DeFi,128687.95,38780.51,57134.04,35267.52,43727.35,1,0.2,0.219,0.371,0.571,92.1,0
C_2025_03762,Nov-2025,Token,59030.62,54312.4,98514.53,70363.89,74396.94,1,0.2,0.246,0.373,0.597,84.12,0
C_2025_03763,Nov-2025,DeFi,112912.29,41591.86,103765.97,46736.39,64031.4,3,0.6,0.44,0.396,0.596,84.2,0
C_2025_03764,Nov-2025,DeFi,142816.1,41379.05,71449.45,37761.52,50196.67,2,0.4,0.301,0.359,0.596,58.85,0
C_2025_03765,Nov-2025,Wallet,91511.99,31354.69,43335.28,30491.74,35060.57,1,0.2,0.167,0.383,0.592,93.25,0
C_2025_03766,Nov-2025,Marketplace,107527.9,49971.51,77093.96,53123.65,60063.04,1,0.2,0.202,0.396,0.586,63.04,0
C_2025_03767,Nov-2025,Wallet,118798.44,55212.82,72291.06,65241.01,64248.3,1,0.2,0.109,0.363,0.555,59.81,0
C_2025_03768,Nov-2025,NFT,161428.92,38737.93,75711.06,46211.86,53553.62,5,1.0,0.298,0.363,0.6,59.73,0
C_2025_03769,Nov-2025,Wallet,105173.11,44415.72,109620.56,46137.75,66724.68,1,0.2,0.455,0.386,0.591,45.67,0
C_2025_03770,Nov-2025,DAO,129079.04,44615.04,65498.02,52594.36,54235.81,0,0.0,0.159,0.356,0.593,40.67,0
C_2025_03771,Nov-2025,Token,77801.19,28637.78,57507.2,26923.94,37689.64,0,0.0,0.372,0.381,0.616,41.42,0
C_2025_03772,Nov-2025,DeFi,152073.71,51667.58,66642.46,55039.88,57783.31,2,0.4,0.111,0.366,0.64,58.19,0
C_2025_03773,Nov-2025,NFT,164738.63,50275.54,124702.1,61837.84,78938.49,1,0.2,0.414,0.354,0.604,55.68,0
C_2025_03774,Nov-2025,DAO,126122.42,63440.69,145294.85,64236.93,90990.82,2,0.4,0.422,0.392,0.563,80.36,0
C_2025_03775,Nov-2025,Token,63683.2,53469.73,89627.96,49909.71,64335.8,2,0.4,0.279,0.388,0.633,89.89,0
C_2025_03776,Nov-2025,NFT,134011.23,65812.61,428488.95737573126,69727.06,96491.32,5,0.4,0.7418359565535424,0.354,0.552,63.55,1
C_2025_03777,Nov-2025,DAO,125825.13,49385.38,85868.09,50000.92,61751.46,1,0.2,0.276,0.355,0.561,57.55,0
C_2025_03778,Nov-2025,NFT,161566.09,55821.87,75021.71,71431.46,67425.01,1,0.2,0.124,0.353,0.611,69.71,0
C_2025_03779,Nov-2025,Marketplace,111481.95,55886.34,99054.24,55889.82,70276.8,0,0.0,0.29,0.37,0.642,42.68,0
C_2025_03780,Nov-2025,DeFi,121960.11,49140.12,96325.3,53730.9,66398.77,2,0.4,0.32,0.387,0.553,69.76,0
C_2025_03781,Nov-2025,NFT,171763.54,42188.53,94015.58,40373.76,58859.29,3,0.6,0.423,0.389,0.638,49.61,0
C_2025_03782,Nov-2025,NFT,203511.48,48901.42,86967.86,55044.34,63637.87,1,0.2,0.262,0.387,0.55,71.88,0
C_2025_03783,Nov-2025,DAO,105737.23,53718.33,87709.64,60970.0,67465.99,1,0.2,0.217,0.368,0.608,52.44,0
C_2025_03784,Nov-2025,Wallet,109490.62,45091.59,88498.05,41388.22,58325.96,0,0.0,0.367,0.374,0.63,74.54,0
C_2025_03785,Nov-2025,DeFi,126341.45,54653.37,109351.73,59950.97,74652.02,3,0.6,0.33,0.367,0.628,83.1,0
C_2025_03786,Nov-2025,Token,70298.18,53420.77,112894.65,61670.76,75995.39,1,0.2,0.346,0.37,0.612,62.37,0
C_2025_03787,Nov-2025,NFT,172380.76,42442.65,65438.25,45088.5,50989.8,0,0.0,0.201,0.357,0.63,81.75,0
C_2025_03788,Nov-2025,DeFi,134553.18,44272.51,88195.48,52478.2,61648.73,1,0.2,0.309,0.383,0.587,52.04,0
C_2025_03789,Nov-2025,Token,76556.83,45989.06,83632.54,46906.35,58842.65,3,0.6,0.298,0.381,0.556,78.02,0
C_2025_03790,Nov-2025,DAO,104149.13,60736.22,86670.62,55362.72,67589.85,1,0.2,0.202,0.373,0.589,49.62,0
C_2025_03791,Nov-2025,DAO,72881.29,55125.15,110878.29,55166.72,73723.39,0,0.0,0.356,0.391,0.62,82.47,0
C_2025_03792,Nov-2025,Energy,106292.46,46625.92,90836.2,57950.45,65137.53,2,0.4,0.288,0.391,0.64,43.12,0
C_2025_03793,Nov-2025,DAO,122536.37,30888.21,150142.86371840312,34183.18,37161.08,9,0.8,0.34630547301557885,0.383,0.592,42.31,1
C_2025_03794,Nov-2025,NFT,155509.38,57828.48,73084.26,52522.62,61145.12,2,0.4,0.143,0.398,0.597,44.32,0
C_2025_03795,Nov-2025,NFT,157876.37,50863.85,67324.11,63101.22,60429.73,1,0.2,0.116,0.375,0.572,68.48,0
C_2025_03796,Nov-2025,NFT,171006.23,45493.51,85513.57,45100.34,58702.47,1,0.2,0.323,0.374,0.621,63.65,0
C_2025_03797,Nov-2025,Wallet,113831.21,57237.51,140005.28,58018.73,85087.17,4,0.8,0.456,0.393,0.604,72.96,0
C_2025_03798,Nov-2025,Token,55883.67,48587.6,93266.54,62725.59,68193.24,3,0.6,0.273,0.358,0.572,40.35,0
C_2025_03799,Nov-2025,Wallet,122179.33,54516.46,84477.88,51067.76,63354.04,1,0.2,0.237,0.373,0.576,58.69,0
C_2025_03800,Nov-2025,DeFi,125962.46,55313.55,122860.98,63629.02,80601.18,2,0.4,0.373,0.35,0.557,81.4,0
C_2025_03801,Nov-2025,Token,47791.58,40261.92,55946.98,38769.31,44992.74,3,0.6,0.173,0.397,0.612,83.82,0
C_2025_03802,Nov-2025,DAO,109904.14,49361.07,115121.56,51103.19,71861.94,2,0.4,0.426,0.389,0.561,80.04,0
C_2025_03803,Nov-2025,DeFi,132431.18,61278.44,338943.0240724333,72997.53,87189.32,3,0.0,0.6256316813744432,0.355,0.61,40.36,1
C_2025_03804,Nov-2025,DeFi,129660.26,57167.5,87757.67,60456.26,68460.47,2,0.4,0.2,0.389,0.608,72.2,0
C_2025_03805,Nov-2025,DeFi,119665.49,55557.41,283945.62973238324,57098.64,72559.83,3,0.0,0.5249418480694746,0.355,0.564,73.82,1
C_2025_03806,Nov-2025,DeFi,132476.53,42573.5,83647.83,53708.97,59976.76,2,0.4,0.289,0.385,0.553,80.12,0
C_2025_03807,Nov-2025,DeFi,152391.33,37753.04,60495.45,36380.42,44876.3,2,0.4,0.246,0.396,0.564,80.46,0
C_2025_03808,Nov-2025,NFT,136940.84,43920.56,74885.48,52759.83,57188.63,2,0.4,0.228,0.377,0.595,90.54,0
C_2025_03809,Nov-2025,Token,83482.26,47016.43,78426.63,58347.9,61263.65,3,0.6,0.212,0.354,0.631,55.93,0
C_2025_03810,Nov-2025,Wallet,113994.67,58553.16,97187.42,66615.86,74118.81,3,0.6,0.225,0.397,0.591,87.32,0
C_2025_03811,Nov-2025,DeFi,102780.29,56072.7,422083.64329686784,52808.22,82643.34,4,0.0,0.7910709558298205,0.352,0.572,71.86,1
C_2025_03812,Nov-2025,Healthcare,83685.94,50650.97,66627.86,50321.48,55866.77,0,0.0,0.136,0.387,0.628,82.74,0
C_2025_03813,Nov-2025,Token,43715.23,49450.7,118211.86,56595.84,74752.8,1,0.2,0.413,0.4,0.635,55.47,0
C_2025_03814,Nov-2025,DeFi,135227.44,48105.38,112959.29,44059.78,68374.82,1,0.2,0.462,0.384,0.641,67.43,0
C_2025_03815,Nov-2025,Wallet,119124.93,48764.86,120271.18,45102.35,71379.46,1,0.2,0.485,0.367,0.626,82.74,0
C_2025_03816,Nov-2025,Wallet,115241.9,58303.13,96617.19,56337.39,70419.24,2,0.4,0.263,0.378,0.576,85.78,0
C_2025_03817,Nov-2025,NFT,200967.4,42550.72,80905.12,47512.54,56989.46,3,0.6,0.299,0.359,0.596,67.41,0
C_2025_03818,Nov-2025,DeFi,150754.97,49223.94,95203.17,61794.63,68740.58,1,0.2,0.282,0.356,0.637,43.09,0
C_2025_03819,Nov-2025,DeFi,145810.54,30282.6,37121.54,33499.66,33634.6,3,0.6,0.083,0.374,0.572,86.59,0
C_2025_03820,Nov-2025,Wallet,95133.58,39080.58,93434.45,50423.29,60979.44,4,0.8,0.384,0.398,0.638,53.24,0
C_2025_03821,Nov-2025,Token,58792.1,49843.52,121583.37,56278.68,75901.86,1,0.2,0.427,0.399,0.612,63.14,0
C_2025_03822,Nov-2025,Wallet,98755.16,49997.11,64872.73,56850.87,57240.24,1,0.2,0.106,0.378,0.557,91.92,0
C_2025_03823,Nov-2025,Token,61756.82,48437.65,68798.69,45443.7,54226.68,0,0.0,0.191,0.371,0.624,54.98,0
C_2025_03824,Nov-2025,DAO,118965.77,49106.77,260659.38921516776,59806.54,62242.12,5,0.0,0.36372809992551974,0.359,0.596,52.88,1
C_2025_03825,Nov-2025,DAO,129654.57,62228.48,80015.47,74240.17,72161.37,3,0.6,0.103,0.374,0.576,51.08,0
C_2025_03826,Nov-2025,Wallet,106700.19,49733.12,60257.66,50496.08,53495.62,0,0.0,0.09,0.369,0.556,42.16,0
C_2025_03827,Nov-2025,Healthcare,117872.9,52185.16,90395.28,64433.45,69004.63,0,0.0,0.231,0.389,0.556,86.11,0
C_2025_03828,Nov-2025,DeFi,133857.44,52750.75,119584.57,59323.17,77219.5,1,0.2,0.389,0.372,0.551,66.23,0
C_2025_03829,Nov-2025,Wallet,128228.08,59668.65,83866.66,63990.43,69175.25,3,0.6,0.152,0.356,0.554,56.36,0
C_2025_03830,Nov-2025,Wallet,103734.2,58751.16,81471.07,66871.35,69031.19,2,0.4,0.136,0.387,0.628,67.63,0
C_2025_03831,Nov-2025,Token,56172.76,56023.74,86930.71,52467.39,65140.62,0,0.0,0.238,0.4,0.592,91.03,0
C_2025_03832,Nov-2025,NFT,166306.0,46038.74,88631.82,47871.68,60847.41,2,0.4,0.323,0.372,0.607,57.66,0
C_2025_03833,Nov-2025,Energy,121862.67,60428.51,103701.45,61057.74,75062.57,2,0.4,0.27,0.39,0.604,68.91,0
C_2025_03834,Nov-2025,Wallet,111247.76,53627.37,122252.88,59300.66,78393.63,1,0.2,0.397,0.396,0.634,50.91,0
C_2025_03835,Nov-2025,NFT,178672.48,34065.29,66191.73,33299.69,44518.9,1,0.2,0.344,0.387,0.634,91.31,0
C_2025_03836,Nov-2025,DeFi,141971.62,46595.54,96257.78,59787.12,67546.81,1,0.2,0.311,0.385,0.643,85.35,0
C_2025_03837,Nov-2025,Token,59136.76,61812.75,131852.61,75438.64,89701.33,2,0.4,0.338,0.383,0.598,92.89,0
C_2025_03838,Nov-2025,Token,77393.76,62274.96,155206.13,58378.74,91953.28,1,0.2,0.487,0.366,0.585,89.1,0
C_2025_03839,Nov-2025,Wallet,99195.56,51439.27,82514.83,47860.3,60604.8,1,0.2,0.257,0.393,0.608,43.27,0
C_2025_03840,Nov-2025,DAO,120650.34,37847.2,61923.62,41831.4,47200.74,2,0.4,0.223,0.391,0.582,44.29,0
C_2025_03841,Nov-2025,Token,56180.54,51301.2,106556.75,49973.65,69277.2,0,0.0,0.381,0.391,0.583,45.97,0
C_2025_03842,Nov-2025,Energy,115992.5,55083.69,115063.54,69653.3,79933.51,1,0.2,0.32,0.353,0.582,44.78,0
C_2025_03843,Nov-2025,Healthcare,106084.48,50190.92,89183.86,48754.66,62709.81,2,0.4,0.299,0.367,0.649,79.53,0
C_2025_03844,Nov-2025,Marketplace,141942.31,53718.82,107772.7,48875.0,70122.17,0,0.0,0.381,0.382,0.586,43.05,0
C_2025_03845,Nov-2025,Token,59201.96,46824.52,111967.17,45942.82,68244.84,0,0.0,0.453,0.381,0.602,71.68,0
C_2025_03846,Nov-2025,DeFi,110948.73,30176.77,66764.2,29813.71,42251.56,2,0.4,0.41,0.365,0.569,41.13,0
C_2025_03847,Nov-2025,Token,61779.34,41900.96,51409.86,50330.71,47880.51,3,0.6,0.089,0.387,0.569,86.06,0
C_2025_03848,Nov-2025,Healthcare,123267.77,56678.96,90500.43,61780.27,69653.22,0,0.0,0.214,0.359,0.556,70.81,0
C_2025_03849,Nov-2025,DeFi,140758.65,51727.27,98532.19,51946.83,67402.1,0,0.0,0.327,0.394,0.598,80.55,0
C_2025_03850,Nov-2025,Token,64932.93,47255.62,76716.64,43103.39,55691.88,2,0.4,0.269,0.39,0.595,40.19,0
C_2025_03851,Nov-2025,Marketplace,114939.96,53440.68,75409.41,58229.03,62359.71,0,0.0,0.151,0.368,0.623,53.04,0
C_2025_03852,Nov-2025,Marketplace,110230.58,41738.02,79222.2,48847.32,56602.51,3,0.6,0.287,0.378,0.586,92.92,0
C_2025_03853,Nov-2025,NFT,185909.14,49433.13,108742.27,58696.18,72290.52,1,0.2,0.36,0.376,0.579,89.75,0
C_2025_03854,Nov-2025,NFT,186845.44,54627.1,96313.03,50717.75,67219.29,2,0.4,0.307,0.389,0.565,73.09,0
C_2025_03855,Nov-2025,DeFi,139492.27,64281.28,120093.81,63712.08,82695.72,1,0.2,0.32,0.351,0.628,68.97,0
C_2025_03856,Nov-2025,Token,57466.51,64036.58,116393.64,62863.83,81098.01,0,0.0,0.308,0.379,0.631,54.4,0
C_2025_03857,Nov-2025,Token,76532.45,33083.12,78746.66,31609.35,47813.04,1,0.2,0.458,0.352,0.616,75.17,0
C_2025_03858,Nov-2025,DAO,102479.31,31613.55,73071.35,30538.46,45074.45,1,0.2,0.439,0.37,0.607,90.65,0
C_2025_03859,Nov-2025,Wallet,108963.96,51067.07,81339.01,49270.91,60559.0,2,0.4,0.243,0.39,0.601,46.59,0
C_2025_03860,Nov-2025,DAO,134137.89,42337.55,90389.47,49032.84,60586.62,0,0.0,0.351,0.365,0.623,88.41,0
C_2025_03861,Nov-2025,DeFi,140421.61,66589.68,93354.78,74534.93,78159.8,4,0.8,0.144,0.371,0.603,67.75,0
C_2025_03862,Nov-2025,NFT,170548.18,53615.64,68277.1,67906.94,63266.56,0,0.0,0.108,0.369,0.603,93.67,0
C_2025_03863,Nov-2025,NFT,127288.92,62880.23,123165.39,81010.06,89018.56,1,0.2,0.284,0.39,0.634,77.99,0
C_2025_03864,Nov-2025,Marketplace,101177.97,65641.05,372682.4238397453,78443.02,92537.11,5,0.0,0.5260411976748526,0.363,0.569,86.27,1
C_2025_03865,Nov-2025,Token,60810.3,65321.73,148533.27,77518.11,97124.37,1,0.2,0.378,0.375,0.621,51.41,0
C_2025_03866,Nov-2025,Token,58337.44,35784.65,79893.64,39271.16,51649.82,1,0.2,0.388,0.361,0.642,57.48,0
C_2025_03867,Nov-2025,Wallet,96356.81,51747.14,91308.68,65280.13,69445.31,2,0.4,0.236,0.366,0.583,75.45,0
C_2025_03868,Nov-2025,DeFi,153653.95,49819.4,105203.34,49845.48,68289.4,5,1.0,0.382,0.395,0.61,68.67,0
C_2025_03869,Nov-2025,DeFi,142591.65,47478.73,64549.48,51723.37,54583.86,2,0.4,0.133,0.375,0.576,87.13,0
C_2025_03870,Nov-2025,DeFi,143596.79,53189.15,82914.25,61424.04,65842.48,2,0.4,0.19,0.35,0.609,73.75,0
C_2025_03871,Nov-2025,DeFi,163279.7,54618.95,77416.62,64117.87,65384.48,1,0.2,0.143,0.367,0.597,74.19,0
C_2025_03872,Nov-2025,Token,64511.8,59971.72,97165.63,65679.63,74272.33,2,0.4,0.22,0.378,0.579,51.5,0
C_2025_03873,Nov-2025,Token,61954.21,42568.77,53757.79,48247.15,48191.24,0,0.0,0.095,0.369,0.577,74.67,0
C_2025_03874,Nov-2025,DeFi,135726.13,58026.44,110555.24,67753.61,78778.43,0,0.0,0.29,0.356,0.559,45.4,0
C_2025_03875,Nov-2025,Wallet,112714.45,36477.21,49210.89,46473.66,44053.92,2,0.4,0.124,0.393,0.63,89.62,0
C_2025_03876,Nov-2025,NFT,204454.65,51143.62,220759.50843527462,47581.52,54502.46,3,0.0,0.2584311385924516,0.396,0.556,45.51,1
C_2025_03877,Nov-2025,Token,67474.81,53163.39,178095.26514127332,48311.64,56018.36,7,0.6,0.23737102713445124,0.369,0.589,80.38,1
C_2025_03878,Nov-2025,Token,57594.66,46659.69,101309.38,50542.07,66170.38,0,0.0,0.376,0.39,0.609,66.92,0
C_2025_03879,Nov-2025,NFT,176273.94,66456.23,135766.49,82870.61,95031.11,3,0.6,0.311,0.359,0.584,78.12,0
C_2025_03880,Nov-2025,Healthcare,87535.7,38110.44,280615.7190113549,34384.29,51948.06,7,0.4,0.6495887131136812,0.367,0.567,58.38,1
C_2025_03881,Nov-2025,NFT,151511.86,33690.91,69874.63,36434.3,46666.62,2,0.4,0.352,0.364,0.558,92.01,0
C_2025_03882,Nov-2025,Token,69171.37,50671.15,110021.54,55572.31,72088.33,1,0.2,0.373,0.387,0.628,69.08,0
C_2025_03883,Nov-2025,DeFi,128653.53,50688.75,64564.59,56484.87,57246.07,1,0.2,0.099,0.354,0.645,85.66,0
C_2025_03884,Nov-2025,Token,55880.55,59558.15,138926.86,67849.17,88778.06,2,0.4,0.401,0.365,0.589,71.23,0
C_2025_03885,Nov-2025,NFT,177584.99,54617.13,76004.74,49308.26,59976.71,2,0.4,0.192,0.39,0.645,81.14,0
C_2025_03886,Nov-2025,DeFi,124197.84,40708.36,89038.05,51405.3,60383.9,3,0.6,0.343,0.364,0.587,93.65,0
C_2025_03887,Nov-2025,DeFi,127040.29,53514.4,79874.89,63791.06,65726.78,3,0.6,0.165,0.396,0.626,60.25,0
C_2025_03888,Nov-2025,DeFi,125149.05,52164.75,71480.17,66352.25,63332.39,0,0.0,0.129,0.35,0.589,45.71,0
C_2025_03889,Nov-2025,NFT,121670.24,44969.99,85476.75,44541.78,58329.5,1,0.2,0.329,0.372,0.611,91.16,0
C_2025_03890,Nov-2025,DAO,120670.28,57624.06,92221.47,72336.49,74060.67,2,0.4,0.191,0.38,0.614,56.23,0
C_2025_03891,Nov-2025,Wallet,108991.22,37979.1,189310.82656042054,48218.72,49242.48,5,0.2,0.37707144563189887,0.381,0.558,81.62,1
C_2025_03892,Nov-2025,NFT,171972.35,62514.25,152685.26,70749.61,95316.37,3,0.6,0.427,0.351,0.623,93.07,0
C_2025_03893,Nov-2025,Wallet,85016.55,46906.02,87950.53,55882.65,63579.73,0,0.0,0.277,0.394,0.639,69.77,0
C_2025_03894,Nov-2025,DeFi,135367.38,43708.13,60282.22,48210.89,50733.75,0,0.0,0.138,0.379,0.582,85.7,0
C_2025_03895,Nov-2025,Wallet,100103.55,49097.34,70309.83,55917.95,58441.71,1,0.2,0.151,0.372,0.603,54.74,0
C_2025_03896,Nov-2025,Energy,101978.14,46163.01,62389.79,57777.23,55443.34,1,0.2,0.123,0.371,0.614,91.05,0
C_2025_03897,Nov-2025,Marketplace,108007.33,59518.83,98514.95,69574.85,75869.54,1,0.2,0.218,0.388,0.57,60.91,0
C_2025_03898,Nov-2025,NFT,177589.4,58454.08,75270.95,64487.68,66070.91,2,0.4,0.105,0.372,0.642,76.2,0
C_2025_03899,Nov-2025,DeFi,143008.31,55577.81,73246.07,62948.24,63924.04,1,0.2,0.113,0.36,0.628,48.88,0
C_2025_03900,Nov-2025,Energy,96455.68,42126.62,53215.16,45701.62,47014.47,1,0.2,0.098,0.356,0.622,72.65,0
C_2025_03901,Nov-2025,NFT,155966.55,56071.83,125875.61,61227.54,81058.33,1,0.2,0.392,0.36,0.627,52.31,0
C_2025_03902,Nov-2025,Energy,112342.74,43452.93,284729.9211572382,49673.54,58740.75,5,0.4,0.583073403362486,0.396,0.603,73.95,1
C_2025_03903,Nov-2025,DAO,117382.94,46909.22,57777.08,52673.93,52453.41,2,0.4,0.085,0.386,0.552,62.32,0
C_2025_03904,Nov-2025,DeFi,122197.71,55518.27,227497.7373680562,60992.91,62313.45,5,0.2,0.15818319642994008,0.354,0.61,53.75,1
C_2025_03905,Nov-2025,NFT,198745.13,47420.24,69162.58,56321.97,57634.93,3,0.6,0.155,0.379,0.625,57.53,0
C_2025_03906,Nov-2025,DeFi,135028.12,59086.99,83851.9,53890.64,65609.84,3,0.6,0.199,0.392,0.594,75.99,0
C_2025_03907,Nov-2025,NFT,179030.01,33291.57,52664.37,30776.25,38910.73,0,0.0,0.251,0.365,0.648,93.11,0
C_2025_03908,Nov-2025,DeFi,122240.72,55069.13,97697.2,59249.61,70671.98,1,0.2,0.271,0.377,0.557,84.11,0
C_2025_03909,Nov-2025,Wallet,97508.61,60818.25,124146.91,60405.58,81790.25,1,0.2,0.366,0.39,0.571,70.95,0
C_2025_03910,Nov-2025,Wallet,102276.23,42825.04,171387.64660859958,49591.47,52305.47,5,0.4,0.3226345251856179,0.35,0.618,46.32,1
C_2025_03911,Nov-2025,Token,58490.53,41501.28,90092.76,47741.28,59778.44,0,0.0,0.361,0.38,0.621,61.39,0
C_2025_03912,Nov-2025,Token,71354.88,40979.92,81720.46,38159.06,53619.81,3,0.6,0.371,0.363,0.604,66.5,0
C_2025_03913,Nov-2025,DeFi,151314.37,44749.65,86553.75,52988.46,61430.62,0,0.0,0.294,0.386,0.596,41.86,0
C_2025_03914,Nov-2025,Marketplace,86413.41,46105.44,114511.36,57512.0,72709.6,3,0.6,0.412,0.378,0.589,49.42,0
C_2025_03915,Nov-2025,Marketplace,111245.05,43906.64,58261.08,52126.02,51431.25,1,0.2,0.114,0.374,0.624,55.78,0
C_2025_03916,Nov-2025,DAO,102831.47,49173.64,98570.43,50027.49,65923.85,3,0.6,0.35,0.385,0.579,42.07,0
C_2025_03917,Nov-2025,DAO,73655.36,68060.97,494262.6823541444,84822.31,100688.88,5,0.2,0.5530341717618622,0.374,0.582,80.89,1
C_2025_03918,Nov-2025,Healthcare,120375.47,50369.3,103025.57,49601.6,67665.49,0,0.0,0.37,0.369,0.585,62.39,0
C_2025_03919,Nov-2025,DeFi,136045.37,42516.79,51742.51,45186.19,46481.83,1,0.2,0.083,0.375,0.61,72.09,0
C_2025_03920,Nov-2025,Wallet,122395.47,53135.04,125012.53,63491.07,80546.21,0,0.0,0.394,0.398,0.645,79.14,0
C_2025_03921,Nov-2025,Healthcare,90066.83,50929.27,111191.67,63719.86,75280.27,2,0.4,0.344,0.368,0.622,40.93,0
C_2025_03922,Nov-2025,Energy,125070.04,55322.07,90458.0,51475.37,65751.81,1,0.2,0.267,0.369,0.621,84.93,0
C_2025_03923,Nov-2025,Marketplace,111132.73,58996.66,107293.29,73116.15,79802.03,2,0.4,0.254,0.369,0.598,60.07,0
C_2025_03924,Nov-2025,DeFi,111831.73,43485.45,243974.45386314715,49413.07,55029.59,8,1.0,0.3727027883666432,0.373,0.589,61.0,1
C_2025_03925,Nov-2025,DeFi,113620.51,63547.35,127172.83,66909.75,85876.64,1,0.2,0.34,0.39,0.61,93.57,0
C_2025_03926,Nov-2025,Token,64564.3,60192.94,91197.68,70399.48,73930.04,2,0.4,0.175,0.378,0.575,91.7,0
C_2025_03927,Nov-2025,DeFi,108444.42,57121.16,84565.02,67785.07,69823.75,3,0.6,0.162,0.368,0.644,66.36,0
C_2025_03928,Nov-2025,DAO,105942.82,42680.17,84965.17,38799.08,55481.48,2,0.4,0.377,0.366,0.597,53.65,0
C_2025_03929,Nov-2025,NFT,157507.85,47351.18,58198.05,58891.03,54813.42,1,0.2,0.096,0.359,0.555,80.97,0
C_2025_03930,Nov-2025,DAO,107468.33,50302.6,236220.12948122222,51084.02,63426.65,4,0.2,0.4945117576428722,0.398,0.602,71.49,1
C_2025_03931,Nov-2025,DeFi,146219.62,54830.02,109127.2,66063.55,76673.59,1,0.2,0.305,0.391,0.637,47.58,0
C_2025_03932,Nov-2025,Wallet,133087.46,53575.48,238863.13637911706,68139.37,63942.64,7,0.4,0.2035018677091705,0.363,0.562,54.52,1
C_2025_03933,Nov-2025,DAO,125256.66,49768.21,94253.04,49657.99,64559.75,0,0.0,0.325,0.381,0.592,94.14,0
C_2025_03934,Nov-2025,DeFi,139506.48,54599.83,66388.24,66126.85,62371.64,0,0.0,0.088,0.379,0.595,71.44,0
C_2025_03935,Nov-2025,Healthcare,108455.49,41244.53,51474.34,37796.48,43505.12,4,0.8,0.134,0.352,0.566,93.67,0
C_2025_03936,Nov-2025,Token,73867.97,47383.08,100295.06,54119.6,67265.91,1,0.2,0.35,0.373,0.636,70.35,0
C_2025_03937,Nov-2025,NFT,159659.25,44654.84,97291.52,40417.79,60788.05,1,0.2,0.426,0.382,0.61,71.81,0
C_2025_03938,Nov-2025,Token,74401.72,49315.55,101448.64,59807.19,70190.46,0,0.0,0.321,0.352,0.553,48.1,0
C_2025_03939,Nov-2025,DeFi,128876.51,66739.12,145353.0,65183.58,92425.23,5,1.0,0.405,0.396,0.621,92.47,0
C_2025_03940,Nov-2025,Token,57194.83,51120.72,75627.2,63433.84,63393.92,2,0.4,0.158,0.371,0.583,68.39,0
C_2025_03941,Nov-2025,DAO,127257.23,59498.13,190641.71170112584,55665.51,62220.54,5,0.0,0.1846510630373117,0.393,0.581,60.19,1
C_2025_03942,Nov-2025,DAO,124030.72,48671.02,59301.56,46113.23,51361.94,3,0.6,0.111,0.376,0.647,69.04,0
C_2025_03943,Nov-2025,Token,53799.53,37846.61,92994.56,44945.37,58595.51,1,0.2,0.418,0.378,0.586,53.21,0
C_2025_03944,Nov-2025,DeFi,126271.21,56732.31,88934.89,72202.54,72623.24,0,0.0,0.181,0.387,0.615,90.63,0
C_2025_03945,Nov-2025,NFT,185464.22,56769.99,91339.68,62346.37,70152.01,1,0.2,0.216,0.39,0.575,50.18,0
C_2025_03946,Nov-2025,Token,79583.38,51427.53,98924.67,62979.78,71110.66,1,0.2,0.284,0.373,0.613,93.81,0
C_2025_03947,Nov-2025,Token,70308.51,52438.94,120606.71,59404.15,77483.27,2,0.4,0.395,0.389,0.563,56.82,0
C_2025_03948,Nov-2025,DeFi,109637.57,64750.75,156887.24,83101.27,101579.76,2,0.4,0.392,0.373,0.569,81.08,0
C_2025_03949,Nov-2025,DeFi,116826.68,56551.0,354216.02136646974,64776.89,83474.02,4,0.2,0.7402780012089055,0.362,0.577,86.64,1
C_2025_03950,Nov-2025,DeFi,128313.05,51589.42,124148.21,51358.28,75698.64,0,0.0,0.453,0.353,0.574,61.19,0
C_2025_03951,Nov-2025,DeFi,129411.71,50520.26,84626.74,60304.13,65150.38,1,0.2,0.22,0.372,0.57,80.37,0
C_2025_03952,Nov-2025,DAO,102648.44,33129.95,69037.18,35904.98,46024.03,2,0.4,0.354,0.397,0.646,72.0,0
C_2025_03953,Nov-2025,Wallet,109804.59,43711.33,62933.17,47788.97,51477.82,0,0.0,0.161,0.385,0.558,92.43,0
C_2025_03954,Nov-2025,Marketplace,116836.09,41358.62,98931.92,41323.65,60538.06,4,0.8,0.448,0.392,0.569,52.45,0
C_2025_03955,Nov-2025,DAO,100341.22,66776.92,148794.16,68967.11,94846.07,1,0.2,0.402,0.353,0.62,88.81,0
C_2025_03956,Nov-2025,DAO,109400.91,61590.03,95497.43,55762.42,70949.96,2,0.4,0.247,0.379,0.623,78.55,0
C_2025_03957,Nov-2025,DeFi,138426.45,37527.3,164947.16139802735,35599.93,41806.01,8,0.6,0.3037108781875104,0.396,0.563,87.85,1
C_2025_03958,Nov-2025,Token,58797.4,47679.39,74990.14,46371.99,56347.17,2,0.4,0.234,0.381,0.639,74.65,0
C_2025_03959,Nov-2025,Token,65811.2,39096.53,87408.79,35197.03,53900.79,1,0.2,0.441,0.358,0.577,93.17,0
C_2025_03960,Nov-2025,NFT,170929.55,52229.35,70621.12,54614.19,59154.89,5,1.0,0.138,0.354,0.61,69.65,0
C_2025_03961,Nov-2025,DAO,104512.35,57137.44,71513.11,61107.53,63252.69,2,0.4,0.096,0.394,0.597,60.06,0
C_2025_03962,Nov-2025,NFT,196301.71,36274.69,68551.16,42174.8,49000.22,1,0.2,0.286,0.363,0.634,76.48,0
C_2025_03963,Nov-2025,Token,54507.59,48294.25,58435.97,49489.78,52073.33,0,0.0,0.087,0.374,0.632,55.7,0
C_2025_03964,Nov-2025,DeFi,137045.27,56387.61,76847.35,65286.97,66173.98,0,0.0,0.127,0.383,0.564,61.59,0
C_2025_03965,Nov-2025,DeFi,120836.68,50723.83,70977.9,52152.39,57951.37,2,0.4,0.159,0.367,0.598,56.27,0
C_2025_03966,Nov-2025,Marketplace,93461.38,55696.29,122757.72,61380.75,79944.92,0,0.0,0.38,0.381,0.607,58.62,0
C_2025_03967,Nov-2025,DeFi,110515.78,46734.84,91167.46,55377.52,64426.61,5,1.0,0.299,0.363,0.563,66.71,0
C_2025_03968,Nov-2025,Wallet,106786.24,46235.74,84495.13,59322.23,63351.03,4,0.8,0.251,0.396,0.614,51.1,0
C_2025_03969,Nov-2025,DeFi,128139.6,47839.44,87692.09,43476.03,59669.19,2,0.4,0.333,0.4,0.581,88.22,0
C_2025_03970,Nov-2025,NFT,214993.27,45437.37,68765.69,50033.36,54745.47,2,0.4,0.184,0.364,0.639,66.4,0
C_2025_03971,Nov-2025,DAO,130153.07,58864.38,76064.89,53395.61,62774.96,2,0.4,0.154,0.384,0.574,80.32,0
C_2025_03972,Nov-2025,Token,74144.91,48929.16,76432.38,48025.39,57795.64,2,0.4,0.228,0.39,0.614,64.29,0
C_2025_03973,Nov-2025,Token,71552.1,43797.36,62829.96,55680.11,54102.48,0,0.0,0.145,0.39,0.592,50.23,0
C_2025_03974,Nov-2025,DeFi,109439.98,46155.66,63546.74,45955.45,51885.95,1,0.2,0.159,0.399,0.55,76.2,0
C_2025_03975,Nov-2025,DeFi,136601.45,43676.13,58506.53,45468.79,49217.15,2,0.4,0.134,0.356,0.557,46.34,0
C_2025_03976,Nov-2025,DeFi,145669.07,56000.01,108542.29,66769.38,77103.89,2,0.4,0.294,0.397,0.647,75.82,0
C_2025_03977,Nov-2025,Wallet,107158.26,38993.16,71961.82,46916.1,52623.69,3,0.6,0.267,0.389,0.571,76.1,0
C_2025_03978,Nov-2025,DAO,90299.94,59948.05,133331.11,68966.2,87415.12,2,0.4,0.374,0.363,0.561,76.43,0
C_2025_03979,Nov-2025,Energy,106184.59,37169.04,61680.52,35581.16,44810.24,2,0.4,0.267,0.391,0.599,82.56,0
C_2025_03980,Nov-2025,Token,73674.94,49201.12,101733.0,47922.09,66285.4,1,0.2,0.378,0.389,0.649,70.05,0
C_2025_03981,Nov-2025,NFT,199838.15,56292.57,83962.43,58229.06,66161.35,2,0.4,0.191,0.363,0.597,81.33,0
C_2025_03982,Nov-2025,DAO,110328.12,42999.78,59670.52,47973.12,50214.47,1,0.2,0.139,0.392,0.583,50.49,0
C_2025_03983,Nov-2025,DAO,122659.19,49221.83,63477.11,50749.11,54482.68,2,0.4,0.117,0.367,0.632,93.24,0
C_2025_03984,Nov-2025,DeFi,131195.83,45763.55,61181.04,53642.14,53528.91,0,0.0,0.118,0.351,0.628,44.09,0
C_2025_03985,Nov-2025,Wallet,111483.15,49579.45,122997.75,47822.41,73466.53,2,0.4,0.477,0.396,0.625,82.05,0
C_2025_03986,Nov-2025,Marketplace,104357.58,36802.86,67483.59,37522.9,47269.78,0,0.0,0.302,0.356,0.568,51.2,0
C_2025_03987,Nov-2025,DeFi,117930.11,43215.3,77460.45,47702.31,56126.02,2,0.4,0.271,0.389,0.642,48.97,0
C_2025_03988,Nov-2025,Wallet,89202.87,35027.57,58174.28,31649.6,41617.15,1,0.2,0.283,0.4,0.627,71.9,0
C_2025_03989,Nov-2025,Marketplace,110649.02,40291.28,62026.06,40328.71,47548.69,2,0.4,0.215,0.392,0.559,72.7,0
C_2025_03990,Nov-2025,Token,51320.73,64306.71,146536.15,82129.7,97657.52,1,0.2,0.362,0.375,0.622,76.74,0
C_2025_03991,Nov-2025,DAO,122861.42,53618.24,85272.29,61884.74,66925.09,0,0.0,0.2,0.398,0.556,64.1,0
C_2025_03992,Nov-2025,DeFi,151770.93,51471.74,69871.19,55400.23,58914.39,1,0.2,0.134,0.389,0.551,81.2,0
C_2025_03993,Nov-2025,DAO,92188.08,59046.65,103650.8,76045.86,79581.1,5,1.0,0.231,0.393,0.639,45.06,0
C_2025_03994,Nov-2025,Wallet,109117.65,51644.69,270797.85320695693,62839.27,68663.87,8,0.6,0.399429570893368,0.352,0.596,79.82,1
C_2025_03995,Nov-2025,NFT,167988.61,35040.16,52042.25,42367.59,43150.0,0,0.0,0.161,0.385,0.588,42.29,0
C_2025_03996,Nov-2025,NFT,174182.95,59408.63,117576.5,70863.35,82616.16,3,0.6,0.305,0.368,0.574,89.66,0
C_2025_03997,Nov-2025,Marketplace,109062.78,52062.81,227978.82653363695,51490.9,57876.82,4,0.2,0.2391960530164,0.389,0.642,93.0,1
C_2025_03998,Nov-2025,Token,62223.49,51603.33,89780.12,60892.86,67425.43,1,0.2,0.241,0.356,0.597,93.25,0
C_2025_03999,Nov-2025,DAO,117401.88,47815.25,103055.92,61630.35,70833.84,1,0.2,0.331,0.388,0.555,84.98,0
C_2025_04000,Nov-2025,DeFi,137619.15,50904.8,124617.1,46849.01,74123.64,0,0.0,0.482,0.374,0.638,84.79,0
C_2025_04001,Nov-2025,Wallet,111220.74,53200.41,81584.56,48414.64,61066.53,0,0.0,0.24,0.384,0.643,57.65,0
C_2025_04002,Nov-2025,Marketplace,106779.26,57675.39,92324.03,63646.97,71215.46,2,0.4,0.212,0.364,0.634,94.93,0
C_2025_04003,Nov-2025,Healthcare,94779.63,56025.05,231517.8460967371,51715.75,64121.46,5,0.0,0.4325366504440001,0.396,0.56,66.64,1
C_2025_04004,Nov-2025,DeFi,142162.72,53668.21,76351.19,57699.3,62572.9,1,0.2,0.158,0.365,0.609,40.91,0
C_2025_04005,Nov-2025,Wallet,94940.73,47075.26,115675.86,53340.58,72030.57,1,0.2,0.43,0.391,0.591,49.77,0
C_2025_04006,Nov-2025,NFT,190543.25,56199.13,140197.39,68134.41,88176.97,0,0.0,0.421,0.366,0.595,46.97,0
C_2025_04007,Nov-2025,Token,66092.41,61785.53,150001.95,70171.27,93986.25,1,0.2,0.423,0.357,0.635,94.49,0
C_2025_04008,Nov-2025,DAO,125384.96,47194.4,95137.38,60579.85,67637.21,1,0.2,0.299,0.37,0.604,54.79,0
C_2025_04009,Nov-2025,Marketplace,138267.55,49659.68,64834.71,59452.31,57982.23,3,0.6,0.108,0.373,0.564,75.61,0
C_2025_04010,Nov-2025,Token,63934.47,46170.37,60376.8,41615.51,49387.56,3,0.6,0.162,0.396,0.642,87.0,0
C_2025_04011,Nov-2025,NFT,159266.13,50656.59,66611.92,63758.81,60342.44,2,0.4,0.115,0.382,0.631,80.24,0
C_2025_04012,Nov-2025,NFT,148083.37,54635.78,84207.75,64996.2,67946.58,1,0.2,0.18,0.359,0.618,61.39,0
C_2025_04013,Nov-2025,Marketplace,134317.47,58936.83,130195.26,72037.71,87056.6,1,0.2,0.356,0.356,0.634,86.5,0
C_2025_04014,Nov-2025,Token,58282.26,46031.38,187290.2530366354,52015.03,52492.81,5,0.0,0.16543239856524683,0.384,0.618,73.77,1
C_2025_04015,Nov-2025,Wallet,106430.43,57362.07,136117.35,52473.11,81984.18,0,0.0,0.468,0.371,0.609,41.78,0
C_2025_04016,Nov-2025,DeFi,103195.64,55005.25,129443.36,61238.11,81895.58,3,0.6,0.412,0.374,0.615,51.01,0
C_2025_04017,Nov-2025,DAO,106840.72,45410.25,100442.83,45543.28,63798.79,0,0.0,0.406,0.361,0.618,73.77,0
C_2025_04018,Nov-2025,NFT,152722.6,59425.13,140903.69,64221.22,88183.35,5,1.0,0.423,0.365,0.582,70.74,0
C_2025_04019,Nov-2025,DeFi,112198.43,66515.11,156237.54,71216.3,97989.65,1,0.2,0.421,0.399,0.632,73.86,0
C_2025_04020,Nov-2025,Token,68426.64,53650.3,129372.65,56570.33,79864.42,1,0.2,0.439,0.398,0.649,83.4,0
C_2025_04021,Nov-2025,NFT,170389.41,25355.21,44776.72,25794.47,31975.47,1,0.2,0.283,0.4,0.592,91.01,0
C_2025_04022,Nov-2025,DAO,98552.57,58148.05,86563.16,75491.88,73401.03,1,0.2,0.159,0.353,0.62,56.67,0
C_2025_04023,Nov-2025,DeFi,140872.01,43122.27,89825.39,47113.88,60020.51,3,0.6,0.352,0.365,0.56,56.75,0
C_2025_04024,Nov-2025,NFT,177596.74,62849.61,139212.75,70479.23,90847.2,0,0.0,0.378,0.375,0.61,54.62,0
C_2025_04025,Nov-2025,Wallet,102126.9,43114.96,86691.94,41322.48,57043.13,2,0.4,0.368,0.39,0.601,60.81,0
C_2025_04026,Nov-2025,NFT,168799.04,57119.4,132328.54,62927.27,84125.07,0,0.0,0.406,0.381,0.579,48.09,0
C_2025_04027,Nov-2025,Healthcare,107978.56,47842.82,103221.89,59095.44,70053.38,2,0.4,0.341,0.362,0.612,88.8,0
C_2025_04028,Nov-2025,Token,69205.52,55257.06,115971.96,66756.58,79328.54,3,0.6,0.332,0.367,0.647,89.51,0
C_2025_04029,Nov-2025,NFT,203769.12,52766.52,125721.15,52631.44,77039.7,2,0.4,0.447,0.369,0.621,62.16,0
C_2025_04030,Nov-2025,DeFi,160184.93,53087.93,72451.58,60772.04,62103.85,1,0.2,0.128,0.37,0.626,40.92,0
C_2025_04031,Nov-2025,DeFi,126057.03,63691.94,128577.58,78881.73,90383.75,2,0.4,0.307,0.382,0.557,92.02,0
C_2025_04032,Nov-2025,Token,49237.97,41790.73,99429.79,39588.98,60269.83,0,0.0,0.46,0.384,0.589,82.05,0
C_2025_04033,Nov-2025,DeFi,127383.43,44820.35,67495.98,53598.08,55304.81,1,0.2,0.169,0.391,0.642,79.74,0
C_2025_04034,Nov-2025,DeFi,157060.06,35811.41,75082.1,44763.3,51885.6,3,0.6,0.324,0.387,0.631,88.28,0
C_2025_04035,Nov-2025,DeFi,130260.87,56452.62,115819.35,51023.07,74431.68,4,0.8,0.394,0.353,0.59,78.28,0
C_2025_04036,Nov-2025,Healthcare,111290.78,45209.43,109877.19,55781.65,70289.42,4,0.8,0.403,0.368,0.595,84.77,0
C_2025_04037,Nov-2025,DeFi,126579.97,55353.36,99687.07,69708.2,74916.21,0,0.0,0.247,0.389,0.595,60.71,0
C_2025_04038,Nov-2025,Energy,84272.37,38803.34,84731.13,49325.99,57620.15,3,0.6,0.341,0.379,0.617,41.29,0
C_2025_04039,Nov-2025,DeFi,108784.78,59369.36,90540.13,58407.14,69438.87,1,0.2,0.215,0.357,0.586,73.38,0
C_2025_04040,Nov-2025,NFT,178448.31,39112.12,70105.98,40281.83,49833.31,2,0.4,0.288,0.365,0.647,93.73,0
C_2025_04041,Nov-2025,DeFi,119470.7,45859.91,84583.77,50105.89,60183.19,1,0.2,0.288,0.362,0.561,71.38,0
C_2025_04042,Nov-2025,Healthcare,103584.99,64104.33,101423.93,79569.1,81699.12,2,0.4,0.187,0.354,0.609,63.04,0
C_2025_04043,Nov-2025,Token,66465.22,43680.41,52977.01,42955.67,46537.7,1,0.2,0.098,0.382,0.645,49.42,0
C_2025_04044,Nov-2025,Wallet,129760.62,35536.68,63452.18,40801.47,46596.78,1,0.2,0.26,0.354,0.624,53.12,0
C_2025_04045,Nov-2025,Healthcare,115585.2,55323.35,69944.71,54243.68,59837.25,1,0.2,0.12,0.39,0.556,53.73,0
C_2025_04046,Nov-2025,Token,55744.52,46381.38,88536.47,50611.41,61843.09,1,0.2,0.306,0.368,0.584,54.6,0
C_2025_04047,Nov-2025,Token,46756.67,63200.82,91971.23,57208.53,70793.53,0,0.0,0.214,0.352,0.593,52.38,0
C_2025_04048,Nov-2025,NFT,139165.23,43314.66,82272.69,51524.81,59037.39,1,0.2,0.284,0.351,0.571,63.37,0
C_2025_04049,Nov-2025,Marketplace,108600.04,47534.38,111854.74,44492.54,67960.55,4,0.8,0.457,0.358,0.563,46.12,0
C_2025_04050,Nov-2025,DeFi,144433.34,45983.73,70242.48,45877.44,54034.55,1,0.2,0.212,0.368,0.58,86.6,0
C_2025_04051,Nov-2025,Marketplace,136411.09,51743.18,70771.46,65794.93,62769.86,2,0.4,0.128,0.375,0.601,46.45,0
C_2025_04052,Nov-2025,Marketplace,122622.31,47380.4,65178.3,60031.05,57529.92,2,0.4,0.13,0.358,0.572,55.75,0
C_2025_04053,Nov-2025,DeFi,141124.86,48355.71,81133.14,53652.31,61047.05,0,0.0,0.235,0.387,0.606,64.19,0
C_2025_04054,Nov-2025,DAO,117212.16,51818.22,100227.65,63776.56,71940.81,1,0.2,0.286,0.4,0.567,53.83,0
C_2025_04055,Nov-2025,Wallet,104382.32,42236.55,66567.52,48168.29,52324.12,1,0.2,0.198,0.389,0.563,41.09,0
C_2025_04056,Nov-2025,Wallet,120735.03,52656.6,75256.19,54586.23,60833.01,0,0.0,0.168,0.395,0.577,64.46,0
C_2025_04057,Nov-2025,Token,66013.04,57563.77,470207.18122168735,73139.39,89862.51,7,0.4,0.7218085912844573,0.4,0.578,83.08,1
C_2025_04058,Nov-2025,Wallet,96458.52,40968.81,54694.26,46047.24,47236.77,1,0.2,0.12,0.361,0.575,67.72,0
C_2025_04059,Nov-2025,DAO,101681.48,48509.73,92015.06,58944.12,66489.64,2,0.4,0.279,0.391,0.601,68.69,0
C_2025_04060,Nov-2025,DeFi,99503.87,51778.4,83980.5,59686.92,65148.61,0,0.0,0.21,0.379,0.622,59.6,0
C_2025_04061,Nov-2025,Wallet,102042.8,44768.68,58485.42,41898.46,48384.18,0,0.0,0.15,0.351,0.577,56.85,0
C_2025_04062,Nov-2025,DAO,103442.29,45232.35,83203.92,43401.06,57279.11,1,0.2,0.32,0.366,0.632,85.55,0
C_2025_04063,Nov-2025,DeFi,131449.81,57932.91,114063.95,72909.57,81635.47,3,0.6,0.291,0.381,0.633,76.19,0
C_2025_04064,Nov-2025,DAO,96566.79,35326.51,44708.14,44854.33,41629.66,0,0.0,0.107,0.379,0.637,63.15,0
C_2025_04065,Nov-2025,Marketplace,116780.0,54465.1,69595.49,57997.57,60686.05,2,0.4,0.106,0.38,0.565,62.66,0
C_2025_04066,Nov-2025,DeFi,170817.0,53625.14,74544.56,64470.7,64213.47,2,0.4,0.133,0.357,0.626,71.23,0
C_2025_04067,Nov-2025,NFT,143504.34,40089.53,55964.97,41546.14,45866.88,0,0.0,0.156,0.375,0.64,83.74,0
C_2025_04068,Nov-2025,Token,54168.82,48329.46,105268.11,49738.24,67778.6,1,0.2,0.391,0.374,0.559,83.21,0
C_2025_04069,Nov-2025,Token,44659.85,38750.6,46594.11,47552.62,44299.11,1,0.2,0.089,0.388,0.556,60.17,0
C_2025_04070,Nov-2025,DeFi,111584.34,68868.31,98903.89,70225.75,79332.65,2,0.4,0.175,0.36,0.632,63.16,0
C_2025_04071,Nov-2025,NFT,211254.62,33348.42,65842.98,37891.22,45694.21,0,0.0,0.314,0.391,0.569,56.08,0
C_2025_04072,Nov-2025,DAO,116262.68,44894.83,87938.0,53968.91,62267.24,1,0.2,0.298,0.365,0.601,56.77,0
C_2025_04073,Nov-2025,DAO,114548.56,47599.96,103392.76,49412.95,66801.89,2,0.4,0.387,0.369,0.579,51.98,0
C_2025_04074,Nov-2025,DAO,124438.13,49621.22,73364.1,48120.75,57035.36,3,0.6,0.203,0.396,0.592,48.55,0
C_2025_04075,Nov-2025,Marketplace,122245.01,55042.11,69440.41,71272.83,65251.78,2,0.4,0.111,0.37,0.572,67.18,0
C_2025_04076,Nov-2025,DeFi,139753.31,59157.16,104513.86,56055.99,73242.34,2,0.4,0.302,0.382,0.627,94.13,0
C_2025_04077,Nov-2025,Token,55228.92,48103.81,94274.46,43625.47,62001.25,0,0.0,0.369,0.35,0.568,66.11,0
C_2025_04078,Nov-2025,DeFi,105774.8,39455.05,89966.93,46162.35,58528.11,2,0.4,0.383,0.356,0.617,86.3,0
C_2025_04079,Nov-2025,DeFi,132648.13,48820.69,91985.95,46752.27,62519.63,2,0.4,0.334,0.37,0.628,70.55,0
C_2025_04080,Nov-2025,NFT,182041.59,48567.78,73294.25,48620.93,56827.65,2,0.4,0.205,0.384,0.648,83.08,0
C_2025_04081,Nov-2025,Wallet,115856.88,45566.7,99009.06,45249.86,63275.21,2,0.4,0.399,0.36,0.62,88.43,0
C_2025_04082,Nov-2025,DeFi,128511.01,43760.83,87054.64,51222.52,60679.33,4,0.8,0.311,0.354,0.606,59.73,0
C_2025_04083,Nov-2025,DeFi,125669.93,45187.97,269570.9893766717,56586.45,65204.83,5,0.0,0.5862777254083448,0.377,0.58,76.7,1
C_2025_04084,Nov-2025,Token,71193.02,50717.71,195312.09418397362,55181.62,56415.06,5,0.0,0.17492179955756362,0.377,0.635,90.12,1
C_2025_04085,Nov-2025,DAO,124815.71,46776.0,243680.95641306505,42216.37,54060.31,5,0.2,0.5039475821850801,0.351,0.585,60.87,1
C_2025_04086,Nov-2025,DeFi,125896.18,29493.68,45538.62,32578.8,35870.37,5,1.0,0.194,0.35,0.627,49.81,0
C_2025_04087,Nov-2025,NFT,171166.29,51126.22,112988.09,63273.81,75796.04,4,0.8,0.353,0.382,0.605,66.36,0
C_2025_04088,Nov-2025,DeFi,132347.29,48055.21,71024.24,53489.16,57522.87,0,0.0,0.17,0.381,0.644,79.75,0
C_2025_04089,Nov-2025,DeFi,121110.58,35570.63,65718.59,46109.76,49132.99,0,0.0,0.254,0.385,0.586,44.31,0
C_2025_04090,Nov-2025,DAO,111669.81,55389.37,120725.21,55176.36,77096.98,3,0.6,0.4,0.399,0.635,64.47,0
C_2025_04091,Nov-2025,Marketplace,123464.39,55197.37,67982.6,62668.14,61949.37,3,0.6,0.085,0.4,0.611,52.26,0
C_2025_04092,Nov-2025,DeFi,142956.42,53377.65,71847.71,67606.81,64277.39,1,0.2,0.123,0.395,0.645,42.07,0
C_2025_04093,Nov-2025,Wallet,99265.16,38391.27,178671.14887168555,46207.78,49360.41,6,0.6,0.3281579338204693,0.375,0.606,71.87,1
C_2025_04094,Nov-2025,DeFi,113698.9,46725.76,59385.11,44040.87,50050.58,2,0.4,0.134,0.381,0.558,43.85,0
C_2025_04095,Nov-2025,DeFi,149666.52,63951.82,80190.5,69336.0,71159.44,2,0.4,0.095,0.364,0.593,83.6,0
C_2025_04096,Nov-2025,Wallet,137363.57,30443.37,57472.12,37977.68,41964.39,2,0.4,0.271,0.369,0.579,92.29,0
C_2025_04097,Nov-2025,DeFi,118291.62,45414.8,107602.31,42444.28,65153.8,1,0.2,0.461,0.38,0.583,67.29,0
C_2025_04098,Nov-2025,Token,67647.13,39266.36,67937.15,48678.66,51960.72,1,0.2,0.23,0.38,0.562,48.62,0
C_2025_04099,Nov-2025,DeFi,119788.61,56976.11,119086.12,53498.91,76520.38,3,0.6,0.394,0.372,0.639,40.55,0
C_2025_04100,Nov-2025,Token,75320.77,60394.67,286274.15126121393,59653.84,74181.44,6,0.2,0.4625954438200269,0.353,0.606,56.88,1
C_2025_04101,Nov-2025,Token,65339.87,36094.46,85443.54,41408.9,54315.63,3,0.6,0.407,0.396,0.6,70.35,0
C_2025_04102,Nov-2025,Token,49212.61,52144.27,78248.21,48469.87,59620.78,1,0.2,0.222,0.369,0.642,71.15,0
C_2025_04103,Nov-2025,NFT,182045.11,36960.95,68857.35,36784.7,47534.33,0,0.0,0.317,0.361,0.56,55.16,0
C_2025_04104,Nov-2025,Token,66190.6,58809.8,121533.86,56606.74,78983.46,1,0.2,0.381,0.394,0.554,67.88,0
C_2025_04105,Nov-2025,Healthcare,109262.65,44888.36,90563.55,53771.29,63074.4,0,0.0,0.313,0.358,0.597,94.89,0
C_2025_04106,Nov-2025,DeFi,115645.96,34793.81,61312.98,32437.58,42848.12,1,0.2,0.306,0.385,0.598,73.65,0
C_2025_04107,Nov-2025,NFT,190429.52,40706.0,91076.62,45428.53,59070.38,2,0.4,0.385,0.397,0.566,61.41,0
C_2025_04108,Nov-2025,NFT,167554.01,48270.2,119818.65,58149.24,75412.7,0,0.0,0.42,0.361,0.617,61.92,0
C_2025_04109,Nov-2025,Healthcare,110225.03,60241.9,123480.65,68604.38,84108.98,1,0.2,0.333,0.369,0.555,72.32,0
C_2025_04110,Nov-2025,Token,77637.75,48025.13,70515.16,51613.8,56718.03,0,0.0,0.174,0.381,0.635,82.1,0
C_2025_04111,Nov-2025,Marketplace,101003.9,57652.64,85616.46,62208.33,68492.48,2,0.4,0.179,0.397,0.589,78.0,0
C_2025_04112,Nov-2025,NFT,185141.41,53406.36,121107.7,65930.08,80148.04,2,0.4,0.367,0.392,0.585,56.31,0
C_2025_04113,Nov-2025,Energy,117889.48,33970.53,130836.29105277624,41158.29,39403.15,4,0.0,0.19705149291544052,0.357,0.57,71.73,1
C_2025_04114,Nov-2025,Wallet,99583.62,38711.46,93338.9,47958.89,60003.08,5,1.0,0.398,0.351,0.568,91.1,0
C_2025_04115,Nov-2025,Token,54316.56,65263.74,121816.35,80394.6,89158.23,3,0.6,0.268,0.373,0.639,83.23,0
C_2025_04116,Nov-2025,DeFi,123392.75,51493.6,180204.74955001747,49030.37,54986.99,7,0.6,0.23857569478465937,0.365,0.566,86.72,1
C_2025_04117,Nov-2025,Healthcare,134864.65,45638.95,88297.07,43036.73,58990.92,0,0.0,0.352,0.369,0.586,77.06,0
C_2025_04118,Nov-2025,Energy,113717.1,50698.6,337721.695996672,55699.15,74597.28,6,0.4,0.7710510297788041,0.4,0.602,90.04,1
C_2025_04119,Nov-2025,NFT,176576.97,53610.89,71535.86,60544.83,61897.19,2,0.4,0.119,0.373,0.642,94.52,0
C_2025_04120,Nov-2025,NFT,180839.79,48054.76,66802.16,59418.26,58091.72,2,0.4,0.133,0.37,0.578,52.94,0
C_2025_04121,Nov-2025,DeFi,140172.49,52478.22,114477.28,64753.75,77236.42,3,0.6,0.347,0.39,0.582,94.77,0
C_2025_04122,Nov-2025,Wallet,92388.15,43011.72,64989.88,50040.08,52680.56,0,0.0,0.174,0.398,0.579,56.25,0
C_2025_04123,Nov-2025,DAO,87848.31,40823.97,63478.24,37406.9,47236.37,2,0.4,0.245,0.365,0.58,70.49,0
C_2025_04124,Nov-2025,Healthcare,121439.72,38472.15,95652.96,35258.6,56461.24,0,0.0,0.491,0.359,0.595,42.28,0
C_2025_04125,Nov-2025,DeFi,141678.41,49673.59,60355.06,51957.36,53995.34,1,0.2,0.085,0.354,0.613,40.55,0
C_2025_04126,Nov-2025,Wallet,130377.47,51377.82,77817.58,48367.9,59187.77,0,0.0,0.224,0.393,0.621,50.9,0
C_2025_04127,Nov-2025,Marketplace,121898.23,58217.42,145371.38,61513.83,88367.54,3,0.6,0.456,0.359,0.635,85.06,0
C_2025_04128,Nov-2025,Token,71505.6,36923.63,62678.22,33383.65,44328.5,0,0.0,0.295,0.353,0.609,55.36,0
C_2025_04129,Nov-2025,Wallet,114276.35,43794.85,103461.32,42285.32,63180.5,0,0.0,0.451,0.379,0.601,68.66,0
C_2025_04130,Nov-2025,Token,69978.42,50605.04,64267.87,60937.55,58603.49,1,0.2,0.099,0.354,0.595,84.23,0
C_2025_04131,Nov-2025,DeFi,125757.6,45954.05,77431.67,43268.48,55551.4,4,0.8,0.279,0.363,0.616,64.45,0
C_2025_04132,Nov-2025,NFT,169878.52,55933.06,93876.05,69416.8,73075.3,2,0.4,0.215,0.392,0.608,64.58,0
C_2025_04133,Nov-2025,Wallet,106510.88,58034.77,118977.29,63046.77,80019.61,1,0.2,0.345,0.373,0.606,67.1,0
C_2025_04134,Nov-2025,DAO,104447.35,56808.87,133461.04,60296.07,83521.99,1,0.2,0.423,0.36,0.626,40.68,0
C_2025_04135,Nov-2025,Token,65297.34,57483.4,111169.9,53669.53,74107.61,1,0.2,0.354,0.376,0.605,79.03,0
C_2025_04136,Nov-2025,NFT,173240.28,58367.82,87748.35,60318.98,68811.72,1,0.2,0.195,0.381,0.551,53.51,0
C_2025_04137,Nov-2025,Wallet,96946.41,68249.82,125689.86,79458.14,91132.61,1,0.2,0.273,0.384,0.604,40.8,0
C_2025_04138,Nov-2025,NFT,196562.2,62232.76,81038.87,74617.56,72629.73,1,0.2,0.107,0.378,0.61,90.61,0
C_2025_04139,Nov-2025,Token,58062.85,58480.56,211118.51114992314,72590.37,70076.21,5,0.2,0.1920695386209503,0.353,0.621,79.74,1
C_2025_04140,Nov-2025,NFT,185411.34,42006.83,65639.91,42185.23,49943.99,1,0.2,0.222,0.39,0.6,56.39,0
C_2025_04141,Nov-2025,Wallet,117335.54,55108.92,84295.21,53969.17,64457.77,2,0.4,0.218,0.395,0.585,58.82,0
C_2025_04142,Nov-2025,NFT,202416.03,59741.15,99129.15,57190.9,72020.4,3,0.6,0.267,0.382,0.555,89.2,0
C_2025_04143,Nov-2025,Wallet,123304.45,38409.32,91831.59,47021.09,59087.34,4,0.8,0.396,0.383,0.565,65.86,0
C_2025_04144,Nov-2025,Token,60183.58,35910.8,74009.31,34462.17,48127.43,0,0.0,0.38,0.37,0.582,63.12,0
C_2025_04145,Nov-2025,Healthcare,112185.0,53033.28,86216.02,51533.05,63594.12,2,0.4,0.252,0.361,0.553,54.61,0
C_2025_04146,Nov-2025,NFT,204099.11,48268.63,312596.7150530379,51414.48,70392.62,10,1.0,0.6630040139557625,0.351,0.649,66.98,1
C_2025_04147,Nov-2025,NFT,187039.43,54402.55,93396.76,60740.95,69513.42,1,0.2,0.246,0.356,0.604,46.61,0
C_2025_04148,Nov-2025,DAO,97110.57,45786.93,97022.1,57178.88,66662.64,3,0.6,0.33,0.365,0.578,59.59,0
C_2025_04149,Nov-2025,DAO,100864.45,43039.83,174396.40124580543,47442.7,52182.61,5,0.4,0.3124586898807053,0.359,0.631,65.97,1
C_2025_04150,Nov-2025,Token,62809.58,47719.83,106704.36,56366.54,70263.58,1,0.2,0.37,0.373,0.614,88.36,0
C_2025_04151,Nov-2025,Energy,89492.1,53421.15,67073.56,51828.24,57440.98,1,0.2,0.119,0.374,0.62,56.95,0
C_2025_04152,Nov-2025,DeFi,142842.94,64287.32,113828.47,80931.19,86348.99,2,0.4,0.238,0.387,0.629,75.25,0
C_2025_04153,Nov-2025,Marketplace,91715.08,40288.92,82608.27,38369.56,53755.58,2,0.4,0.38,0.375,0.602,80.59,0
C_2025_04154,Nov-2025,NFT,147835.74,55512.25,213570.87965766335,68618.34,65367.29,4,0.2,0.1920232717757163,0.365,0.578,91.56,1
C_2025_04155,Nov-2025,Healthcare,103887.51,46392.29,219441.0573332531,55297.18,56108.96,5,0.4,0.273830224059724,0.379,0.571,43.53,1
C_2025_04156,Nov-2025,Token,64809.03,53496.17,84641.73,64618.75,67585.55,0,0.0,0.191,0.362,0.576,92.34,0
C_2025_04157,Nov-2025,Marketplace,102253.76,53240.04,70314.1,65864.63,63139.59,2,0.4,0.115,0.374,0.61,91.27,0
C_2025_04158,Nov-2025,Token,65479.76,39732.77,55827.61,42813.64,46124.67,0,0.0,0.151,0.392,0.575,62.94,0
C_2025_04159,Nov-2025,Marketplace,122325.15,47931.48,104736.84,44242.21,65636.84,0,0.0,0.422,0.378,0.593,55.16,0
C_2025_04160,Nov-2025,Token,62027.67,52342.08,129089.91,47612.5,76348.16,0,0.0,0.489,0.366,0.601,51.89,0
C_2025_04161,Nov-2025,Token,58627.52,60566.45,75714.11,75774.01,70684.86,3,0.6,0.101,0.363,0.583,92.84,0
C_2025_04162,Nov-2025,Token,63065.3,50048.01,84793.41,45198.37,60013.26,1,0.2,0.294,0.366,0.553,46.4,0
C_2025_04163,Nov-2025,DeFi,157631.83,53833.82,92912.53,64201.82,70316.06,0,0.0,0.235,0.356,0.634,58.66,0
C_2025_04164,Nov-2025,NFT,187470.41,49244.92,86244.9,44389.18,59959.67,1,0.2,0.312,0.383,0.582,65.87,0
C_2025_04165,Nov-2025,Marketplace,83200.74,59228.81,130699.01,75355.79,88427.87,0,0.0,0.346,0.39,0.563,44.42,0
C_2025_04166,Nov-2025,DAO,109828.94,54857.22,76711.48,61878.01,64482.24,1,0.2,0.141,0.381,0.637,40.17,0
C_2025_04167,Nov-2025,DeFi,127468.85,49044.17,65043.71,62693.71,58927.2,4,0.8,0.12,0.356,0.582,85.79,0
C_2025_04168,Nov-2025,DAO,115202.83,23057.55,91542.70628333482,26731.89,28110.23,5,0.4,0.26416864675084833,0.367,0.629,66.12,1
C_2025_04169,Nov-2025,Healthcare,99165.87,35497.7,46807.11,44245.99,42183.6,2,0.4,0.115,0.383,0.595,53.88,0
C_2025_04170,Nov-2025,DAO,116197.33,53726.29,95191.8,64541.51,71153.2,1,0.2,0.247,0.392,0.65,89.46,0
C_2025_04171,Nov-2025,DeFi,140943.53,56512.95,115587.27,70157.84,80752.69,1,0.2,0.313,0.388,0.642,58.77,0
C_2025_04172,Nov-2025,DeFi,119367.63,57091.67,138469.02,66990.48,87517.06,5,1.0,0.414,0.356,0.633,92.03,0
C_2025_04173,Nov-2025,DeFi,114702.53,37651.21,82431.43,34602.74,51561.79,0,0.0,0.424,0.395,0.565,81.76,0
C_2025_04174,Nov-2025,Healthcare,126835.04,40430.58,52398.05,41021.81,44616.81,2,0.4,0.123,0.352,0.63,43.0,0
C_2025_04175,Nov-2025,DAO,100532.33,49821.83,96167.39,54748.78,66912.67,1,0.2,0.311,0.394,0.63,74.82,0
C_2025_04176,Nov-2025,NFT,210137.09,55207.49,76583.11,70282.31,67357.64,1,0.2,0.133,0.38,0.614,88.34,0
C_2025_04177,Nov-2025,Marketplace,122316.06,43268.83,85581.78,40258.36,56369.66,2,0.4,0.367,0.374,0.599,73.99,0
C_2025_04178,Nov-2025,NFT,120175.76,51336.9,81353.38,65087.14,65925.81,0,0.0,0.186,0.356,0.623,54.49,0
C_2025_04179,Nov-2025,Token,71265.21,54208.43,82993.14,52949.58,63383.72,0,0.0,0.219,0.36,0.577,87.78,0
C_2025_04180,Nov-2025,DeFi,115750.7,53385.58,68384.72,64271.34,62013.88,2,0.4,0.102,0.353,0.624,85.12,0
C_2025_04181,Nov-2025,NFT,172636.25,46511.29,89511.5,53119.3,63047.36,3,0.6,0.3,0.378,0.62,72.58,0
C_2025_04182,Nov-2025,DeFi,153141.23,38735.29,79219.28,43925.33,53959.96,0,0.0,0.333,0.375,0.638,87.77,0
C_2025_04183,Nov-2025,DeFi,142429.79,58430.86,81760.14,63326.54,67839.18,0,0.0,0.148,0.391,0.579,82.18,0
C_2025_04184,Nov-2025,Wallet,114768.16,62465.33,123533.96,64228.91,83409.4,0,0.0,0.34,0.357,0.568,91.37,0
C_2025_04185,Nov-2025,DeFi,137714.75,43828.93,63114.41,56544.4,54495.91,1,0.2,0.147,0.37,0.632,52.01,0
C_2025_04186,Nov-2025,DeFi,137170.4,58060.1,86298.45,53773.12,66043.89,1,0.2,0.218,0.394,0.563,73.9,0
C_2025_04187,Nov-2025,NFT,196212.0,60339.16,97196.65,75436.58,77657.46,3,0.6,0.195,0.397,0.64,52.95,0
C_2025_04188,Nov-2025,Token,61502.97,51164.05,83727.16,55792.43,63561.21,2,0.4,0.226,0.396,0.558,70.33,0
C_2025_04189,Nov-2025,DeFi,119532.74,50053.46,65774.6,52695.63,56174.57,0,0.0,0.122,0.374,0.611,78.03,0
C_2025_04190,Nov-2025,Healthcare,83940.55,56708.68,77616.39,56651.64,63658.91,2,0.4,0.155,0.371,0.623,78.79,0
C_2025_04191,Nov-2025,Healthcare,111935.73,40673.08,96330.64,47802.69,61602.14,0,0.0,0.401,0.356,0.641,66.82,0
C_2025_04192,Nov-2025,DAO,112034.56,52432.75,130628.5,65461.83,82841.03,2,0.4,0.413,0.362,0.574,61.85,0
C_2025_04193,Nov-2025,DeFi,139328.05,50006.67,97562.63,53177.03,66915.44,1,0.2,0.324,0.383,0.635,61.94,0
C_2025_04194,Nov-2025,NFT,210903.66,53519.32,68279.11,55679.3,59159.24,2,0.4,0.11,0.362,0.618,54.93,0
C_2025_04195,Nov-2025,NFT,162859.07,43123.55,103620.59,52547.24,66430.46,4,0.8,0.4,0.4,0.635,93.58,0
C_2025_04196,Nov-2025,Wallet,114229.3,53741.26,130429.89,57391.78,80520.98,1,0.2,0.439,0.387,0.629,79.41,0
C_2025_04197,Nov-2025,NFT,169495.9,58886.71,112367.54,53249.31,74834.52,0,0.0,0.356,0.382,0.606,50.85,0
C_2025_04198,Nov-2025,Token,59064.53,40234.24,85752.81,46023.41,57336.82,0,0.0,0.353,0.388,0.576,76.95,0
C_2025_04199,Nov-2025,Healthcare,112139.14,47524.21,90473.25,44405.47,60800.98,0,0.0,0.346,0.368,0.63,42.26,0
C_2025_04200,Nov-2025,Token,72904.89,60398.94,93328.38,56231.22,69986.18,2,0.4,0.237,0.384,0.572,66.16,0
C_2025_04201,Nov-2025,DeFi,106428.26,40553.58,96880.22,41842.63,59758.81,1,0.2,0.439,0.398,0.559,82.42,0
C_2025_04202,Nov-2025,DeFi,119342.91,50500.42,60712.36,64348.72,58520.5,3,0.6,0.1,0.384,0.611,79.95,0
C_2025_04203,Nov-2025,DeFi,133509.41,55282.51,89791.74,66603.32,70559.19,1,0.2,0.204,0.383,0.574,46.34,0
C_2025_04204,Nov-2025,NFT,172332.15,37703.6,47688.02,47252.45,44214.69,1,0.2,0.104,0.384,0.63,73.77,0
C_2025_04205,Nov-2025,NFT,170547.59,48640.42,112742.14,48342.49,69908.35,0,0.0,0.433,0.382,0.565,94.5,0
C_2025_04206,Nov-2025,Marketplace,113448.08,57837.17,440728.5083328465,62939.24,84292.66,5,0.4,0.6856873055447961,0.397,0.636,92.44,1
C_2025_04207,Nov-2025,DAO,102849.89,62541.2,91878.07,60789.95,71736.41,0,0.0,0.199,0.361,0.605,77.61,0
C_2025_04208,Nov-2025,DeFi,137438.2,34867.88,57309.85,41095.43,44424.39,2,0.4,0.213,0.374,0.627,69.82,0
C_2025_04209,Nov-2025,Wallet,98462.93,44248.46,97254.08,49094.43,63532.32,0,0.0,0.377,0.364,0.602,94.79,0
C_2025_04210,Nov-2025,Healthcare,97700.13,46757.36,86322.8,47883.02,60321.06,2,0.4,0.305,0.396,0.57,85.16,0
C_2025_04211,Nov-2025,NFT,172156.39,54043.14,72837.27,66406.29,64428.9,1,0.2,0.121,0.372,0.608,49.34,0
C_2025_04212,Nov-2025,DAO,121847.93,58939.8,138700.95,66419.8,88020.19,2,0.4,0.409,0.388,0.616,86.15,0
C_2025_04213,Nov-2025,Wallet,117807.75,60088.85,84674.79,76172.17,73645.27,2,0.4,0.138,0.357,0.638,83.73,0
C_2025_04214,Nov-2025,Token,66951.01,57676.08,104478.05,72975.73,78376.62,1,0.2,0.249,0.376,0.614,89.42,0
C_2025_04215,Nov-2025,Token,72110.52,44680.87,100074.28,42501.33,62418.83,0,0.0,0.427,0.379,0.629,70.49,0
C_2025_04216,Nov-2025,Token,68662.73,59384.13,121694.72,54114.49,78397.78,0,0.0,0.391,0.386,0.626,69.82,0
C_2025_04217,Nov-2025,DeFi,156165.31,61001.88,81528.32,71199.16,71243.12,2,0.4,0.118,0.388,0.582,60.54,0
C_2025_04218,Nov-2025,Wallet,126685.41,45405.98,79934.79,44081.48,56474.08,2,0.4,0.294,0.384,0.624,67.51,0
C_2025_04219,Nov-2025,Marketplace,97369.47,53767.57,90238.07,51871.27,65292.31,1,0.2,0.27,0.372,0.609,67.6,0
C_2025_04220,Nov-2025,Healthcare,99928.54,46569.53,71180.35,45651.43,54467.1,4,0.8,0.217,0.386,0.611,42.58,0
C_2025_04221,Nov-2025,DAO,154734.0,56179.2,128544.16,71079.44,85267.6,3,0.6,0.366,0.374,0.64,65.06,0
C_2025_04222,Nov-2025,DAO,91902.28,46759.61,79958.02,48311.32,58342.99,1,0.2,0.262,0.394,0.619,74.29,0
C_2025_04223,Nov-2025,Healthcare,91567.04,62641.47,142215.55,79680.95,94845.99,0,0.0,0.361,0.354,0.617,52.98,0
C_2025_04224,Nov-2025,DeFi,133878.38,55086.81,92478.56,58728.76,68764.71,1,0.2,0.245,0.394,0.55,93.84,0
C_2025_04225,Nov-2025,DeFi,137811.33,44281.13,55435.65,47494.68,49070.49,1,0.2,0.096,0.372,0.58,67.4,0
C_2025_04226,Nov-2025,Marketplace,127976.52,50192.29,68289.41,46833.81,55105.17,3,0.6,0.171,0.394,0.631,55.29,0
C_2025_04227,Nov-2025,Marketplace,103671.91,43000.87,64297.19,49411.77,52236.61,2,0.4,0.171,0.39,0.593,65.98,0
C_2025_04228,Nov-2025,Token,77927.77,42244.5,99043.8,40162.37,60483.56,3,0.6,0.451,0.384,0.575,61.14,0
C_2025_04229,Nov-2025,DeFi,133018.97,57074.71,75536.69,58894.19,63835.2,2,0.4,0.13,0.388,0.598,94.28,0
C_2025_04230,Nov-2025,DeFi,116400.52,41506.48,59751.79,42536.11,47931.46,1,0.2,0.175,0.356,0.56,42.55,0
C_2025_04231,Nov-2025,NFT,133394.88,48147.21,116327.59,45311.55,69928.78,1,0.2,0.469,0.381,0.575,85.47,0
C_2025_04232,Nov-2025,Token,77868.43,48200.07,117436.89,51632.73,72423.23,3,0.6,0.44,0.352,0.594,83.22,0
C_2025_04233,Nov-2025,Token,73585.46,49407.44,112833.22,61530.96,74590.54,0,0.0,0.369,0.362,0.553,94.05,0
C_2025_04234,Nov-2025,Wallet,102168.8,39635.06,61727.81,36302.44,45888.44,1,0.2,0.246,0.37,0.647,78.4,0
C_2025_04235,Nov-2025,Energy,105094.74,64449.88,145314.83,81420.41,97061.7,1,0.2,0.359,0.394,0.573,61.85,0
C_2025_04236,Nov-2025,DeFi,149626.38,40764.28,80603.29,38466.88,53278.15,2,0.4,0.363,0.371,0.602,43.79,0
C_2025_04237,Nov-2025,Token,50178.12,59857.31,114139.66,65137.57,79711.51,0,0.0,0.307,0.366,0.563,66.89,0
C_2025_04238,Nov-2025,DeFi,139868.38,46731.56,105513.02,49977.99,67407.52,1,0.2,0.4,0.364,0.648,88.89,0
C_2025_04239,Nov-2025,Marketplace,102640.44,43265.15,58029.06,56052.1,52448.77,4,0.8,0.125,0.397,0.603,45.08,0
C_2025_04240,Nov-2025,NFT,206303.32,37322.13,61905.1,44028.23,47751.82,4,0.8,0.217,0.373,0.579,91.37,0
C_2025_04241,Nov-2025,NFT,186096.02,57056.76,140803.26,61924.99,86595.01,2,0.4,0.443,0.352,0.562,56.29,0
C_2025_04242,Nov-2025,NFT,192614.62,42566.56,90696.55,54849.48,62704.2,2,0.4,0.326,0.375,0.617,78.65,0
C_2025_04243,Nov-2025,Energy,116366.85,44467.89,95282.44,57764.36,65838.23,7,1.0,0.327,0.392,0.575,71.01,0
C_2025_04244,Nov-2025,Token,51252.06,41573.87,218853.1357181938,51641.85,53290.71,7,0.8,0.3429837427056879,0.378,0.603,91.48,1
C_2025_04245,Nov-2025,DAO,102130.12,47379.98,68643.43,50719.73,55581.05,2,0.4,0.168,0.378,0.634,86.14,0
C_2025_04246,Nov-2025,DeFi,115076.64,40312.94,77059.15,50873.15,56081.75,1,0.2,0.275,0.376,0.616,94.31,0
C_2025_04247,Nov-2025,Token,64694.63,46037.75,114382.69,59429.32,73283.26,1,0.2,0.404,0.379,0.637,57.84,0
C_2025_04248,Nov-2025,DeFi,127111.16,53999.37,107634.88,64195.45,75276.57,1,0.2,0.309,0.373,0.634,45.55,0
C_2025_04249,Nov-2025,Marketplace,127431.7,58615.49,112848.57,74695.79,82053.28,3,0.6,0.277,0.357,0.639,42.34,0
C_2025_04250,Nov-2025,NFT,200502.69,62432.7,91810.87,57206.11,70483.23,0,0.0,0.216,0.364,0.638,87.07,0
C_2025_04251,Nov-2025,Token,63760.16,47433.96,111759.67,47180.83,68791.48,2,0.4,0.442,0.371,0.564,54.03,0
C_2025_04252,Nov-2025,DAO,95961.85,60058.01,119237.18,58989.73,79428.31,2,0.4,0.354,0.36,0.596,78.11,0
C_2025_04253,Nov-2025,Marketplace,103958.44,44001.28,57310.39,41988.65,47766.77,1,0.2,0.142,0.361,0.573,56.54,0
C_2025_04254,Nov-2025,Marketplace,105443.45,44880.58,94021.91,44636.44,61179.64,0,0.0,0.38,0.353,0.6,86.31,0
C_2025_04255,Nov-2025,DeFi,130997.09,44459.49,90955.43,50549.76,61988.22,2,0.4,0.333,0.368,0.617,92.38,0
C_2025_04256,Nov-2025,Energy,103998.13,53769.57,84040.3,64815.85,67541.91,2,0.4,0.185,0.355,0.636,87.47,0
C_2025_04257,Nov-2025,Token,82974.98,45499.27,93631.84,44402.24,61177.78,0,0.0,0.375,0.351,0.641,59.01,0
C_2025_04258,Nov-2025,DAO,109150.63,43142.67,56012.67,40299.58,46484.97,2,0.4,0.147,0.383,0.617,63.81,0
C_2025_04259,Nov-2025,Marketplace,93542.97,58064.89,102989.73,61393.8,74149.47,1,0.2,0.276,0.354,0.601,69.55,0
C_2025_04260,Nov-2025,Token,72762.04,51136.56,99261.74,49907.57,66768.62,3,0.6,0.344,0.361,0.631,43.8,0
C_2025_04261,Nov-2025,NFT,202520.79,60845.35,87446.38,71917.07,73402.93,2,0.4,0.149,0.392,0.602,74.0,0
C_2025_04262,Nov-2025,NFT,152856.01,47794.95,119367.25,53177.36,73446.52,2,0.4,0.443,0.362,0.638,43.9,0
C_2025_04263,Nov-2025,DeFi,122395.23,69388.05,111968.58,85385.61,88914.08,2,0.4,0.198,0.397,0.584,69.21,0
C_2025_04264,Nov-2025,Energy,125805.07,22511.5,34541.12,24156.92,27069.85,1,0.2,0.197,0.373,0.598,76.62,0
C_2025_04265,Nov-2025,Token,74081.18,50413.1,246177.46107799088,53633.85,62877.19,6,0.2,0.4396229031133595,0.37,0.619,62.65,1
C_2025_04266,Nov-2025,DeFi,133355.19,56310.59,78829.08,61658.84,65599.5,4,0.8,0.146,0.356,0.615,53.11,0
C_2025_04267,Nov-2025,Marketplace,126152.17,53236.68,103812.12,56760.71,71269.84,1,0.2,0.324,0.386,0.62,68.29,0
C_2025_04268,Nov-2025,Token,72022.01,44780.37,83457.86,41362.31,56533.51,3,0.6,0.338,0.398,0.628,69.42,0
C_2025_04269,Nov-2025,Healthcare,94436.82,57247.64,83262.72,57781.63,66097.33,1,0.2,0.184,0.357,0.628,68.79,0
C_2025_04270,Nov-2025,DeFi,107151.6,42953.19,80200.51,44113.24,55755.65,2,0.4,0.31,0.387,0.621,84.83,0
C_2025_04271,Nov-2025,DeFi,157048.27,48398.37,100720.64,54518.82,67879.28,1,0.2,0.344,0.371,0.563,50.0,0
C_2025_04272,Nov-2025,DAO,113415.17,56663.97,100475.22,58508.06,71882.42,0,0.0,0.281,0.396,0.621,58.5,0
C_2025_04273,Nov-2025,DeFi,126874.44,45896.93,66092.71,55742.25,55910.63,3,0.6,0.147,0.373,0.621,43.73,0
C_2025_04274,Nov-2025,DeFi,146321.54,34534.65,57909.24,37714.59,43386.16,2,0.4,0.239,0.357,0.603,49.61,0
C_2025_04275,Nov-2025,Token,73209.42,46255.57,87568.46,44572.81,59465.61,2,0.4,0.334,0.366,0.551,57.4,0
C_2025_04276,Nov-2025,Energy,123876.84,38308.51,55882.78,34938.76,43043.35,2,0.4,0.213,0.371,0.597,81.35,0
C_2025_04277,Nov-2025,Token,57846.12,49650.37,233788.5941175801,48417.0,56990.0,6,0.2,0.33875327696508645,0.364,0.611,59.51,1
C_2025_04278,Nov-2025,DeFi,117888.45,62334.36,154155.05,80170.87,98886.76,2,0.4,0.402,0.388,0.582,79.89,0
C_2025_04279,Nov-2025,NFT,146053.26,43066.04,105358.2,42375.01,63599.75,2,0.4,0.464,0.373,0.564,90.67,0
C_2025_04280,Nov-2025,Wallet,91318.8,41458.84,80199.51,40353.63,54003.99,2,0.4,0.343,0.357,0.554,81.85,0
C_2025_04281,Nov-2025,Wallet,96461.23,44444.99,98291.11,42547.29,61761.13,2,0.4,0.418,0.378,0.566,49.95,0
C_2025_04282,Nov-2025,Token,62115.05,50499.92,117657.41,52529.43,73562.25,1,0.2,0.424,0.394,0.614,64.74,0
C_2025_04283,Nov-2025,Wallet,88375.79,60280.19,108821.25,62875.43,77325.62,1,0.2,0.288,0.354,0.554,49.58,0
C_2025_04284,Nov-2025,DeFi,137041.81,47611.2,94966.41,61100.36,67892.66,1,0.2,0.293,0.386,0.608,69.03,0
C_2025_04285,Nov-2025,Token,79513.12,63034.6,138390.1,73576.05,91666.91,3,0.6,0.363,0.351,0.562,44.12,0
C_2025_04286,Nov-2025,DeFi,122191.04,48820.46,98245.72,47652.17,64906.12,1,0.2,0.363,0.391,0.628,61.26,0
C_2025_04287,Nov-2025,DeFi,132924.32,60677.64,98810.75,56657.41,72048.6,0,0.0,0.264,0.393,0.611,53.04,0
C_2025_04288,Nov-2025,Wallet,98172.93,49916.62,66313.99,63049.97,59760.19,1,0.2,0.119,0.397,0.59,58.49,0
C_2025_04289,Nov-2025,Token,68817.91,36678.74,70640.83,33248.46,46856.01,4,0.8,0.36,0.36,0.62,50.37,0
C_2025_04290,Nov-2025,DeFi,119591.17,46848.0,102193.43,51598.25,66879.9,0,0.0,0.374,0.388,0.625,68.77,0
C_2025_04291,Nov-2025,Energy,117382.15,37213.98,89819.26,34261.22,53764.82,1,0.2,0.475,0.382,0.615,51.35,0
C_2025_04292,Nov-2025,Wallet,105820.69,59383.83,80671.74,68399.49,69485.02,1,0.2,0.126,0.371,0.644,43.79,0
C_2025_04293,Nov-2025,Wallet,115220.47,40104.99,94202.03,50820.12,61709.05,1,0.2,0.379,0.368,0.642,67.5,0
C_2025_04294,Nov-2025,NFT,156163.38,57397.76,70743.26,64936.61,64359.21,5,1.0,0.085,0.351,0.645,69.22,0
C_2025_04295,Nov-2025,Token,62913.47,47832.8,79390.0,48100.44,58441.08,2,0.4,0.253,0.353,0.648,63.38,0
C_2025_04296,Nov-2025,Token,61247.03,53563.01,111583.88,62386.05,75844.31,2,0.4,0.337,0.393,0.583,52.79,0
C_2025_04297,Nov-2025,DAO,95915.2,49634.04,78722.19,52319.85,60225.36,1,0.2,0.218,0.369,0.627,90.51,0
C_2025_04298,Nov-2025,NFT,178922.08,53629.84,133824.98,55454.18,80969.67,2,0.4,0.462,0.385,0.601,50.39,0
C_2025_04299,Nov-2025,DeFi,138199.09,43317.32,92071.39,48182.27,61190.33,1,0.2,0.358,0.371,0.637,87.01,0
C_2025_04300,Nov-2025,Wallet,97969.34,47802.08,86326.57,57866.96,63998.54,0,0.0,0.255,0.394,0.607,81.19,0
C_2025_04301,Nov-2025,DeFi,146250.54,53097.35,124036.71,62407.85,79847.3,0,0.0,0.394,0.36,0.638,46.23,0
C_2025_04302,Nov-2025,Token,67796.38,65528.89,114534.42,70517.86,83527.06,4,0.8,0.264,0.4,0.565,68.36,0
C_2025_04303,Nov-2025,Healthcare,110949.12,36136.21,57688.33,45486.63,46437.06,2,0.4,0.19,0.383,0.588,94.23,0
C_2025_04304,Nov-2025,DeFi,145504.19,56375.46,102176.31,56990.28,71847.35,1,0.2,0.299,0.361,0.635,43.58,0
C_2025_04305,Nov-2025,Token,76960.48,45521.05,160559.6479467586,56956.53,52443.08,6,0.2,0.18367664390392902,0.395,0.599,75.87,1
C_2025_04306,Nov-2025,NFT,146031.65,45968.85,70546.0,55455.75,57323.53,1,0.2,0.177,0.351,0.632,61.26,0
C_2025_04307,Nov-2025,Token,58304.64,45196.96,74594.19,58240.23,59343.79,3,0.6,0.203,0.393,0.571,85.46,0
C_2025_04308,Nov-2025,Wallet,96444.65,45655.85,110268.64,45001.77,66975.42,1,0.2,0.457,0.351,0.637,72.26,0
C_2025_04309,Nov-2025,Token,58674.94,48814.17,95058.78,51620.51,65164.49,2,0.4,0.325,0.398,0.616,58.67,0
C_2025_04310,Nov-2025,DeFi,125881.12,33613.5,51668.19,35313.52,40198.4,4,0.8,0.202,0.382,0.631,80.58,0
C_2025_04311,Nov-2025,Wallet,103718.16,52297.0,72971.13,63549.39,62939.17,2,0.4,0.134,0.352,0.566,64.89,0
C_2025_04312,Nov-2025,NFT,198026.57,50599.78,107831.2,65585.22,74672.06,0,0.0,0.325,0.357,0.558,69.62,0
C_2025_04313,Nov-2025,Healthcare,120725.55,40921.94,56165.29,38518.86,45202.03,1,0.2,0.173,0.391,0.634,46.46,0
C_2025_04314,Nov-2025,DAO,113239.57,60512.38,112227.82,56754.89,76498.36,1,0.2,0.331,0.364,0.56,69.19,0
C_2025_04315,Nov-2025,DeFi,141984.05,52374.89,112817.26,67272.49,77488.21,2,0.4,0.332,0.373,0.607,71.46,0
C_2025_04316,Nov-2025,DeFi,122552.06,51925.36,112717.95,49718.4,71453.91,0,0.0,0.409,0.376,0.608,41.92,0
C_2025_04317,Nov-2025,DeFi,174042.92,60444.27,76658.05,71604.35,69568.89,0,0.0,0.097,0.39,0.581,66.28,0
C_2025_04318,Nov-2025,NFT,176817.07,50930.2,112882.85,49105.56,70972.87,0,0.0,0.418,0.38,0.591,90.0,0
C_2025_04319,Nov-2025,Token,56620.06,35909.71,228975.17048395285,43758.15,49104.87,5,0.4,0.5468890883614803,0.392,0.603,82.46,1
C_2025_04320,Nov-2025,DeFi,89879.4,60135.05,80887.21,71959.11,70993.79,0,0.0,0.12,0.36,0.563,40.36,0
C_2025_04321,Nov-2025,Healthcare,95101.66,57017.77,79500.54,58613.64,65043.99,2,0.4,0.157,0.375,0.593,85.25,0
C_2025_04322,Nov-2025,Token,71535.36,42453.83,197399.03921702114,43206.67,52986.41,6,0.4,0.5015888619717107,0.373,0.556,90.82,1
C_2025_04323,Nov-2025,Token,62430.25,58738.97,128898.91,60225.76,82621.21,2,0.4,0.396,0.353,0.647,86.06,0
C_2025_04324,Nov-2025,DeFi,120172.1,57882.81,91250.35,65365.73,71499.63,2,0.4,0.2,0.38,0.622,52.45,0
C_2025_04325,Nov-2025,Healthcare,94946.45,47028.67,99163.55,58574.87,68255.7,2,0.4,0.328,0.383,0.636,74.42,0
C_2025_04326,Nov-2025,DeFi,141517.8,48725.38,111375.57,61051.64,73717.53,3,0.6,0.368,0.352,0.614,65.88,0
C_2025_04327,Nov-2025,Token,61915.77,41456.94,72234.8,49433.59,54375.11,0,0.0,0.24,0.399,0.625,83.45,0
C_2025_04328,Nov-2025,Energy,109297.26,42216.03,102555.06,42554.87,62441.99,0,0.0,0.454,0.374,0.643,66.77,0
C_2025_04329,Nov-2025,Token,78742.24,41297.21,99854.55,37977.86,59709.87,0,0.0,0.476,0.357,0.559,56.62,0
C_2025_04330,Nov-2025,NFT,180474.79,37825.53,205391.96197867452,40173.86,46494.63,4,0.2,0.3473641652997711,0.369,0.576,70.2,1
C_2025_04331,Nov-2025,Marketplace,119321.91,54633.42,102158.25,67852.88,74881.52,1,0.2,0.267,0.362,0.617,93.61,0
C_2025_04332,Nov-2025,DeFi,110333.1,45191.28,105289.74,44280.44,64920.49,1,0.2,0.44,0.351,0.595,76.11,0
C_2025_04333,Nov-2025,NFT,183155.43,45579.7,62323.74,50752.22,52885.22,2,0.4,0.132,0.353,0.569,89.1,0
C_2025_04334,Nov-2025,DAO,101580.04,29638.57,42040.26,38469.61,36716.15,1,0.2,0.142,0.378,0.637,63.68,0
C_2025_04335,Nov-2025,Token,48836.05,41534.96,51398.55,50511.22,47814.91,2,0.4,0.093,0.389,0.629,70.41,0
C_2025_04336,Nov-2025,DeFi,134398.1,61476.27,92233.9,58582.06,70764.07,2,0.4,0.215,0.382,0.559,92.52,0
C_2025_04337,Nov-2025,Marketplace,120420.04,37368.71,83856.59,35617.7,52281.0,1,0.2,0.427,0.355,0.622,48.53,0
C_2025_04338,Nov-2025,Marketplace,90948.09,47148.87,82397.29,43890.32,57812.16,1,0.2,0.302,0.392,0.616,62.91,0
C_2025_04339,Nov-2025,DeFi,126318.83,52292.42,218903.35276261088,49931.39,60986.61,5,0.4,0.40099951044288995,0.392,0.615,40.87,1
C_2025_04340,Nov-2025,Marketplace,110039.64,56454.6,83919.07,59644.61,66672.76,2,0.4,0.184,0.39,0.571,62.27,0
C_2025_04341,Nov-2025,DeFi,125765.48,49253.17,80384.9,51635.67,60424.58,0,0.0,0.234,0.35,0.608,56.58,0
C_2025_04342,Nov-2025,DeFi,111919.63,52475.28,121995.62,52550.55,75673.82,1,0.2,0.433,0.359,0.638,84.16,0
C_2025_04343,Nov-2025,DAO,107333.01,57240.61,71109.37,64259.42,64203.13,0,0.0,0.088,0.362,0.566,81.91,0
C_2025_04344,Nov-2025,DeFi,131613.52,43212.08,71290.86,39380.92,51294.62,2,0.4,0.277,0.388,0.587,81.21,0
C_2025_04345,Nov-2025,DAO,122434.84,51773.94,98940.11,50440.8,67051.62,3,0.6,0.336,0.38,0.599,76.9,0
C_2025_04346,Nov-2025,Marketplace,110314.52,53119.89,111098.13,55185.47,73134.5,1,0.2,0.367,0.352,0.578,49.51,0
C_2025_04347,Nov-2025,Token,49089.19,32709.6,71790.99,36010.55,46837.05,1,0.2,0.378,0.393,0.559,94.03,0
C_2025_04348,Nov-2025,NFT,147882.14,49173.54,81658.89,44558.51,58463.65,0,0.0,0.282,0.367,0.605,47.12,0
C_2025_04349,Nov-2025,DeFi,143545.33,53692.35,104380.16,54699.65,70924.05,0,0.0,0.334,0.351,0.623,74.57,0
C_2025_04350,Nov-2025,NFT,156002.24,49547.18,72791.38,60748.26,61028.94,4,0.8,0.156,0.362,0.575,94.27,0
C_2025_04351,Nov-2025,DeFi,148739.34,42028.65,102832.47,51604.39,65488.5,1,0.2,0.408,0.359,0.599,92.36,0
C_2025_04352,Nov-2025,Marketplace,118160.01,36997.08,67359.09,35063.8,46473.33,3,0.6,0.318,0.382,0.572,80.81,0
C_2025_04353,Nov-2025,Wallet,124297.8,56530.2,87145.51,62642.98,68772.89,2,0.4,0.192,0.387,0.572,45.37,0
C_2025_04354,Nov-2025,DeFi,118005.79,49670.04,100247.89,57427.97,69115.3,2,0.4,0.322,0.355,0.625,59.42,0
C_2025_04355,Nov-2025,DeFi,141417.12,55066.71,76916.71,64138.22,65373.88,2,0.4,0.137,0.351,0.561,40.23,0
C_2025_04356,Nov-2025,DeFi,111896.94,41673.8,55986.4,48360.24,48673.48,3,0.6,0.12,0.397,0.641,88.65,0
C_2025_04357,Nov-2025,DeFi,119649.79,57638.52,75427.62,63121.55,65395.89,0,0.0,0.114,0.4,0.586,92.71,0
C_2025_04358,Nov-2025,DAO,104479.03,61332.12,83031.72,61017.93,68460.59,3,0.6,0.151,0.358,0.554,54.32,0
C_2025_04359,Nov-2025,DeFi,122693.96,54146.1,103539.48,58399.97,72028.52,1,0.2,0.31,0.375,0.583,77.89,0
C_2025_04360,Nov-2025,Wallet,120507.18,39235.65,95908.39,46752.45,60632.16,3,0.6,0.415,0.385,0.593,85.02,0
C_2025_04361,Nov-2025,DAO,114016.76,48748.3,94923.8,50762.64,64811.58,1,0.2,0.329,0.357,0.557,57.7,0
C_2025_04362,Nov-2025,Token,47907.41,44890.2,54680.55,50797.87,50122.87,0,0.0,0.08,0.361,0.562,68.62,0
C_2025_04363,Nov-2025,Healthcare,107056.65,46739.52,83533.86,45201.02,58491.46,1,0.2,0.303,0.393,0.629,94.61,0
C_2025_04364,Nov-2025,Marketplace,140258.29,57735.22,140333.51,61189.92,86419.55,1,0.2,0.441,0.377,0.558,83.11,0
C_2025_04365,Nov-2025,Token,59986.65,55843.67,81353.68,65747.44,67648.27,0,0.0,0.155,0.373,0.55,70.49,0
C_2025_04366,Nov-2025,Token,71779.26,49381.3,105495.92,46932.11,67269.78,3,0.6,0.402,0.378,0.59,72.19,0
C_2025_04367,Nov-2025,DeFi,123093.73,52686.54,129649.97,52462.41,78266.3,1,0.2,0.464,0.378,0.588,53.74,0
C_2025_04368,Nov-2025,Token,64681.0,52155.38,90676.58,56601.18,66477.71,0,0.0,0.259,0.37,0.584,65.58,0
C_2025_04369,Nov-2025,Token,62433.86,52978.83,105431.12,48478.54,68962.83,1,0.2,0.375,0.354,0.604,57.07,0
C_2025_04370,Nov-2025,DeFi,124007.61,47942.24,60068.55,44888.77,50966.52,2,0.4,0.129,0.37,0.585,75.45,0
C_2025_04371,Nov-2025,NFT,187587.34,37220.85,80097.34,44083.72,53800.64,0,0.0,0.35,0.4,0.643,46.59,0
C_2025_04372,Nov-2025,Marketplace,87048.67,53594.68,125548.87,63188.55,80777.37,1,0.2,0.395,0.365,0.554,47.77,0
C_2025_04373,Nov-2025,Energy,125958.2,55909.56,101108.08,63743.34,73586.99,0,0.0,0.268,0.366,0.621,60.07,0
C_2025_04374,Nov-2025,Wallet,96704.77,45620.83,308464.1191460795,55831.47,63824.87,4,0.2,0.521755782859902,0.392,0.557,65.95,1
C_2025_04375,Nov-2025,DeFi,131881.15,49450.62,106754.3,55709.26,70638.06,2,0.4,0.363,0.385,0.599,74.89,0
C_2025_04376,Nov-2025,Token,56560.86,68589.83,102537.39,68336.35,79821.19,1,0.2,0.201,0.372,0.602,56.95,0
C_2025_04377,Nov-2025,Wallet,114910.53,55363.44,98554.16,70299.78,74739.13,3,0.6,0.24,0.377,0.557,89.97,0
C_2025_04378,Nov-2025,Marketplace,123015.42,62376.26,493615.04172652116,80930.39,97761.44,4,0.0,0.7315479990552727,0.387,0.608,65.35,1
C_2025_04379,Nov-2025,DeFi,116425.24,62141.13,128374.45,69143.05,86552.88,1,0.2,0.343,0.361,0.6,79.61,0
C_2025_04380,Nov-2025,NFT,175288.35,46795.6,91041.76,56365.18,64734.18,2,0.4,0.294,0.385,0.601,58.32,0
C_2025_04381,Nov-2025,DeFi,123229.25,47482.16,75196.79,51441.97,58040.31,2,0.4,0.211,0.396,0.6,63.3,0
C_2025_04382,Nov-2025,Marketplace,111433.39,45639.37,90536.16,51723.82,62633.12,3,0.6,0.318,0.366,0.582,76.14,0
C_2025_04383,Nov-2025,Energy,127848.3,47796.46,81242.49,47253.63,58764.2,1,0.2,0.271,0.36,0.572,40.89,0
C_2025_04384,Nov-2025,DeFi,119117.29,62492.31,201774.75002800507,65492.13,68272.35,8,1.0,0.1621932877942679,0.364,0.62,94.28,1
C_2025_04385,Nov-2025,Token,66681.84,60187.03,262631.57141634985,62940.68,67338.25,4,0.0,0.23762713725861023,0.366,0.576,61.37,1
C_2025_04386,Nov-2025,Marketplace,107067.1,51886.22,221214.814580372,52116.95,62303.76,6,0.2,0.36312012482469697,0.362,0.644,63.11,1
C_2025_04387,Nov-2025,Wallet,108986.69,41939.72,60383.19,41371.53,47898.15,1,0.2,0.184,0.386,0.629,61.69,0
C_2025_04388,Nov-2025,DeFi,116199.17,62527.0,292102.04536568496,66207.79,72368.07,6,0.2,0.2923289460293068,0.383,0.624,87.3,1
C_2025_04389,Nov-2025,Token,69952.95,53921.12,100946.7,59889.54,71585.79,2,0.4,0.292,0.37,0.583,80.61,0
C_2025_04390,Nov-2025,Token,49007.34,35344.36,73155.79,40939.36,49813.17,3,0.6,0.335,0.378,0.605,66.72,0
C_2025_04391,Nov-2025,DeFi,140301.99,43671.89,63980.87,56077.96,54576.91,3,0.6,0.153,0.372,0.615,84.14,0
C_2025_04392,Nov-2025,Wallet,113092.25,48714.54,72451.64,60721.25,60629.14,2,0.4,0.16,0.355,0.585,63.47,0
C_2025_04393,Nov-2025,NFT,209136.3,48801.91,80898.5,51858.72,60519.71,2,0.4,0.239,0.391,0.649,91.69,0
C_2025_04394,Nov-2025,Healthcare,114938.05,58561.94,91453.23,68035.63,72683.6,1,0.2,0.19,0.363,0.59,75.26,0
C_2025_04395,Nov-2025,Wallet,115738.56,35778.11,84758.65,36423.55,52320.11,2,0.4,0.438,0.353,0.584,54.23,0
C_2025_04396,Nov-2025,DeFi,137227.28,55575.11,130596.5,63116.72,83096.11,1,0.2,0.406,0.379,0.612,61.61,0
C_2025_04397,Nov-2025,Token,66438.08,54486.15,124703.86,62558.62,80582.88,2,0.4,0.389,0.38,0.59,48.24,0
C_2025_04398,Nov-2025,NFT,140989.9,43778.81,152459.8899695923,53827.42,52175.88,4,0.2,0.23337523712998387,0.375,0.625,41.01,1
C_2025_04399,Nov-2025,DeFi,111553.92,72060.28,170133.69,80879.64,107691.2,0,0.0,0.411,0.369,0.612,42.53,0
C_2025_04400,Nov-2025,Token,61318.11,65347.74,87151.87,81193.49,77897.7,0,0.0,0.118,0.366,0.568,90.97,0
C_2025_04401,Nov-2025,NFT,191176.06,57456.02,72233.41,63723.36,64470.93,1,0.2,0.094,0.366,0.635,41.27,0
C_2025_04402,Nov-2025,DeFi,109576.07,62911.78,382410.90561087074,61601.14,84824.02,4,0.2,0.709548353744631,0.399,0.647,53.69,1
C_2025_04403,Nov-2025,DeFi,133001.02,42955.14,260545.24115149525,51746.97,56566.94,5,0.4,0.39746632863665565,0.356,0.618,66.87,1
C_2025_04404,Nov-2025,Token,62754.77,51989.53,82713.85,66551.72,67085.03,4,0.8,0.187,0.355,0.63,84.25,0
C_2025_04405,Nov-2025,NFT,199900.18,64873.95,155008.57,62966.62,94283.05,1,0.2,0.456,0.357,0.594,85.17,0
C_2025_04406,Nov-2025,DAO,108503.48,46172.75,64938.65,42238.12,51116.5,1,0.2,0.194,0.371,0.564,66.87,0
C_2025_04407,Nov-2025,NFT,178179.87,52152.97,119682.23,63725.27,78520.16,2,0.4,0.376,0.36,0.636,65.18,0
C_2025_04408,Nov-2025,DeFi,138425.33,65344.89,247044.09108924706,71416.16,77739.75,9,0.8,0.3339699658985652,0.367,0.588,67.09,1
C_2025_04409,Nov-2025,DAO,110968.01,46740.5,77832.9,52567.67,59047.02,0,0.0,0.229,0.366,0.627,67.56,0
C_2025_04410,Nov-2025,DeFi,140131.02,57845.38,340757.5265220058,52233.07,81260.69,4,0.2,0.9136097877470915,0.397,0.618,65.11,1
C_2025_04411,Nov-2025,Wallet,109758.37,41218.67,73097.73,49931.37,54749.26,1,0.2,0.246,0.354,0.555,64.15,0
C_2025_04412,Nov-2025,Token,70758.33,34060.86,72396.6,31199.84,45885.77,2,0.4,0.409,0.376,0.599,61.44,0
C_2025_04413,Nov-2025,NFT,185118.31,45560.54,70980.22,58283.3,58274.68,3,0.6,0.178,0.378,0.644,42.15,0
C_2025_04414,Nov-2025,DAO,107773.31,49308.28,95690.81,46669.32,63889.47,2,0.4,0.352,0.388,0.556,48.23,0
C_2025_04415,Nov-2025,Wallet,120629.02,44737.77,103128.53,44207.72,64024.67,0,0.0,0.432,0.392,0.615,48.68,0
C_2025_04416,Nov-2025,DeFi,145766.72,51303.36,66200.29,47891.1,55131.59,1,0.2,0.144,0.359,0.632,81.27,0
C_2025_04417,Nov-2025,DeFi,115136.31,51259.61,127364.02,56181.22,78268.28,3,0.6,0.444,0.371,0.56,90.96,0
C_2025_04418,Nov-2025,NFT,165494.56,56879.52,123958.55,68545.05,83127.71,1,0.2,0.352,0.363,0.629,48.46,0
C_2025_04419,Nov-2025,Marketplace,95351.19,59480.61,238377.01236016015,56475.76,63376.96,5,0.2,0.18681303476457936,0.382,0.591,78.1,1
C_2025_04420,Nov-2025,Token,49339.69,49423.22,68676.77,51224.16,56441.38,2,0.4,0.154,0.383,0.568,52.2,0
C_2025_04421,Nov-2025,Token,50384.92,52171.3,107476.73,66899.81,75515.94,0,0.0,0.31,0.379,0.642,49.71,0
C_2025_04422,Nov-2025,Wallet,99266.52,47468.62,96581.98,55427.07,66492.56,3,0.6,0.324,0.398,0.572,46.69,0
C_2025_04423,Nov-2025,NFT,167598.25,51984.04,116953.08,59449.44,76128.85,2,0.4,0.381,0.375,0.625,63.85,0
C_2025_04424,Nov-2025,DeFi,106651.32,55913.2,77115.08,57923.66,63650.65,0,0.0,0.15,0.351,0.565,88.57,0
C_2025_04425,Nov-2025,NFT,182912.22,62487.62,91918.18,78186.0,77530.6,1,0.2,0.155,0.371,0.569,60.68,0
C_2025_04426,Nov-2025,Marketplace,82939.87,49573.5,101831.77,63174.83,71526.7,1,0.2,0.309,0.387,0.603,63.59,0
C_2025_04427,Nov-2025,NFT,150010.1,52875.55,95502.31,58255.54,68877.8,1,0.2,0.275,0.374,0.595,51.52,0
C_2025_04428,Nov-2025,DeFi,121803.4,61457.63,103337.6,72924.78,79240.0,2,0.4,0.223,0.381,0.64,44.72,0
C_2025_04429,Nov-2025,Energy,111429.41,32998.14,69025.92,30881.44,44301.84,1,0.2,0.395,0.393,0.553,48.44,0
C_2025_04430,Nov-2025,Wallet,114667.3,52594.56,130273.86,49769.49,77545.97,1,0.2,0.481,0.358,0.567,43.49,0
C_2025_04431,Nov-2025,DeFi,151114.91,61583.13,89802.9,80018.93,77134.99,4,0.8,0.152,0.363,0.562,71.34,0
C_2025_04432,Nov-2025,Healthcare,122701.38,46419.97,294297.7872779483,46911.43,64664.17,4,0.0,0.6031446333348752,0.362,0.607,44.34,1
C_2025_04433,Nov-2025,DeFi,149246.83,59462.43,84449.26,67699.6,70537.1,3,0.6,0.147,0.37,0.638,61.25,0
C_2025_04434,Nov-2025,Healthcare,131877.67,43468.15,89771.84,39519.54,57586.51,1,0.2,0.396,0.381,0.606,75.8,0
C_2025_04435,Nov-2025,DeFi,111205.56,56287.81,85580.22,58995.98,66954.67,1,0.2,0.197,0.38,0.572,88.63,0
C_2025_04436,Nov-2025,Healthcare,97199.3,49099.88,72513.41,54792.53,58801.94,2,0.4,0.17,0.396,0.56,76.77,0
C_2025_04437,Nov-2025,Token,62243.08,55136.34,75889.32,59693.79,63573.15,4,0.8,0.14,0.372,0.558,57.37,0
C_2025_04438,Nov-2025,DAO,116073.93,58333.32,145497.57,56516.92,86782.6,2,0.4,0.478,0.358,0.593,61.1,0
C_2025_04439,Nov-2025,NFT,174308.94,53034.17,372686.99396373745,66567.76,80866.8,4,0.0,0.7379928259905966,0.386,0.578,45.21,1
C_2025_04440,Nov-2025,DeFi,124283.11,55504.14,91524.96,57146.82,68058.64,0,0.0,0.244,0.372,0.593,62.48,0
C_2025_04441,Nov-2025,Healthcare,107087.42,55044.25,225863.2195108609,53468.59,58913.26,9,0.8,0.1786367066280701,0.356,0.602,76.59,1
C_2025_04442,Nov-2025,DeFi,135224.11,40839.09,94931.98,48640.48,61470.51,2,0.4,0.388,0.36,0.554,47.97,0
C_2025_04443,Nov-2025,Token,64423.35,50857.5,275811.1847297687,59840.3,71833.73,6,0.4,0.6214333011401341,0.371,0.642,40.52,1
C_2025_04444,Nov-2025,Token,64909.82,44622.16,72719.09,47446.39,54929.22,4,0.8,0.23,0.388,0.631,70.24,0
C_2025_04445,Nov-2025,DeFi,107198.99,48729.31,91233.31,63144.09,67702.24,1,0.2,0.261,0.385,0.571,72.37,0
C_2025_04446,Nov-2025,DeFi,142565.4,46490.53,98986.68,57206.9,67561.37,0,0.0,0.335,0.352,0.635,61.27,0
C_2025_04447,Nov-2025,DeFi,112121.92,50449.69,97705.9,60081.68,69412.42,2,0.4,0.294,0.375,0.566,88.17,0
C_2025_04448,Nov-2025,NFT,171882.43,55389.93,88483.9,56039.45,66637.76,3,0.6,0.232,0.374,0.618,89.34,0
C_2025_04449,Nov-2025,Wallet,91663.52,42283.8,100925.31,38859.37,60689.49,1,0.2,0.469,0.357,0.589,79.74,0
C_2025_04450,Nov-2025,NFT,146299.76,41970.33,313916.3502880993,54371.99,63122.69,12,1.0,0.5541319594555817,0.395,0.618,81.87,1
C_2025_04451,Nov-2025,NFT,150738.11,48488.54,108600.92,50552.08,69213.85,0,0.0,0.403,0.363,0.553,44.98,0
C_2025_04452,Nov-2025,DAO,122320.18,52077.37,92858.61,59911.02,68282.33,2,0.4,0.259,0.368,0.614,51.97,0
C_2025_04453,Nov-2025,Healthcare,87883.39,50361.04,99769.71,53952.93,68027.89,1,0.2,0.331,0.359,0.628,52.22,0
C_2025_04454,Nov-2025,DeFi,128729.01,62392.74,80729.75,60282.44,67801.64,2,0.4,0.135,0.385,0.632,58.19,0
C_2025_04455,Nov-2025,NFT,139477.42,53893.31,70281.2,57116.33,60430.28,2,0.4,0.117,0.368,0.596,57.5,0
C_2025_04456,Nov-2025,DeFi,120630.8,51284.44,115369.72,49708.3,72120.82,2,0.4,0.424,0.391,0.57,77.24,0
C_2025_04457,Nov-2025,Token,63026.02,48372.04,116546.86,46715.57,70544.82,1,0.2,0.461,0.374,0.642,54.52,0
C_2025_04458,Nov-2025,NFT,128825.17,58730.46,256786.35859451984,66298.53,73719.91,6,0.2,0.37988079757243015,0.393,0.555,44.69,1
C_2025_04459,Nov-2025,DeFi,136397.59,60097.46,104919.26,69213.69,78076.8,0,0.0,0.248,0.388,0.604,92.62,0
C_2025_04460,Nov-2025,DeFi,114995.15,53158.58,252063.732400807,49072.22,66340.92,5,0.4,0.6140804411703779,0.398,0.644,92.41,1
C_2025_04461,Nov-2025,NFT,189485.27,42926.75,104268.95,48436.32,65210.67,0,0.0,0.425,0.391,0.638,78.68,0
C_2025_04462,Nov-2025,Token,57759.05,45167.01,90855.73,49372.97,61798.57,1,0.2,0.334,0.357,0.586,54.23,0
C_2025_04463,Nov-2025,Token,52928.87,60875.42,127178.61,73508.24,87187.42,0,0.0,0.33,0.396,0.629,74.47,0
C_2025_04464,Nov-2025,DAO,107096.07,53381.3,93322.63,49874.94,65526.29,2,0.4,0.301,0.353,0.553,63.09,0
C_2025_04465,Nov-2025,DeFi,138837.28,44338.3,91751.78,45683.12,60591.07,0,0.0,0.364,0.359,0.619,94.46,0
C_2025_04466,Nov-2025,DeFi,145639.73,45206.81,105206.43,41557.37,63990.2,3,0.6,0.456,0.362,0.647,53.38,0
C_2025_04467,Nov-2025,DAO,99487.66,63807.15,519326.80544301827,62142.36,94382.11,6,0.6,0.9249172217366836,0.37,0.596,53.9,1
C_2025_04468,Nov-2025,Healthcare,113677.97,64799.77,98139.58,71093.92,78011.09,2,0.4,0.185,0.352,0.628,58.17,0
C_2025_04469,Nov-2025,DeFi,132635.87,55175.05,97503.65,62115.3,71598.0,2,0.4,0.259,0.355,0.61,74.26,0
C_2025_04470,Nov-2025,NFT,134985.71,43841.28,80580.38,55243.5,59888.39,2,0.4,0.256,0.375,0.576,60.24,0
C_2025_04471,Nov-2025,Token,51773.46,39938.1,62402.57,39623.54,47321.4,1,0.2,0.225,0.385,0.587,84.11,0
C_2025_04472,Nov-2025,Marketplace,106303.62,47605.05,99188.65,60266.38,69020.03,0,0.0,0.318,0.354,0.643,46.45,0
C_2025_04473,Nov-2025,DAO,111670.06,49352.88,356519.15486060816,51184.03,70424.86,5,0.4,0.7326341203259665,0.385,0.604,71.49,1
C_2025_04474,Nov-2025,NFT,164197.84,66420.55,258866.55788446064,78204.74,82602.34,7,0.8,0.3694008829214996,0.376,0.586,55.25,1
C_2025_04475,Nov-2025,DeFi,159933.8,55213.47,108645.9,70770.85,78210.07,1,0.2,0.287,0.383,0.61,40.1,0
C_2025_04476,Nov-2025,DeFi,113483.84,43284.93,99204.27,53954.65,65481.28,1,0.2,0.37,0.36,0.568,53.06,0
C_2025_04477,Nov-2025,Token,64037.37,37330.25,60308.28,41956.54,46531.69,3,0.6,0.213,0.352,0.574,45.6,0
C_2025_04478,Nov-2025,Wallet,125160.5,39188.03,73461.11,39076.35,50575.16,1,0.2,0.32,0.361,0.618,50.85,0
C_2025_04479,Nov-2025,DAO,106087.48,52542.09,98603.01,56163.75,69102.95,2,0.4,0.303,0.395,0.569,57.57,0
C_2025_04480,Nov-2025,Marketplace,93947.9,42641.17,98467.71,44004.54,61704.47,4,0.8,0.421,0.377,0.629,48.42,0
C_2025_04481,Nov-2025,Wallet,124985.77,55042.76,346469.4860092117,70754.01,82106.14,3,0.0,0.5560619651375055,0.367,0.598,57.04,1
C_2025_04482,Nov-2025,NFT,156551.35,45666.03,103060.77,57686.58,68804.46,0,0.0,0.359,0.358,0.573,67.99,0
C_2025_04483,Nov-2025,Token,57057.45,53098.82,130776.76,66878.46,83584.68,1,0.2,0.405,0.374,0.567,73.02,0
C_2025_04484,Nov-2025,Token,70953.76,44120.38,89882.19,49796.11,61266.23,2,0.4,0.332,0.381,0.646,73.06,0
C_2025_04485,Nov-2025,DeFi,138965.73,51425.65,96158.65,66778.42,71454.24,0,0.0,0.26,0.377,0.571,64.93,0
C_2025_04486,Nov-2025,DeFi,122535.58,45273.56,66735.03,46541.78,52850.12,0,0.0,0.186,0.39,0.572,62.91,0
C_2025_04487,Nov-2025,DeFi,125532.08,59164.26,81882.75,55801.24,65616.08,3,0.6,0.177,0.366,0.56,82.59,0
C_2025_04488,Nov-2025,Token,63789.22,35758.63,267977.35490902956,42942.05,54930.65,3,0.0,0.7176496740086296,0.35,0.629,70.39,1
C_2025_04489,Nov-2025,Wallet,100883.51,53902.03,125789.13,65185.34,81625.5,2,0.4,0.387,0.358,0.643,49.73,0
C_2025_04490,Nov-2025,Energy,107777.52,48164.66,106096.93,60485.74,71582.45,3,0.6,0.348,0.393,0.593,65.03,0
C_2025_04491,Nov-2025,Marketplace,98698.84,45751.02,83648.43,43872.12,57757.19,0,0.0,0.317,0.394,0.642,93.03,0
C_2025_04492,Nov-2025,DeFi,146351.6,55808.27,127606.72,64936.76,82783.92,1,0.2,0.385,0.362,0.634,78.29,0
C_2025_04493,Nov-2025,DeFi,122918.07,49645.21,76754.76,59155.2,61851.73,2,0.4,0.182,0.38,0.647,89.56,0
C_2025_04494,Nov-2025,Marketplace,109757.55,46015.67,74927.78,50812.43,57251.96,1,0.2,0.221,0.389,0.598,94.56,0
C_2025_04495,Nov-2025,Marketplace,123425.77,58696.01,114858.97,75646.48,83067.15,1,0.2,0.283,0.396,0.604,59.46,0
C_2025_04496,Nov-2025,Token,71398.06,61705.28,98625.58,62888.26,74406.37,1,0.2,0.23,0.397,0.568,50.66,0
C_2025_04497,Nov-2025,Wallet,125842.05,56925.07,122837.82,59773.03,79845.31,2,0.4,0.381,0.391,0.574,87.31,0
C_2025_04498,Nov-2025,DeFi,143951.53,50722.2,74160.74,64641.65,63174.87,2,0.4,0.152,0.398,0.594,67.42,0
C_2025_04499,Nov-2025,Marketplace,101446.47,57460.59,90727.05,69534.15,72573.93,0,0.0,0.189,0.391,0.613,69.65,0
C_2025_04500,Nov-2025,DeFi,140627.03,44638.58,100277.85,48797.86,64571.43,1,0.2,0.392,0.388,0.614,51.36,0
C_2025_04501,Nov-2025,Token,67393.34,51843.94,66205.82,62677.68,60242.48,2,0.4,0.101,0.369,0.647,45.17,0
C_2025_04502,Nov-2025,DAO,121393.31,76699.06,152517.0,79177.74,102797.93,2,0.4,0.342,0.375,0.577,50.39,0
C_2025_04503,Nov-2025,Token,65609.43,54539.65,108285.66,66165.23,76330.18,0,0.0,0.302,0.386,0.567,80.73,0
C_2025_04504,Nov-2025,NFT,179041.36,48256.18,100629.64,50879.2,66588.34,1,0.2,0.362,0.395,0.562,65.96,0
C_2025_04505,Nov-2025,Token,56122.22,52174.86,107888.91,67652.2,75905.32,2,0.4,0.309,0.355,0.573,70.45,0
C_2025_04506,Nov-2025,DeFi,137627.57,52731.74,117688.07,50104.97,73508.26,2,0.4,0.425,0.379,0.551,43.73,0
C_2025_04507,Nov-2025,Token,54621.22,50822.0,97029.52,52940.53,66930.68,9,1.0,0.318,0.384,0.643,69.7,0
C_2025_04508,Nov-2025,DeFi,131748.36,39139.31,82937.1,47276.97,56451.12,1,0.2,0.337,0.396,0.627,54.89,0
C_2025_04509,Nov-2025,Energy,103638.11,58692.67,94269.86,73085.91,75349.48,2,0.4,0.194,0.359,0.641,89.43,0
C_2025_04510,Nov-2025,Energy,87734.59,46464.57,74044.67,58493.22,59667.48,1,0.2,0.189,0.387,0.571,53.96,0
C_2025_04511,Nov-2025,Wallet,126466.02,39897.1,90276.67,44632.18,58268.65,0,0.0,0.39,0.372,0.563,44.86,0
C_2025_04512,Nov-2025,Marketplace,116350.61,50831.66,116348.35,61495.56,76225.19,4,0.8,0.377,0.355,0.596,90.86,0
C_2025_04513,Nov-2025,DAO,94835.74,52662.8,107628.56,57201.54,72497.63,1,0.2,0.344,0.386,0.618,94.09,0
C_2025_04514,Nov-2025,Wallet,122550.94,51461.72,173436.72864147386,48845.24,54571.47,4,0.2,0.18280201624453163,0.372,0.57,72.41,1
C_2025_04515,Nov-2025,Energy,121537.84,70985.48,93539.19,90209.07,84911.25,1,0.2,0.117,0.384,0.582,67.82,0
C_2025_04516,Nov-2025,Token,71486.33,47291.04,117857.54,45610.92,70253.17,0,0.0,0.479,0.361,0.609,49.57,0
C_2025_04517,Nov-2025,Token,62041.05,60091.69,119804.35,65034.06,81643.37,1,0.2,0.331,0.386,0.615,75.72,0
C_2025_04518,Nov-2025,Token,62987.06,49642.52,104051.37,61149.09,71614.33,0,0.0,0.327,0.372,0.566,73.6,0
C_2025_04519,Nov-2025,Healthcare,117778.91,58884.65,95009.09,56287.43,70060.39,2,0.4,0.252,0.379,0.575,86.27,0
C_2025_04520,Nov-2025,DeFi,126943.45,41080.39,62814.77,48304.0,50733.05,2,0.4,0.178,0.35,0.572,94.95,0
C_2025_04521,Nov-2025,DeFi,155649.28,39230.73,93228.35,35629.73,56029.6,1,0.2,0.47,0.364,0.572,85.25,0
C_2025_04522,Nov-2025,Healthcare,102615.65,48555.12,64379.55,46586.0,53173.55,5,1.0,0.15,0.364,0.606,62.99,0
C_2025_04523,Nov-2025,DeFi,119948.67,50108.71,123421.13,46263.75,73264.53,0,0.0,0.485,0.384,0.566,45.88,0
C_2025_04524,Nov-2025,DAO,99828.85,42632.63,78793.99,45850.92,55759.18,2,0.4,0.293,0.357,0.638,74.87,0
C_2025_04525,Nov-2025,Token,58324.13,53700.6,132096.74,56179.57,80658.97,1,0.2,0.451,0.358,0.616,41.22,0
C_2025_04526,Nov-2025,Token,73185.06,48376.71,288781.48861368344,53799.36,62167.06,6,0.2,0.4868064454790705,0.366,0.572,44.46,1
C_2025_04527,Nov-2025,DeFi,127759.6,47275.97,101993.9,46436.73,65235.53,2,0.4,0.398,0.396,0.641,43.49,0
C_2025_04528,Nov-2025,Marketplace,111031.53,56263.02,106514.14,66688.87,76488.68,3,0.6,0.283,0.389,0.563,79.95,0
C_2025_04529,Nov-2025,Energy,81947.94,54574.42,334943.68477068894,65977.34,76510.15,7,0.8,0.5494950728743211,0.394,0.619,42.15,1
C_2025_04530,Nov-2025,Token,77440.1,53778.19,130369.83,60671.51,81606.51,2,0.4,0.424,0.358,0.625,52.86,0
C_2025_04531,Nov-2025,Marketplace,118614.45,39814.06,88617.69,45106.65,57846.13,1,0.2,0.378,0.363,0.614,85.62,0
C_2025_04532,Nov-2025,DeFi,126014.6,50170.84,104356.65,61481.0,72002.83,1,0.2,0.324,0.376,0.554,62.88,0
C_2025_04533,Nov-2025,NFT,157233.72,47965.24,64676.46,59036.8,57226.17,0,0.0,0.121,0.384,0.631,47.19,0
C_2025_04534,Nov-2025,Energy,116376.87,40847.24,65777.97,44546.74,50390.65,1,0.2,0.218,0.381,0.644,43.16,0
C_2025_04535,Nov-2025,DAO,111027.18,44495.99,344210.17837738595,43970.47,65799.01,6,0.2,0.768570485156057,0.368,0.554,61.4,1
C_2025_04536,Nov-2025,DeFi,136286.22,50391.64,114081.85,61922.57,75465.35,1,0.2,0.367,0.38,0.602,68.41,0
C_2025_04537,Nov-2025,Token,64875.95,42068.48,58704.98,44964.72,48579.39,0,0.0,0.149,0.393,0.551,91.66,0
C_2025_04538,Nov-2025,DeFi,136009.7,54604.49,135272.55,50319.56,80065.53,2,0.4,0.488,0.379,0.589,63.97,0
C_2025_04539,Nov-2025,DeFi,131213.26,56906.14,75186.71,72548.87,68213.91,0,0.0,0.118,0.395,0.647,88.28,0
C_2025_04540,Nov-2025,NFT,198033.52,56700.86,119629.02,61475.62,79268.5,1,0.2,0.361,0.387,0.613,72.17,0
C_2025_04541,Nov-2025,Energy,124295.05,55292.72,120142.42,52094.51,75843.22,1,0.2,0.413,0.377,0.556,81.94,0
C_2025_04542,Nov-2025,Token,62533.32,45754.25,101462.97,42122.46,63113.23,4,0.8,0.43,0.361,0.608,57.0,0
C_2025_04543,Nov-2025,Wallet,101046.0,45137.77,247534.3599292014,54969.36,62875.0,7,0.4,0.5702464160895937,0.384,0.628,53.93,1
C_2025_04544,Nov-2025,DeFi,134598.9,35110.99,62416.85,41512.25,46346.69,1,0.2,0.252,0.358,0.64,52.51,0
C_2025_04545,Nov-2025,Token,72130.39,63110.74,116939.98,81276.04,87108.92,0,0.0,0.257,0.376,0.606,41.24,0
C_2025_04546,Nov-2025,DeFi,150728.41,46559.65,84386.04,58204.75,63050.15,4,0.8,0.251,0.385,0.605,71.16,0
C_2025_04547,Nov-2025,Marketplace,115597.09,46466.03,74614.14,51776.85,57619.01,1,0.2,0.212,0.399,0.63,74.05,0
C_2025_04548,Nov-2025,Healthcare,104926.61,72321.85,106057.31,75157.16,84512.11,2,0.4,0.181,0.379,0.642,68.51,0
C_2025_04549,Nov-2025,Token,59667.12,38860.88,65604.97,46084.61,50183.48,1,0.2,0.225,0.394,0.584,47.44,0
C_2025_04550,Nov-2025,Marketplace,93558.53,60914.41,115382.98,70274.9,82190.76,2,0.4,0.289,0.365,0.639,47.5,0
C_2025_04551,Nov-2025,Marketplace,104415.39,46917.95,88943.24,43104.24,59655.15,2,0.4,0.348,0.364,0.641,54.88,0
C_2025_04552,Nov-2025,DeFi,137621.72,51256.35,88214.84,49440.36,62970.52,0,0.0,0.284,0.398,0.626,90.54,0
C_2025_04553,Nov-2025,Healthcare,97722.42,60329.7,82043.66,76722.65,73032.0,1,0.2,0.127,0.379,0.561,57.01,0
C_2025_04554,Nov-2025,Token,58813.35,52133.13,71725.58,57567.24,60475.32,1,0.2,0.137,0.352,0.646,41.51,0
C_2025_04555,Nov-2025,DAO,114580.69,38481.97,90912.55,42039.36,57144.62,2,0.4,0.419,0.374,0.614,58.25,0
C_2025_04556,Nov-2025,NFT,192645.73,58242.17,101773.68,54467.0,71494.28,0,0.0,0.3,0.368,0.558,82.99,0
C_2025_04557,Nov-2025,Token,74854.4,40170.76,66293.51,48943.06,51802.44,3,0.6,0.21,0.369,0.592,92.81,0
C_2025_04558,Nov-2025,DeFi,159412.16,57294.64,126999.57,64587.16,82960.45,1,0.2,0.377,0.353,0.622,86.68,0
C_2025_04559,Nov-2025,DeFi,148451.53,32295.82,51656.23,34882.34,39611.46,0,0.0,0.217,0.388,0.599,70.09,0
C_2025_04560,Nov-2025,Marketplace,111276.36,46781.87,226597.89042084967,49278.05,54840.99,6,0.2,0.3450302667583102,0.361,0.635,63.53,1
C_2025_04561,Nov-2025,Token,77177.27,61984.57,123292.27,69653.74,84976.86,3,0.6,0.321,0.355,0.559,66.4,0
C_2025_04562,Nov-2025,Token,67224.38,55934.71,115783.8,53869.0,75195.83,1,0.2,0.382,0.389,0.564,69.66,0
C_2025_04563,Nov-2025,Healthcare,105672.76,58130.49,140875.23,71042.45,90016.06,3,0.6,0.404,0.356,0.619,70.98,0
C_2025_04564,Nov-2025,DeFi,148102.28,40967.07,52462.27,37643.96,43691.1,1,0.2,0.145,0.386,0.645,76.39,0
C_2025_04565,Nov-2025,Token,75780.22,50417.37,103373.58,49969.31,67920.09,3,0.6,0.369,0.367,0.556,88.04,0
C_2025_04566,Nov-2025,Token,66547.89,54984.96,120616.95,64192.76,79931.56,2,0.4,0.363,0.39,0.558,65.44,0
C_2025_04567,Nov-2025,Token,76557.04,45291.2,83869.73,47097.43,58752.78,2,0.4,0.303,0.395,0.561,40.99,0
C_2025_04568,Nov-2025,Marketplace,107637.74,48332.77,91805.92,55580.09,65239.59,1,0.2,0.291,0.357,0.599,71.1,0
C_2025_04569,Nov-2025,Wallet,97864.24,44326.61,57836.06,40359.29,47507.32,0,0.0,0.157,0.387,0.584,41.51,0
C_2025_04570,Nov-2025,DeFi,177217.99,55701.17,97883.4,52597.11,68727.23,2,0.4,0.301,0.369,0.566,81.45,0
C_2025_04571,Nov-2025,Marketplace,100661.49,51496.63,87105.65,64959.11,67853.8,1,0.2,0.216,0.382,0.57,68.81,0
C_2025_04572,Nov-2025,DeFi,143263.26,53379.07,112109.69,56248.94,73912.57,3,0.6,0.366,0.394,0.567,46.95,0
C_2025_04573,Nov-2025,DAO,98699.63,37927.73,84927.37,40039.29,54298.13,0,0.0,0.399,0.382,0.617,84.78,0
C_2025_04574,Nov-2025,NFT,159460.94,48481.36,93034.8,45979.67,62498.61,0,0.0,0.346,0.389,0.59,68.88,0
C_2025_04575,Nov-2025,Token,56838.61,63428.77,80330.7,63498.38,69085.95,0,0.0,0.115,0.399,0.624,64.84,0
C_2025_04576,Nov-2025,Token,54799.52,45745.65,60974.47,55292.75,54004.29,2,0.4,0.116,0.384,0.562,44.94,0
C_2025_04577,Nov-2025,Token,67115.18,47489.73,97463.44,45893.39,63615.52,2,0.4,0.376,0.396,0.641,70.41,0
C_2025_04578,Nov-2025,Token,76534.27,59935.02,92060.73,62699.73,71565.16,0,0.0,0.203,0.396,0.622,42.55,0
C_2025_04579,Nov-2025,Token,48908.81,55064.18,124438.12,57130.19,78877.5,1,0.2,0.409,0.378,0.579,49.07,0
C_2025_04580,Nov-2025,Token,77164.84,60464.2,149852.04,70600.56,93638.93,3,0.6,0.427,0.376,0.644,73.94,0
C_2025_04581,Nov-2025,Marketplace,104285.8,51970.34,320882.60116642143,52275.55,71713.36,3,0.0,0.6560211844178019,0.392,0.619,62.42,1
C_2025_04582,Nov-2025,DeFi,109807.65,47561.46,57664.29,49451.73,51559.16,0,0.0,0.085,0.371,0.633,46.31,0
C_2025_04583,Nov-2025,Healthcare,112815.55,45732.52,76896.83,54406.57,59011.97,3,0.6,0.223,0.367,0.606,47.8,0
C_2025_04584,Nov-2025,NFT,220087.65,53308.71,214034.54814226824,62161.29,61959.59,9,1.0,0.19395453803487905,0.374,0.578,67.96,1
C_2025_04585,Nov-2025,DeFi,136619.6,42806.81,52755.64,42560.72,46041.06,0,0.0,0.103,0.397,0.564,88.99,0
C_2025_04586,Nov-2025,Marketplace,114108.16,43173.11,69761.35,44312.92,52415.79,2,0.4,0.234,0.379,0.624,94.04,0
C_2025_04587,Nov-2025,Wallet,116551.29,64217.94,111217.21,73082.92,82839.36,1,0.2,0.246,0.384,0.57,66.95,0
C_2025_04588,Nov-2025,DeFi,117009.76,41112.91,82145.24,38062.08,53773.41,0,0.0,0.374,0.357,0.567,50.88,0
C_2025_04589,Nov-2025,Token,62672.84,61995.78,112269.21,71774.6,82013.2,1,0.2,0.265,0.393,0.649,46.7,0
C_2025_04590,Nov-2025,Token,64804.92,49590.81,114074.99,57574.95,73746.92,1,0.2,0.389,0.373,0.581,88.27,0
C_2025_04591,Nov-2025,DeFi,120310.05,71853.27,129666.38,91564.82,97694.83,1,0.2,0.246,0.372,0.579,94.28,0
C_2025_04592,Nov-2025,Energy,101604.01,48904.13,84827.91,50299.86,61343.97,1,0.2,0.271,0.352,0.56,55.57,0
C_2025_04593,Nov-2025,Healthcare,122142.12,46328.94,71860.38,42279.66,53489.66,3,0.6,0.245,0.389,0.551,90.82,0
C_2025_04594,Nov-2025,Marketplace,111615.68,58781.91,91750.07,53675.99,68069.32,3,0.6,0.248,0.382,0.649,78.89,0
C_2025_04595,Nov-2025,DeFi,127288.48,43839.55,58829.98,55451.08,52706.87,2,0.4,0.122,0.356,0.618,86.39,0
C_2025_04596,Nov-2025,DeFi,124518.53,39312.18,200344.5162647324,47902.3,55348.31,5,0.2,0.4797206723255576,0.377,0.638,87.74,1
C_2025_04597,Nov-2025,DeFi,129213.56,42262.19,93300.59,40420.21,58661.0,2,0.4,0.418,0.361,0.579,71.77,0
C_2025_04598,Nov-2025,Marketplace,94084.08,47555.31,107088.95,43983.71,66209.32,2,0.4,0.437,0.369,0.607,83.78,0
C_2025_04599,Nov-2025,DAO,91595.77,69420.56,173454.68,84940.6,109271.95,1,0.2,0.419,0.362,0.626,86.49,0
C_2025_04600,Nov-2025,DeFi,131052.79,53966.11,287519.45404296176,58198.32,74658.72,6,0.2,0.5406619386501379,0.387,0.552,41.57,1
C_2025_04601,Nov-2025,NFT,181871.27,51379.23,103884.88,61172.69,72145.6,2,0.4,0.316,0.397,0.644,64.3,0
C_2025_04602,Nov-2025,Token,67365.26,48295.0,102431.5,43624.45,64783.65,0,0.0,0.412,0.399,0.554,55.54,0
C_2025_04603,Nov-2025,NFT,148527.77,51626.9,231089.94118173208,53753.26,60968.92,5,0.2,0.33328852946515325,0.375,0.578,57.22,1
C_2025_04604,Nov-2025,Marketplace,102806.33,52699.73,95836.35,65186.74,71240.94,1,0.2,0.254,0.394,0.636,88.41,0
C_2025_04605,Nov-2025,Token,69681.37,50744.31,319333.2231098301,54106.31,73256.3,6,0.2,0.7762041519140026,0.378,0.576,55.6,1
C_2025_04606,Nov-2025,Token,62325.91,42941.77,78403.4,48959.7,56768.29,2,0.4,0.273,0.382,0.578,84.78,0
C_2025_04607,Nov-2025,DeFi,144646.61,52679.11,74168.87,55432.4,60760.13,0,0.0,0.157,0.361,0.589,89.2,0
C_2025_04608,Nov-2025,Energy,86941.48,55169.44,119771.14,50086.85,75009.14,1,0.2,0.423,0.379,0.611,51.63,0
C_2025_04609,Nov-2025,Token,69248.97,48395.96,119352.59,49596.93,72448.49,1,0.2,0.458,0.368,0.629,67.56,0
C_2025_04610,Nov-2025,Marketplace,114499.0,58144.6,117312.39,53118.11,76191.7,3,0.6,0.383,0.399,0.579,62.51,0
C_2025_04611,Nov-2025,Token,67005.83,38269.68,73673.96,43723.02,51888.89,3,0.6,0.3,0.363,0.563,63.38,0
C_2025_04612,Nov-2025,Wallet,113559.26,37471.03,50571.78,42016.38,43353.06,0,0.0,0.125,0.388,0.646,56.88,0
C_2025_04613,Nov-2025,Token,62177.17,36875.91,73971.82,35975.59,48941.11,1,0.2,0.362,0.35,0.602,46.33,0
C_2025_04614,Nov-2025,NFT,157621.89,54144.0,122505.93,58916.65,78522.19,1,0.2,0.397,0.357,0.613,54.05,0
C_2025_04615,Nov-2025,Marketplace,104855.31,30961.77,46396.95,37716.69,38358.47,4,0.8,0.165,0.359,0.598,68.92,0
C_2025_04616,Nov-2025,NFT,149280.69,41263.51,72655.86,48533.8,54151.06,0,0.0,0.248,0.386,0.643,81.99,0
C_2025_04617,Nov-2025,Marketplace,117238.4,49898.29,113008.51,56140.24,73015.68,0,0.0,0.389,0.386,0.631,91.43,0
C_2025_04618,Nov-2025,DeFi,134681.01,69349.22,139040.8,88579.83,98989.95,1,0.2,0.297,0.382,0.638,71.19,0
C_2025_04619,Nov-2025,DeFi,156184.65,50161.5,103296.84,46282.77,66580.37,4,0.8,0.391,0.398,0.581,77.55,0
C_2025_04620,Nov-2025,DAO,85136.37,53373.69,95343.09,66602.35,71773.04,0,0.0,0.244,0.365,0.629,91.44,0
C_2025_04621,Nov-2025,Wallet,95186.29,55321.38,120742.35,65896.97,80653.57,0,0.0,0.356,0.375,0.626,50.53,0
C_2025_04622,Nov-2025,NFT,154253.91,49185.3,204469.5099977511,48554.64,58793.86,6,0.2,0.4061033962749559,0.369,0.578,81.03,1
C_2025_04623,Nov-2025,DeFi,121414.76,52257.01,127482.5,62597.27,80778.93,2,0.4,0.412,0.398,0.551,78.09,0
C_2025_04624,Nov-2025,Token,72444.12,50137.65,84978.63,55525.33,63547.21,1,0.2,0.241,0.353,0.571,48.05,0
C_2025_04625,Nov-2025,Marketplace,89462.84,46326.66,107620.23,57341.21,70429.37,1,0.2,0.379,0.395,0.568,42.4,0
C_2025_04626,Nov-2025,NFT,180933.02,61057.91,92832.95,71337.52,75076.13,2,0.4,0.176,0.351,0.601,87.08,0
C_2025_04627,Nov-2025,NFT,167613.19,39054.68,59884.38,35357.96,44765.67,1,0.2,0.241,0.388,0.585,55.27,0
C_2025_04628,Nov-2025,Token,66376.91,53862.96,112735.16,64843.53,77147.22,1,0.2,0.331,0.364,0.633,72.96,0
C_2025_04629,Nov-2025,DeFi,135715.18,48043.52,93929.5,52752.37,64908.46,0,0.0,0.318,0.395,0.645,70.94,0
C_2025_04630,Nov-2025,Energy,85746.06,43381.14,67174.07,49012.53,53189.25,0,0.0,0.191,0.396,0.568,81.0,0
C_2025_04631,Nov-2025,Wallet,97593.78,44169.31,85036.08,53270.4,60825.26,1,0.2,0.288,0.367,0.637,79.78,0
C_2025_04632,Nov-2025,Wallet,97958.47,57388.48,127953.67,59877.25,81739.8,1,0.2,0.4,0.356,0.592,40.93,0
C_2025_04633,Nov-2025,DeFi,155994.83,47283.38,115795.52,44041.88,69040.26,1,0.2,0.479,0.359,0.562,64.88,0
C_2025_04634,Nov-2025,Marketplace,124988.63,52519.28,131148.23,63533.01,82400.18,0,0.0,0.422,0.387,0.604,64.79,0
C_2025_04635,Nov-2025,Energy,112023.89,52909.12,110379.05,47867.0,70385.06,2,0.4,0.403,0.365,0.555,42.8,0
C_2025_04636,Nov-2025,Marketplace,97688.13,54410.37,130618.2,67303.55,84110.71,1,0.2,0.396,0.366,0.559,41.73,0
C_2025_04637,Nov-2025,DeFi,140121.01,49416.8,118225.95,60482.98,76041.91,3,0.6,0.397,0.384,0.642,41.08,0
C_2025_04638,Nov-2025,Wallet,99839.22,42822.02,56899.81,42402.26,47374.7,4,0.8,0.142,0.351,0.561,90.29,0
C_2025_04639,Nov-2025,Token,66981.35,40657.15,185269.9029636284,36927.02,46133.82,5,0.0,0.3551185622916368,0.385,0.568,52.6,1
C_2025_04640,Nov-2025,Token,77090.17,40562.36,229665.349155717,51832.37,55273.35,5,0.2,0.45652096254938773,0.377,0.595,83.29,1
C_2025_04641,Nov-2025,DeFi,110342.31,45902.13,109652.65,48398.1,67984.29,3,0.6,0.434,0.385,0.569,66.85,0
C_2025_04642,Nov-2025,Token,57847.68,46002.44,91691.03,51995.75,63229.74,2,0.4,0.321,0.389,0.587,74.58,0
C_2025_04643,Nov-2025,DAO,104542.45,55226.51,109417.51,60314.4,74986.14,3,0.6,0.326,0.385,0.611,65.12,0
C_2025_04644,Nov-2025,Token,52845.26,41219.12,49981.34,39892.83,43697.76,0,0.0,0.102,0.392,0.636,86.54,0
C_2025_04645,Nov-2025,DeFi,121899.73,54928.63,101031.44,69382.41,75114.16,1,0.2,0.256,0.373,0.551,55.44,0
C_2025_04646,Nov-2025,Marketplace,121306.33,48767.64,100007.78,50961.88,66579.1,2,0.4,0.355,0.381,0.576,66.4,0
C_2025_04647,Nov-2025,DeFi,146869.53,38032.17,81238.36,35452.84,51574.46,0,0.0,0.407,0.39,0.621,85.74,0
C_2025_04648,Nov-2025,DeFi,147144.95,56431.0,95523.58,64109.78,72021.45,1,0.2,0.235,0.371,0.624,69.3,0
C_2025_04649,Nov-2025,DAO,96069.95,58144.6,72218.22,53008.01,61123.61,2,0.4,0.133,0.357,0.552,52.72,0
C_2025_04650,Nov-2025,DAO,95894.49,43980.06,98365.77,52766.05,65037.29,0,0.0,0.367,0.385,0.602,47.27,0
C_2025_04651,Nov-2025,DeFi,124525.69,51689.45,73931.21,49605.88,58408.85,3,0.6,0.188,0.361,0.643,78.33,0
C_2025_04652,Nov-2025,Token,76186.29,52261.97,106521.15,65580.61,74787.91,1,0.2,0.309,0.362,0.557,52.11,0
C_2025_04653,Nov-2025,Marketplace,108087.51,49576.48,79790.93,59919.04,63095.49,1,0.2,0.199,0.35,0.565,87.99,0
C_2025_04654,Nov-2025,Energy,114336.13,49816.09,117243.71,62571.56,76543.79,0,0.0,0.382,0.374,0.649,48.2,0
C_2025_04655,Nov-2025,DeFi,102064.44,57102.5,97314.97,71738.84,75385.44,3,0.6,0.22,0.39,0.647,93.18,0
C_2025_04656,Nov-2025,DAO,109224.71,61807.72,87279.09,56726.39,68604.4,1,0.2,0.195,0.356,0.572,44.6,0
C_2025_04657,Nov-2025,Wallet,97119.27,50544.09,109458.25,52215.08,70739.14,2,0.4,0.387,0.399,0.615,42.94,0
C_2025_04658,Nov-2025,NFT,189136.29,47277.05,93377.07,47980.95,62878.36,5,1.0,0.343,0.379,0.634,49.95,0
C_2025_04659,Nov-2025,NFT,169167.85,47694.82,69278.25,44894.77,53955.95,2,0.4,0.202,0.385,0.613,55.19,0
C_2025_04660,Nov-2025,NFT,160151.69,43507.8,93533.92,44714.13,60585.28,1,0.2,0.385,0.395,0.625,66.0,0
C_2025_04661,Nov-2025,DeFi,128082.37,52194.03,108413.08,53345.44,71317.51,2,0.4,0.368,0.365,0.558,59.67,0
C_2025_04662,Nov-2025,Marketplace,105601.39,51909.09,107645.49,65192.9,74915.82,0,0.0,0.317,0.393,0.555,76.68,0
C_2025_04663,Nov-2025,Token,62841.6,61373.08,89902.19,77937.17,76404.14,0,0.0,0.153,0.378,0.587,65.36,0
C_2025_04664,Nov-2025,Marketplace,135039.46,67565.58,98964.03,79178.81,81902.81,0,0.0,0.158,0.351,0.598,69.8,0
C_2025_04665,Nov-2025,Healthcare,114719.03,36295.2,67906.22,37735.7,47312.37,4,0.8,0.308,0.388,0.615,75.18,0
C_2025_04666,Nov-2025,DeFi,126181.65,53001.68,88989.04,49462.6,63817.78,3,0.6,0.28,0.383,0.558,56.16,0
C_2025_04667,Nov-2025,Token,67519.27,31869.78,202525.66763981836,31343.04,40400.38,6,0.4,0.5804718339220554,0.384,0.612,90.84,1
C_2025_04668,Nov-2025,Healthcare,125315.47,61887.1,136197.87,62327.88,86804.29,2,0.4,0.402,0.354,0.579,55.4,0
C_2025_04669,Nov-2025,Token,68084.51,51644.35,77467.73,48021.47,59044.52,3,0.6,0.222,0.39,0.631,48.33,0
C_2025_04670,Nov-2025,DeFi,122492.22,43371.81,64269.37,55956.74,54532.64,2,0.4,0.158,0.369,0.618,45.93,0
C_2025_04671,Nov-2025,DeFi,136136.72,49278.35,69930.41,51953.4,57054.05,4,0.8,0.161,0.389,0.638,40.89,0
C_2025_04672,Nov-2025,NFT,135482.93,56155.52,71092.42,59923.52,62390.49,4,0.8,0.102,0.361,0.647,88.81,0
C_2025_04673,Nov-2025,DAO,117335.58,39296.51,65681.07,42732.57,49236.72,2,0.4,0.238,0.366,0.579,82.94,0
C_2025_04674,Nov-2025,DeFi,139649.58,49886.83,112828.71,49112.47,70609.34,2,0.4,0.423,0.368,0.647,66.62,0
C_2025_04675,Nov-2025,Marketplace,107748.16,64387.16,108365.16,78460.13,83737.48,1,0.2,0.219,0.364,0.601,57.41,0
C_2025_04676,Nov-2025,Token,62291.02,51994.0,318898.52924361295,59645.15,75985.63,4,0.2,0.5824469122152346,0.359,0.575,79.45,1
C_2025_04677,Nov-2025,Wallet,127890.44,42104.27,78665.08,40340.9,53703.42,2,0.4,0.329,0.382,0.57,47.46,0
C_2025_04678,Nov-2025,Token,54909.02,37269.85,81595.34,40401.69,53088.96,0,0.0,0.38,0.382,0.597,58.24,0
C_2025_04679,Nov-2025,DeFi,123403.87,53076.22,126702.27,54860.88,78213.12,3,0.6,0.438,0.379,0.581,67.97,0
C_2025_04680,Nov-2025,DeFi,129598.65,63589.37,82178.35,70710.88,72159.54,0,0.0,0.106,0.367,0.598,75.46,0
C_2025_04681,Nov-2025,DAO,95560.48,50171.67,121008.18,58205.15,76461.66,3,0.6,0.414,0.383,0.606,50.6,0
C_2025_04682,Nov-2025,DAO,114330.84,37933.62,61364.27,46807.53,48701.81,0,0.0,0.198,0.396,0.634,80.62,0
C_2025_04683,Nov-2025,Token,72166.65,42084.04,74505.62,48544.08,55044.58,2,0.4,0.255,0.385,0.633,75.55,0
C_2025_04684,Nov-2025,Token,60102.17,42984.01,265167.7248728217,44350.03,55895.78,3,0.0,0.6105754143868183,0.352,0.627,44.6,1
C_2025_04685,Nov-2025,Wallet,108781.62,56071.29,122551.79,53279.04,77300.71,1,0.2,0.414,0.352,0.555,45.69,0
C_2025_04686,Nov-2025,Marketplace,127774.61,49458.71,77671.55,59266.9,62132.39,2,0.4,0.188,0.357,0.562,59.76,0
C_2025_04687,Nov-2025,DeFi,83997.99,43233.92,66327.9,49666.78,53076.2,1,0.2,0.183,0.355,0.609,76.04,0
C_2025_04688,Nov-2025,DAO,114155.91,51768.97,113674.6,51473.75,72305.77,1,0.2,0.405,0.39,0.628,79.58,0
C_2025_04689,Nov-2025,NFT,189045.25,46235.34,64070.62,48085.08,52797.01,1,0.2,0.152,0.373,0.596,70.45,0
C_2025_04690,Nov-2025,DeFi,107285.27,45901.62,94711.42,55827.99,65480.34,2,0.4,0.322,0.353,0.592,40.54,0
C_2025_04691,Nov-2025,DeFi,131603.28,66960.24,91392.76,74786.33,77713.11,5,1.0,0.131,0.371,0.59,92.49,0
C_2025_04692,Nov-2025,Marketplace,100800.9,47964.46,214666.8590809936,56797.57,57280.29,4,0.2,0.23980890903766935,0.391,0.599,71.22,1
C_2025_04693,Nov-2025,Token,62044.8,46671.56,63641.93,51610.21,53974.57,2,0.4,0.132,0.393,0.561,46.27,0
C_2025_04694,Nov-2025,Token,61411.24,54904.79,116428.38,49613.71,73648.96,0,0.0,0.412,0.38,0.568,41.55,0
C_2025_04695,Nov-2025,DeFi,99638.39,46841.94,105063.38,57499.96,69801.76,1,0.2,0.363,0.373,0.62,43.81,0
C_2025_04696,Nov-2025,NFT,195060.12,45830.71,79188.01,52699.24,59239.32,0,0.0,0.243,0.389,0.56,87.38,0
C_2025_04697,Nov-2025,DeFi,150206.36,38210.82,87904.6,34546.27,53553.9,2,0.4,0.454,0.385,0.564,77.31,0
C_2025_04698,Nov-2025,Wallet,112256.75,47045.08,76257.56,51106.91,58136.52,0,0.0,0.222,0.381,0.584,61.09,0
C_2025_04699,Nov-2025,DeFi,114159.26,54003.84,124619.88,64573.18,81065.63,1,0.2,0.384,0.384,0.552,84.24,0
C_2025_04700,Nov-2025,Wallet,101714.57,47168.81,66688.95,60623.89,58160.55,1,0.2,0.14,0.398,0.564,80.34,0
C_2025_04701,Nov-2025,NFT,195811.51,54058.75,91694.91,57341.97,67698.54,2,0.4,0.251,0.386,0.614,63.3,0
C_2025_04702,Nov-2025,NFT,153653.63,40609.08,87851.13,48392.39,58950.87,3,0.6,0.351,0.355,0.626,45.42,0
C_2025_04703,Nov-2025,Energy,84426.05,53859.5,101519.54,64293.2,73224.08,1,0.2,0.279,0.39,0.614,42.23,0
C_2025_04704,Nov-2025,Energy,111352.88,34164.32,49367.0,32869.37,38800.23,0,0.0,0.193,0.396,0.556,60.13,0
C_2025_04705,Nov-2025,DeFi,139942.63,43526.97,92248.45,53211.24,62995.55,2,0.4,0.334,0.382,0.562,77.65,0
C_2025_04706,Nov-2025,Token,91242.4,54912.57,107645.93,66467.33,76341.94,1,0.2,0.296,0.364,0.563,50.47,0
C_2025_04707,Nov-2025,Healthcare,101132.58,55567.84,66854.06,60949.39,61123.76,2,0.4,0.075,0.393,0.56,60.12,0
C_2025_04708,Nov-2025,DeFi,108170.33,44708.7,84562.88,45223.15,58164.91,5,1.0,0.321,0.368,0.559,76.69,0
C_2025_04709,Nov-2025,Energy,102747.28,52927.25,101337.54,68532.07,74265.62,1,0.2,0.272,0.395,0.562,91.34,0
C_2025_04710,Nov-2025,DAO,103760.49,60650.23,224525.51197936235,55050.39,65022.75,6,0.4,0.29930320929876847,0.387,0.617,71.51,1
C_2025_04711,Nov-2025,DeFi,127556.62,52095.48,110845.19,59343.06,74094.58,2,0.4,0.353,0.369,0.572,52.1,0
C_2025_04712,Nov-2025,NFT,194502.46,49412.23,71619.57,50160.73,57064.18,3,0.6,0.18,0.372,0.56,94.57,0
C_2025_04713,Nov-2025,DeFi,128326.0,55956.1,335845.2948313075,72574.13,81753.94,5,0.2,0.5659771605849436,0.393,0.598,94.28,1
C_2025_04714,Nov-2025,Token,61271.16,50403.32,92704.06,59840.07,67649.15,0,0.0,0.268,0.371,0.566,75.37,0
C_2025_04715,Nov-2025,Marketplace,111457.36,53566.59,112668.82,56706.94,74314.12,3,0.6,0.365,0.383,0.648,85.56,0
C_2025_04716,Nov-2025,Marketplace,110255.81,41436.96,98379.91,52938.77,64251.88,2,0.4,0.383,0.356,0.638,91.26,0
C_2025_04717,Nov-2025,Marketplace,105367.95,50030.45,113111.21,54572.43,72571.36,0,0.0,0.396,0.359,0.565,77.75,0
C_2025_04718,Nov-2025,NFT,160589.91,46894.49,112215.87,60147.46,73085.94,0,0.0,0.386,0.362,0.609,48.28,0
C_2025_04719,Nov-2025,NFT,165887.91,42385.59,103163.19,54464.5,66671.09,3,0.6,0.394,0.377,0.613,80.22,0
C_2025_04720,Nov-2025,DeFi,127373.08,47946.92,117557.52,49579.85,71694.76,1,0.2,0.452,0.365,0.559,51.44,0
C_2025_04721,Nov-2025,Wallet,95209.76,54992.45,112292.8,51694.69,72993.31,0,0.0,0.381,0.393,0.626,76.63,0
C_2025_04722,Nov-2025,Marketplace,105758.91,52485.1,118443.62,59502.01,76810.24,2,0.4,0.385,0.365,0.617,84.38,0
C_2025_04723,Nov-2025,NFT,172499.09,46207.6,76517.42,51927.56,58217.53,0,0.0,0.226,0.397,0.605,90.81,0
C_2025_04724,Nov-2025,DeFi,122667.41,54019.53,74116.99,67227.31,65121.27,1,0.2,0.128,0.397,0.597,56.55,0
C_2025_04725,Nov-2025,DAO,125824.37,50542.24,67897.47,52744.53,57061.41,2,0.4,0.135,0.37,0.616,61.69,0
C_2025_04726,Nov-2025,Wallet,112028.83,50196.36,95184.69,65025.87,70135.64,1,0.2,0.267,0.39,0.566,69.28,0
C_2025_04727,Nov-2025,Energy,120381.94,51998.32,204991.91225788285,65017.5,64546.01,4,0.2,0.30098955506851655,0.394,0.576,44.46,1
C_2025_04728,Nov-2025,Token,64106.21,53802.24,108135.97,60320.34,74086.18,0,0.0,0.327,0.383,0.555,51.17,0
C_2025_04729,Nov-2025,DeFi,110785.76,49462.9,86466.39,61869.59,65932.96,0,0.0,0.233,0.356,0.64,62.85,0
C_2025_04730,Nov-2025,DAO,109678.79,58275.28,82278.44,73288.39,71280.7,1,0.2,0.139,0.379,0.574,69.32,0
C_2025_04731,Nov-2025,DeFi,115702.23,40858.41,80998.05,45579.34,55811.93,1,0.2,0.321,0.398,0.567,74.82,0
C_2025_04732,Nov-2025,Energy,112932.3,45668.49,60432.74,45294.16,50465.13,1,0.2,0.14,0.377,0.562,51.13,0
C_2025_04733,Nov-2025,Marketplace,107250.36,47503.52,58251.08,44565.49,50106.7,1,0.2,0.117,0.393,0.557,87.35,0
C_2025_04734,Nov-2025,Energy,130693.93,57319.19,292434.20513427,64002.08,78784.09,5,0.0,0.5067834823446847,0.392,0.583,94.24,1
C_2025_04735,Nov-2025,DAO,92722.07,44403.77,104905.06,50041.52,66450.12,4,0.8,0.411,0.362,0.615,92.5,0
C_2025_04736,Nov-2025,Token,68813.8,51028.1,84040.75,64603.19,66557.35,0,0.0,0.204,0.368,0.599,75.92,0
C_2025_04737,Nov-2025,Marketplace,115226.33,48309.29,114712.6,58924.52,73982.14,0,0.0,0.394,0.354,0.6,82.09,0
C_2025_04738,Nov-2025,Token,67619.9,43021.05,81146.82,51212.08,58459.98,2,0.4,0.28,0.361,0.64,58.12,0
C_2025_04739,Nov-2025,Token,48613.56,49613.85,123774.38,64300.24,79229.49,1,0.2,0.405,0.387,0.639,76.5,0
C_2025_04740,Nov-2025,DeFi,150763.05,57774.16,83623.17,69975.37,70457.56,2,0.4,0.15,0.366,0.6,48.71,0
C_2025_04741,Nov-2025,Token,59180.67,59593.81,115959.83,54758.93,76770.86,0,0.0,0.362,0.372,0.618,82.77,0
C_2025_04742,Nov-2025,DAO,119726.27,54759.57,82552.41,54313.9,63875.29,0,0.0,0.207,0.358,0.551,72.44,0
C_2025_04743,Nov-2025,Healthcare,115423.85,62343.36,150989.28,76012.08,96448.24,3,0.6,0.404,0.36,0.641,80.39,0
C_2025_04744,Nov-2025,NFT,148502.22,42060.94,84555.43,47421.17,58012.51,1,0.2,0.326,0.398,0.645,40.23,0
C_2025_04745,Nov-2025,DeFi,124670.01,48985.59,112927.62,61457.68,74456.96,3,0.6,0.372,0.368,0.577,54.27,0
C_2025_04746,Nov-2025,DeFi,111609.29,51827.03,73969.07,46859.79,57551.96,5,1.0,0.205,0.365,0.587,44.48,0
C_2025_04747,Nov-2025,Token,56219.62,53613.18,117506.25,52325.96,74481.8,1,0.2,0.409,0.355,0.6,43.45,0
C_2025_04748,Nov-2025,DeFi,133587.58,44129.34,89138.85,43125.31,58797.83,2,0.4,0.365,0.362,0.625,80.35,0
C_2025_04749,Nov-2025,Token,61727.14,42379.09,62792.27,43127.41,49432.93,2,0.4,0.191,0.389,0.578,40.03,0
C_2025_04750,Nov-2025,DeFi,131219.57,44577.49,70036.83,43560.31,52724.88,0,0.0,0.232,0.394,0.61,45.91,0
C_2025_04751,Nov-2025,DeFi,141435.55,56351.16,88822.09,54963.27,66712.17,3,0.6,0.235,0.375,0.568,76.96,0
C_2025_04752,Nov-2025,Wallet,106416.94,44763.57,105595.4,53998.49,68119.15,1,0.2,0.393,0.381,0.567,71.48,0
C_2025_04753,Nov-2025,Wallet,125661.91,48408.71,79748.9,60510.47,62889.36,2,0.4,0.205,0.399,0.605,89.91,0
C_2025_04754,Nov-2025,DAO,105925.79,38733.29,51396.14,36982.08,42370.5,2,0.4,0.152,0.366,0.645,80.69,0
C_2025_04755,Nov-2025,Marketplace,100114.71,56433.77,140834.19,58128.84,85132.27,2,0.4,0.463,0.38,0.588,53.44,0
C_2025_04756,Nov-2025,Energy,129833.82,60998.14,138907.86,67328.31,89078.1,1,0.2,0.397,0.379,0.605,56.16,0
C_2025_04757,Nov-2025,Token,55006.48,66491.34,149418.62,74722.6,96877.52,4,0.8,0.385,0.368,0.59,91.32,0
C_2025_04758,Nov-2025,NFT,166816.72,47607.18,108509.82,53832.5,69983.17,1,0.2,0.391,0.376,0.609,85.16,0
C_2025_04759,Nov-2025,NFT,207345.4,42255.74,299610.0500721964,52291.87,63703.43,4,0.2,0.7104952687344921,0.38,0.639,83.47,1
C_2025_04760,Nov-2025,NFT,180321.53,50369.47,89188.38,62306.04,67287.96,4,0.8,0.241,0.373,0.635,85.99,0
C_2025_04761,Nov-2025,Token,62078.68,48941.48,91167.93,53328.61,64479.34,0,0.0,0.294,0.39,0.578,75.52,0
C_2025_04762,Nov-2025,Wallet,101894.39,61588.17,124305.6,60047.33,81980.37,3,0.6,0.365,0.351,0.609,47.93,0
C_2025_04763,Nov-2025,Token,61643.53,61215.73,100404.36,56897.56,72839.22,2,0.4,0.269,0.367,0.589,56.32,0
C_2025_04764,Nov-2025,NFT,177877.27,52259.1,404660.95321254444,65313.53,81741.83,7,0.8,0.7531579763331115,0.382,0.602,94.0,1
C_2025_04765,Nov-2025,NFT,163703.4,50097.57,77322.9,63471.25,63630.57,2,0.4,0.175,0.351,0.598,94.98,0
C_2025_04766,Nov-2025,Healthcare,121901.52,52729.47,85190.15,48033.68,61984.44,1,0.2,0.267,0.386,0.616,48.7,0
C_2025_04767,Nov-2025,DAO,102949.57,41634.31,90929.75,38124.45,56896.17,2,0.4,0.424,0.356,0.589,55.76,0
C_2025_04768,Nov-2025,DAO,112779.78,50588.42,61000.0,63789.56,58459.33,3,0.6,0.097,0.355,0.564,83.41,0
C_2025_04769,Nov-2025,Wallet,114519.14,38178.02,67059.87,38997.15,48078.35,3,0.6,0.279,0.361,0.602,84.94,0
C_2025_04770,Nov-2025,NFT,183723.32,50561.58,61688.6,65696.62,59315.6,2,0.4,0.108,0.375,0.63,81.84,0
C_2025_04771,Nov-2025,Token,55083.69,40627.21,83759.27,51737.27,58707.92,1,0.2,0.311,0.395,0.618,61.36,0
C_2025_04772,Nov-2025,DeFi,131340.59,48570.86,80567.03,45084.76,58074.21,1,0.2,0.275,0.367,0.598,79.46,0
C_2025_04773,Nov-2025,Wallet,105205.75,48294.05,267324.07252170716,44525.67,59139.66,7,0.6,0.5371810035293948,0.359,0.573,52.19,1
C_2025_04774,Nov-2025,DeFi,120580.33,47677.2,112729.63,59789.51,73398.78,1,0.2,0.385,0.39,0.556,45.85,0
C_2025_04775,Nov-2025,Wallet,101324.13,35254.99,58525.25,34059.56,42613.27,0,0.0,0.264,0.393,0.586,52.02,0
C_2025_04776,Nov-2025,Wallet,103381.68,49876.08,98772.87,49845.95,66164.97,3,0.6,0.348,0.373,0.646,79.99,0
C_2025_04777,Nov-2025,DeFi,108085.94,55483.02,121174.99,65428.22,80695.41,3,0.6,0.358,0.371,0.554,87.61,0
C_2025_04778,Nov-2025,Token,67114.01,58216.68,90133.95,53050.09,67133.57,0,0.0,0.244,0.354,0.586,50.36,0
C_2025_04779,Nov-2025,DeFi,143508.05,41522.65,101601.56,40804.74,61309.65,3,0.6,0.465,0.366,0.574,48.55,0
C_2025_04780,Nov-2025,Energy,85413.59,45878.74,275656.05507413007,45637.72,63664.94,5,0.2,0.6890110139741455,0.38,0.614,76.95,1
C_2025_04781,Nov-2025,NFT,163948.33,43394.87,65958.06,49056.35,52803.09,0,0.0,0.182,0.376,0.559,58.54,0
C_2025_04782,Nov-2025,Token,58613.05,63638.35,99558.66,72951.37,78716.13,1,0.2,0.193,0.365,0.614,93.09,0
C_2025_04783,Nov-2025,NFT,187455.49,40758.06,96945.76,44213.8,60639.2,1,0.2,0.424,0.352,0.586,54.19,0
C_2025_04784,Nov-2025,Wallet,102524.68,45714.59,98660.43,58607.93,67660.99,1,0.2,0.333,0.386,0.604,79.8,0
C_2025_04785,Nov-2025,DeFi,140812.04,52103.61,72037.0,50418.82,58186.48,1,0.2,0.169,0.396,0.641,87.95,0
C_2025_04786,Nov-2025,DeFi,140954.77,42941.6,72937.99,54642.03,56840.54,0,0.0,0.217,0.357,0.634,79.43,0
C_2025_04787,Nov-2025,Wallet,105603.03,52754.48,410262.90755059296,61778.03,79505.9,6,0.6,0.6963808693844906,0.357,0.604,81.15,1
C_2025_04788,Nov-2025,DeFi,123487.3,45640.85,315862.9490175208,45999.61,62579.24,5,0.0,0.717525698373637,0.394,0.566,58.93,1
C_2025_04789,Nov-2025,Token,58040.95,29125.87,137616.25444311262,36844.67,38200.69,6,0.4,0.389575766229053,0.375,0.553,90.97,1
C_2025_04790,Nov-2025,Token,70774.48,41913.94,92673.38,51594.1,62060.47,0,0.0,0.355,0.377,0.558,84.26,0
C_2025_04791,Nov-2025,DeFi,111510.55,49608.79,105879.18,51219.49,68902.49,0,0.0,0.38,0.373,0.574,92.26,0
C_2025_04792,Nov-2025,Marketplace,121982.69,34714.12,84454.91,36709.78,51959.61,1,0.2,0.442,0.397,0.63,52.16,0
C_2025_04793,Nov-2025,Token,69948.19,48004.49,91134.78,53886.66,64341.98,6,1.0,0.297,0.356,0.638,41.52,0
C_2025_04794,Nov-2025,Marketplace,115502.5,53084.61,92372.74,55311.08,66922.81,0,0.0,0.269,0.352,0.625,44.05,0
C_2025_04795,Nov-2025,NFT,172510.87,52178.21,116488.78,48206.05,72291.01,1,0.2,0.433,0.352,0.616,91.87,0
C_2025_04796,Nov-2025,Energy,118579.9,53136.97,76943.02,49326.34,59802.11,0,0.0,0.204,0.361,0.557,59.77,0
C_2025_04797,Nov-2025,DAO,99024.97,28179.08,39028.81,30591.07,32599.65,0,0.0,0.143,0.362,0.587,46.51,0
C_2025_04798,Nov-2025,DAO,103747.15,54380.87,118624.07,59251.07,77418.67,2,0.4,0.377,0.354,0.583,62.93,0
C_2025_04799,Nov-2025,Token,79622.44,44208.53,53090.75,56747.93,51349.07,0,0.0,0.103,0.362,0.641,40.3,0
C_2025_04800,Nov-2025,NFT,168466.69,46184.45,81762.09,51143.76,59696.76,0,0.0,0.264,0.354,0.553,54.12,0
C_2025_04801,Nov-2025,Marketplace,107748.44,55743.95,122258.16,54410.29,77470.8,0,0.0,0.409,0.378,0.632,89.42,0
C_2025_04802,Nov-2025,Healthcare,88253.53,53252.25,71483.97,62152.25,62296.16,2,0.4,0.119,0.393,0.607,82.45,0
C_2025_04803,Nov-2025,Wallet,110336.3,34923.39,42789.12,39922.06,39211.52,3,0.6,0.083,0.353,0.64,40.99,0
C_2025_04804,Nov-2025,NFT,173082.65,61261.33,138658.38,66531.52,88817.07,2,0.4,0.398,0.363,0.622,50.64,0
C_2025_04805,Nov-2025,Marketplace,98448.95,58291.85,91064.77,71384.06,73580.22,3,0.6,0.183,0.363,0.579,56.79,0
C_2025_04806,Nov-2025,DeFi,148195.45,41529.23,64452.77,42125.96,49369.32,1,0.2,0.216,0.368,0.556,92.39,0
C_2025_04807,Nov-2025,NFT,192230.6,46402.83,268529.39137590013,45998.43,60017.64,5,0.0,0.5946007668586386,0.385,0.646,50.07,1
C_2025_04808,Nov-2025,DeFi,126026.26,42780.84,73238.81,52299.62,56106.42,1,0.2,0.227,0.396,0.587,76.77,0
C_2025_04809,Nov-2025,DeFi,123542.45,51300.18,61800.61,47976.69,53692.49,2,0.4,0.11,0.381,0.611,40.03,0
C_2025_04810,Nov-2025,DAO,130429.82,45437.92,65559.23,56359.45,55785.53,1,0.2,0.147,0.393,0.552,88.84,0
C_2025_04811,Nov-2025,Wallet,124923.41,41672.19,279400.556125616,42193.41,58843.47,4,0.2,0.7440398499546811,0.379,0.579,94.58,1
C_2025_04812,Nov-2025,Energy,99225.64,57537.73,116949.0,61804.07,78763.6,2,0.4,0.344,0.352,0.648,59.76,0
C_2025_04813,Nov-2025,Marketplace,109461.32,37807.05,59702.29,37548.45,45019.26,1,0.2,0.231,0.375,0.589,69.29,0
C_2025_04814,Nov-2025,DeFi,140678.33,35457.95,116316.73370399153,37247.28,39675.41,5,0.2,0.18947699373356827,0.37,0.613,74.58,1
C_2025_04815,Nov-2025,DAO,95069.77,47291.5,92525.25,60845.54,66887.43,0,0.0,0.283,0.353,0.576,62.71,0
C_2025_04816,Nov-2025,NFT,192540.57,45937.3,264567.3113804754,45866.15,58790.36,6,0.2,0.4756026654292269,0.356,0.575,44.22,1
C_2025_04817,Nov-2025,Marketplace,100218.0,58767.13,126278.18,70819.97,85288.42,1,0.2,0.345,0.376,0.637,41.41,0
C_2025_04818,Nov-2025,NFT,189637.94,47195.57,71163.56,45060.06,54473.06,1,0.2,0.217,0.373,0.632,68.64,0
C_2025_04819,Nov-2025,Token,50635.08,51029.02,334039.56206627557,61026.93,75295.9,5,0.2,0.6101339639842283,0.389,0.586,62.2,1
C_2025_04820,Nov-2025,DAO,97476.29,46654.4,76660.91,56973.15,60096.15,2,0.4,0.207,0.359,0.554,40.77,0
C_2025_04821,Nov-2025,NFT,123330.81,47270.81,73647.49,61263.85,60727.39,2,0.4,0.177,0.362,0.607,40.22,0
C_2025_04822,Nov-2025,NFT,178064.42,37813.45,79109.45,38749.38,51890.76,1,0.2,0.371,0.358,0.618,91.22,0
C_2025_04823,Nov-2025,NFT,170804.7,48912.0,310106.2679832721,49318.43,73074.46,4,0.2,0.8984196464167483,0.362,0.649,42.36,1
C_2025_04824,Nov-2025,DAO,133881.98,34019.34,61474.18,37700.55,44398.03,3,0.6,0.274,0.35,0.591,49.01,0
C_2025_04825,Nov-2025,Healthcare,98573.95,55772.5,121225.12,57181.54,78059.72,3,0.6,0.391,0.399,0.624,80.02,0
C_2025_04826,Nov-2025,Token,65287.13,36107.46,56946.8,32775.37,41943.21,1,0.2,0.255,0.37,0.578,50.98,0
C_2025_04827,Nov-2025,DeFi,127051.72,45801.2,59828.66,51119.99,52249.95,0,0.0,0.111,0.397,0.647,56.76,0
C_2025_04828,Nov-2025,Healthcare,104277.71,47687.47,113324.25,54113.15,71708.29,7,1.0,0.412,0.399,0.621,60.36,0
C_2025_04829,Nov-2025,Token,79794.71,45418.39,75822.76,55892.92,59044.69,0,0.0,0.214,0.395,0.58,48.4,0
C_2025_04830,Nov-2025,Wallet,105077.28,54509.8,125177.1,55518.55,78401.82,1,0.2,0.422,0.353,0.644,49.11,0
C_2025_04831,Nov-2025,DeFi,128388.61,43451.22,56287.56,44837.95,48192.24,1,0.2,0.119,0.399,0.567,58.1,0
C_2025_04832,Nov-2025,DAO,95589.24,52546.75,111605.23,55776.48,73309.49,2,0.4,0.37,0.386,0.634,84.03,0
C_2025_04833,Nov-2025,Marketplace,103425.81,37475.35,66999.59,39549.74,48008.22,2,0.4,0.28,0.365,0.564,47.08,0
C_2025_04834,Nov-2025,Wallet,121169.72,43664.49,107425.5,48286.26,66458.75,2,0.4,0.437,0.355,0.585,64.66,0
C_2025_04835,Nov-2025,Healthcare,104498.69,76337.36,312490.82642217143,82480.42,90520.5,5,0.4,0.3123950503276005,0.367,0.601,72.92,1
C_2025_04836,Nov-2025,DeFi,152974.48,46797.58,91713.41,54566.88,64359.29,2,0.4,0.305,0.381,0.622,48.02,0
C_2025_04837,Nov-2025,Wallet,105832.61,52980.32,118626.3,51104.09,74236.9,1,0.2,0.423,0.369,0.564,54.89,0
C_2025_04838,Nov-2025,Wallet,130302.98,42844.03,153801.93640417352,40428.2,46651.32,4,0.0,0.28653779771356347,0.382,0.641,85.43,1
C_2025_04839,Nov-2025,NFT,175937.92,52319.32,128178.18,53468.97,77988.83,1,0.2,0.455,0.352,0.633,41.36,0
C_2025_04840,Nov-2025,Token,59977.64,62422.87,75414.44,63420.31,67085.87,2,0.4,0.088,0.377,0.563,61.51,0
C_2025_04841,Nov-2025,NFT,181436.92,40805.68,86067.7,42707.37,56526.92,2,0.4,0.37,0.38,0.623,59.64,0
C_2025_04842,Nov-2025,Token,60944.62,43600.62,105208.16,45474.54,64761.1,0,0.0,0.442,0.354,0.568,47.01,0
C_2025_04843,Nov-2025,NFT,131438.57,49433.5,396007.6172889866,61912.07,74912.49,6,0.4,0.606162936025952,0.382,0.566,42.89,1
C_2025_04844,Nov-2025,Token,61083.85,44635.78,97139.81,43270.02,61681.87,0,0.0,0.407,0.396,0.619,66.03,0
C_2025_04845,Nov-2025,NFT,179943.58,43024.17,265303.0697817497,45608.01,59201.76,6,0.2,0.7075554711383415,0.391,0.605,73.62,1
C_2025_04846,Nov-2025,DAO,110449.03,51763.29,115749.77,49765.86,72426.3,4,0.8,0.423,0.373,0.641,75.24,0
C_2025_04847,Nov-2025,Marketplace,98257.36,49273.34,81659.96,57457.44,62796.91,2,0.4,0.219,0.382,0.642,67.3,0
C_2025_04848,Nov-2025,Marketplace,107557.93,54780.66,367816.92620312376,66533.07,83390.98,8,0.6,0.7698888601575656,0.383,0.566,42.53,1
C_2025_04849,Nov-2025,NFT,199486.62,45419.45,91006.0,50454.24,62293.23,0,0.0,0.328,0.372,0.566,65.0,0
C_2025_04850,Nov-2025,DeFi,142330.63,36681.73,210881.87574496627,34921.7,46521.52,7,0.4,0.6328617644516387,0.382,0.569,52.22,1
C_2025_04851,Nov-2025,Token,61351.2,40290.4,58807.06,51191.3,50096.26,4,0.8,0.152,0.381,0.569,47.29,0
C_2025_04852,Nov-2025,DeFi,150658.87,61720.88,86631.98,64249.66,70867.51,0,0.0,0.158,0.386,0.649,80.69,0
C_2025_04853,Nov-2025,DeFi,128746.61,59724.81,79091.14,71110.9,69975.62,1,0.2,0.114,0.385,0.64,66.74,0
C_2025_04854,Nov-2025,Token,65193.69,54492.04,74069.05,60343.04,62968.04,3,0.6,0.13,0.377,0.578,51.07,0
C_2025_04855,Nov-2025,DAO,104515.36,36336.41,81846.58,44751.8,54311.6,0,0.0,0.364,0.378,0.592,71.4,0
C_2025_04856,Nov-2025,DeFi,110155.36,57089.4,136729.97,72742.12,88853.83,0,0.0,0.388,0.385,0.553,42.56,0
C_2025_04857,Nov-2025,DeFi,130824.7,51033.39,82771.27,59604.5,64469.72,2,0.4,0.208,0.391,0.635,72.76,0
C_2025_04858,Nov-2025,Wallet,98023.33,49587.52,74951.43,54357.54,59632.16,4,0.8,0.185,0.379,0.572,59.14,0
C_2025_04859,Nov-2025,DeFi,131831.09,48422.15,175022.7932014068,51324.62,53320.42,8,0.6,0.17093970983196216,0.382,0.6,74.31,1
C_2025_04860,Nov-2025,Healthcare,124555.2,29885.5,74262.92,30833.62,44994.01,0,0.0,0.46,0.372,0.602,44.71,0
C_2025_04861,Nov-2025,NFT,168305.01,60512.14,105118.23,70408.04,78679.47,2,0.4,0.243,0.367,0.567,88.45,0
C_2025_04862,Nov-2025,DeFi,147338.5,51272.35,127196.08,57429.27,78632.57,0,0.0,0.438,0.368,0.554,86.71,0
C_2025_04863,Nov-2025,NFT,176021.1,47863.93,64040.66,43222.24,51708.95,1,0.2,0.173,0.354,0.611,76.96,0
C_2025_04864,Nov-2025,DeFi,150847.14,52531.37,87870.98,59585.54,66662.63,1,0.2,0.229,0.386,0.58,60.93,0
C_2025_04865,Nov-2025,DeFi,143820.68,47356.71,188639.95091475605,49847.22,54840.91,6,0.2,0.313280467878395,0.397,0.64,62.98,1
C_2025_04866,Nov-2025,NFT,157002.1,50981.35,117753.32,48618.9,72451.19,2,0.4,0.442,0.387,0.595,81.79,0
C_2025_04867,Nov-2025,Marketplace,104731.77,38313.22,61822.59,38298.57,46144.79,1,0.2,0.24,0.398,0.603,65.41,0
C_2025_04868,Nov-2025,Wallet,112112.19,50009.42,102502.6,59080.86,70530.96,1,0.2,0.325,0.359,0.619,58.95,0
C_2025_04869,Nov-2025,DeFi,118081.6,55502.19,95716.51,60412.67,70543.79,0,0.0,0.254,0.353,0.582,69.97,0
C_2025_04870,Nov-2025,DeFi,116301.14,64927.09,120138.54,72541.55,85869.06,1,0.2,0.285,0.37,0.57,69.36,0
C_2025_04871,Nov-2025,NFT,184241.21,62001.75,92281.45,60954.09,71745.76,0,0.0,0.202,0.371,0.593,53.0,0
C_2025_04872,Nov-2025,Wallet,102955.89,60932.44,433533.91757524654,70439.61,85838.57,7,0.4,0.6066425863115589,0.353,0.622,59.44,1
C_2025_04873,Nov-2025,Healthcare,114173.47,40015.76,62554.75,41464.22,48011.57,1,0.2,0.215,0.377,0.583,59.03,0
C_2025_04874,Nov-2025,DeFi,121474.1,46859.51,58331.94,60686.73,55292.72,2,0.4,0.109,0.351,0.61,79.81,0
C_2025_04875,Nov-2025,Marketplace,90980.38,38123.57,64803.33,36640.65,46522.52,1,0.2,0.278,0.366,0.617,40.01,0
C_2025_04876,Nov-2025,Marketplace,114058.41,51805.05,65642.32,58884.19,58777.19,1,0.2,0.096,0.384,0.611,75.35,0
C_2025_04877,Nov-2025,Token,60266.92,56963.55,118494.92,68204.0,81220.82,0,0.0,0.329,0.398,0.584,79.25,0
C_2025_04878,Nov-2025,NFT,175522.23,63163.81,86365.93,63812.2,71113.98,1,0.2,0.152,0.363,0.605,55.85,0
C_2025_04879,Nov-2025,NFT,202168.95,54242.69,67091.36,54423.06,58585.7,2,0.4,0.103,0.375,0.562,75.39,0
C_2025_04880,Nov-2025,Energy,111501.28,65677.53,106077.94,68487.65,80081.04,2,0.4,0.23,0.369,0.593,62.49,0
C_2025_04881,Nov-2025,DAO,129379.11,49929.01,96878.06,52622.42,66476.49,2,0.4,0.324,0.355,0.63,69.14,0
C_2025_04882,Nov-2025,Token,60560.79,43964.69,96561.94,51056.59,63861.07,2,0.4,0.365,0.385,0.575,57.81,0
C_2025_04883,Nov-2025,DeFi,120778.51,42191.53,260796.78856602736,47705.34,62007.62,5,0.0,0.6863029222146233,0.379,0.613,88.67,1
C_2025_04884,Nov-2025,Marketplace,115937.91,45845.06,95905.81,53858.09,65202.98,2,0.4,0.337,0.382,0.637,93.69,0
C_2025_04885,Nov-2025,DeFi,146522.34,46277.02,106622.08,44322.98,65740.69,1,0.2,0.44,0.372,0.638,83.42,0
C_2025_04886,Nov-2025,DAO,125817.3,52402.65,73294.32,51248.1,58981.69,0,0.0,0.172,0.389,0.639,70.96,0
C_2025_04887,Nov-2025,Healthcare,134297.91,59244.42,136522.51,55457.06,83741.33,0,0.0,0.446,0.363,0.639,91.97,0
C_2025_04888,Nov-2025,NFT,187603.83,48289.23,92276.0,52601.92,64389.05,2,0.4,0.307,0.351,0.551,74.52,0
C_2025_04889,Nov-2025,Token,66212.36,47817.33,96067.11,51790.56,65225.0,2,0.4,0.335,0.378,0.634,40.93,0
C_2025_04890,Nov-2025,DeFi,131525.57,38489.88,73820.51,35970.08,49426.83,1,0.2,0.35,0.371,0.62,82.43,0
C_2025_04891,Nov-2025,Healthcare,81759.03,39935.91,84543.24,44812.92,56430.69,3,0.6,0.354,0.392,0.592,79.55,0
C_2025_04892,Nov-2025,DeFi,113895.71,47573.4,81740.59,48931.03,59415.01,0,0.0,0.266,0.356,0.623,81.52,0
C_2025_04893,Nov-2025,Marketplace,109573.33,36102.21,65102.84,37622.08,46275.71,1,0.2,0.288,0.394,0.633,62.94,0
C_2025_04894,Nov-2025,Wallet,109836.58,64448.45,84491.81,79204.33,76048.2,0,0.0,0.112,0.385,0.603,77.98,0
C_2025_04895,Nov-2025,Token,79973.98,47871.24,183919.6792077189,43866.38,50408.37,7,0.8,0.21907504343706022,0.377,0.574,80.34,1
C_2025_04896,Nov-2025,DeFi,91107.87,54136.15,385659.1323016088,65021.1,80866.4,7,0.6,0.737402276531394,0.384,0.559,81.19,1
C_2025_04897,Nov-2025,Token,56447.81,52399.92,72580.95,50313.62,58431.5,1,0.2,0.172,0.356,0.576,40.05,0
C_2025_04898,Nov-2025,Token,71156.99,38341.46,75994.38,49376.65,54570.83,0,0.0,0.29,0.393,0.589,61.29,0
C_2025_04899,Nov-2025,DeFi,117194.63,47248.46,86089.37,57404.58,63580.81,4,0.8,0.259,0.394,0.624,48.87,0
C_2025_04900,Nov-2025,Energy,101773.14,64518.44,127394.21,81250.73,91054.46,3,0.6,0.292,0.351,0.588,87.59,0
C_2025_04901,Nov-2025,Energy,118921.72,41613.58,75686.53,49871.01,55723.71,0,0.0,0.26,0.362,0.574,70.17,0
C_2025_04902,Nov-2025,DeFi,143271.36,45223.15,74655.85,52655.15,57511.38,2,0.4,0.217,0.392,0.551,54.11,0
C_2025_04903,Nov-2025,Healthcare,95183.29,46344.51,92004.2,52054.16,63467.62,1,0.2,0.32,0.372,0.579,52.17,0
C_2025_04904,Nov-2025,NFT,197884.55,36696.26,74967.08,37391.24,49684.86,2,0.4,0.36,0.354,0.616,65.3,0
C_2025_04905,Nov-2025,DeFi,110654.57,52256.93,92162.05,63048.56,69155.84,1,0.2,0.244,0.368,0.55,44.95,0
C_2025_04906,Nov-2025,Token,61913.57,44416.87,97127.26,49040.67,63528.26,3,0.6,0.375,0.397,0.607,66.56,0
C_2025_04907,Nov-2025,Energy,100531.81,52545.03,360318.30859531224,63950.8,78516.9,7,0.6,0.7016000922643983,0.395,0.594,89.06,1
C_2025_04908,Nov-2025,DeFi,105498.8,64659.57,77935.91,65837.82,69477.77,2,0.4,0.086,0.374,0.579,67.04,0
C_2025_04909,Nov-2025,DeFi,141330.37,48166.42,93113.24,59421.0,66900.22,1,0.2,0.285,0.393,0.559,64.68,0
C_2025_04910,Nov-2025,NFT,179561.73,37326.44,59351.44,44386.0,47021.29,3,0.6,0.195,0.394,0.577,46.5,0
C_2025_04911,Nov-2025,DeFi,129769.8,41192.5,88637.07,47902.88,59244.15,2,0.4,0.354,0.381,0.57,57.19,0
C_2025_04912,Nov-2025,NFT,196731.92,45611.86,100694.74,45660.63,63989.08,0,0.0,0.406,0.388,0.591,52.09,0
C_2025_04913,Nov-2025,NFT,137719.06,43274.16,91109.9,55852.5,63412.19,0,0.0,0.319,0.362,0.584,65.63,0
C_2025_04914,Nov-2025,Token,56947.43,60758.92,81141.16,72432.94,71444.34,1,0.2,0.117,0.357,0.603,51.46,0
C_2025_04915,Nov-2025,DeFi,149234.76,45345.78,67360.67,55435.39,56047.28,1,0.2,0.161,0.376,0.611,51.02,0
C_2025_04916,Nov-2025,DeFi,131526.36,40726.61,85607.08,44230.22,56854.64,0,0.0,0.358,0.396,0.619,74.17,0
C_2025_04917,Nov-2025,Energy,95849.29,63363.16,417683.73222467216,60389.63,93625.24,7,0.6,0.9173781909549392,0.378,0.644,90.18,1
C_2025_04918,Nov-2025,Wallet,116633.68,51845.63,231605.07923741994,47455.45,63506.59,5,0.2,0.4861936809530852,0.378,0.588,70.69,1
C_2025_04919,Nov-2025,DeFi,129625.57,56081.65,177010.2757480387,63505.02,63134.01,6,0.4,0.14631930035398052,0.387,0.641,59.93,1
C_2025_04920,Nov-2025,DeFi,125346.14,50767.89,190827.0263869357,58561.34,61437.35,4,0.0,0.25801537674388353,0.355,0.579,71.66,1
C_2025_04921,Nov-2025,DeFi,129805.02,47147.65,94930.24,50024.09,64033.99,0,0.0,0.342,0.381,0.611,67.83,0
C_2025_04922,Nov-2025,DeFi,115069.32,55263.63,115064.56,53306.3,74544.83,1,0.2,0.385,0.391,0.604,93.41,0
C_2025_04923,Nov-2025,NFT,179523.79,43230.31,74781.86,48118.18,55376.79,1,0.2,0.25,0.385,0.647,69.28,0
C_2025_04924,Nov-2025,Healthcare,115540.58,48563.73,81298.92,61472.54,63778.4,3,0.6,0.211,0.382,0.566,78.1,0
C_2025_04925,Nov-2025,Healthcare,90317.99,52995.02,118968.19,56286.63,76083.28,1,0.2,0.399,0.37,0.567,55.19,0
C_2025_04926,Nov-2025,Marketplace,128445.04,28497.81,55353.61,30916.93,38256.12,1,0.2,0.317,0.381,0.637,42.26,0
C_2025_04927,Nov-2025,Wallet,141492.57,49129.09,71147.64,49178.22,56484.98,2,0.4,0.184,0.388,0.625,59.0,0
C_2025_04928,Nov-2025,Token,81811.05,48839.98,80401.55,56244.3,61828.61,1,0.2,0.218,0.366,0.644,85.85,0
C_2025_04929,Nov-2025,Healthcare,131910.55,64902.9,82620.78,75274.6,74266.09,1,0.2,0.098,0.392,0.555,73.39,0
C_2025_04930,Nov-2025,DeFi,109066.76,52444.34,107005.47,58839.09,72762.97,1,0.2,0.335,0.372,0.65,77.91,0
C_2025_04931,Nov-2025,Token,55881.53,59227.07,78301.42,75798.68,71109.06,0,0.0,0.119,0.4,0.563,49.4,0
C_2025_04932,Nov-2025,Token,66008.65,34380.76,76583.91,44296.29,51753.66,1,0.2,0.348,0.381,0.621,61.86,0
C_2025_04933,Nov-2025,DeFi,121445.92,42555.9,87347.68,46712.47,58872.02,1,0.2,0.343,0.392,0.566,58.15,0
C_2025_04934,Nov-2025,Marketplace,128441.73,54734.17,84620.99,70018.57,69791.25,1,0.2,0.175,0.386,0.62,81.4,0
C_2025_04935,Nov-2025,Wallet,112859.81,53745.05,89081.53,65365.11,69397.23,2,0.4,0.212,0.396,0.601,74.55,0
C_2025_04936,Nov-2025,Token,76188.73,46627.75,76625.77,57084.2,60112.57,0,0.0,0.207,0.385,0.598,78.43,0
C_2025_04937,Nov-2025,Energy,96704.81,50760.95,92389.44,65269.62,69473.34,2,0.4,0.248,0.389,0.586,73.2,0
C_2025_04938,Nov-2025,Token,57983.78,48724.58,109524.97,47576.2,68608.58,3,0.6,0.422,0.37,0.611,82.86,0
C_2025_04939,Nov-2025,DAO,104171.85,53185.86,125678.54,51167.44,76677.28,1,0.2,0.452,0.378,0.611,51.37,0
C_2025_04940,Nov-2025,DeFi,120549.99,47415.06,57224.08,47215.31,50618.15,3,0.6,0.092,0.364,0.627,66.45,0
C_2025_04941,Nov-2025,Token,61755.14,40432.34,62712.36,37208.32,46784.34,1,0.2,0.242,0.397,0.639,79.4,0
C_2025_04942,Nov-2025,NFT,151085.51,42464.53,77194.26,44241.28,54633.36,1,0.2,0.292,0.386,0.611,84.35,0
C_2025_04943,Nov-2025,DAO,135996.66,55684.33,136513.64,52164.23,81454.07,0,0.0,0.478,0.37,0.597,50.99,0
C_2025_04944,Nov-2025,Energy,108921.81,62727.87,144049.83,65508.91,90762.2,2,0.4,0.415,0.369,0.558,92.11,0
C_2025_04945,Nov-2025,Wallet,104011.94,57132.51,139764.06,58286.33,85060.97,2,0.4,0.455,0.366,0.591,65.76,0
C_2025_04946,Nov-2025,NFT,170448.22,55198.27,73534.86,66440.42,65057.85,1,0.2,0.116,0.398,0.642,45.82,0
C_2025_04947,Nov-2025,Token,68926.8,67743.68,100441.52,64258.52,77481.24,3,0.6,0.21,0.365,0.605,74.37,0
C_2025_04948,Nov-2025,NFT,178595.58,44605.95,96224.64,43381.21,61403.94,1,0.2,0.401,0.397,0.591,69.18,0
C_2025_04949,Nov-2025,DeFi,117886.28,61274.46,81937.57,71184.31,71465.45,1,0.2,0.118,0.352,0.617,78.69,0
C_2025_04950,Nov-2025,Marketplace,132969.22,51659.38,77442.74,62023.26,63708.46,2,0.4,0.166,0.39,0.591,54.66,0
C_2025_04951,Nov-2025,Wallet,122741.74,48302.12,67980.81,58290.87,58191.27,0,0.0,0.138,0.351,0.65,44.04,0
C_2025_04952,Nov-2025,DeFi,145610.34,49153.78,111342.83,53502.43,71333.02,2,0.4,0.397,0.364,0.58,60.8,0
C_2025_04953,Nov-2025,Token,57537.13,43210.41,71782.05,45443.98,53478.81,1,0.2,0.243,0.389,0.636,53.65,0
C_2025_04954,Nov-2025,Marketplace,114460.93,44960.75,107974.08,41096.79,64677.21,0,0.0,0.474,0.359,0.618,93.06,0
C_2025_04955,Nov-2025,DeFi,136776.86,62391.16,131689.9,61909.45,85330.17,1,0.2,0.384,0.361,0.574,76.73,0
C_2025_04956,Nov-2025,DAO,115358.05,61668.89,79121.91,56439.6,65743.46,0,0.0,0.148,0.364,0.59,44.18,0
C_2025_04957,Nov-2025,Energy,121402.46,58092.62,95892.38,65365.88,73116.96,0,0.0,0.224,0.371,0.636,76.33,0
C_2025_04958,Nov-2025,DAO,104010.3,65370.4,137259.44,63352.3,88660.71,3,0.6,0.388,0.369,0.644,51.95,0
C_2025_04959,Nov-2025,DeFi,124773.59,51890.66,88095.29,49430.39,63138.78,1,0.2,0.28,0.366,0.571,61.64,0
C_2025_04960,Nov-2025,DeFi,119732.17,52892.97,96448.89,53415.97,67585.94,3,0.6,0.302,0.381,0.618,86.34,0
C_2025_04961,Nov-2025,Token,64396.79,57520.21,142497.59,74105.1,91374.3,2,0.4,0.403,0.369,0.616,68.29,0
C_2025_04962,Nov-2025,NFT,164879.0,60255.55,118180.5,66280.99,81572.35,3,0.6,0.319,0.371,0.619,93.08,0
C_2025_04963,Nov-2025,NFT,171133.68,44200.11,103056.55,52846.63,66701.1,1,0.2,0.389,0.393,0.629,84.83,0
C_2025_04964,Nov-2025,Token,60398.44,50998.83,309367.3744239444,54216.88,67385.94,6,0.6,0.4719528545151876,0.38,0.558,40.3,1
C_2025_04965,Nov-2025,NFT,203848.67,45581.75,103444.34,51048.63,66691.57,1,0.2,0.391,0.398,0.642,72.96,0
C_2025_04966,Nov-2025,Token,64428.86,44496.78,63766.33,51232.26,53165.12,0,0.0,0.15,0.374,0.571,50.0,0
C_2025_04967,Nov-2025,Token,57126.27,58804.26,123932.35,68294.75,83677.12,0,0.0,0.343,0.366,0.607,90.51,0
C_2025_04968,Nov-2025,Marketplace,111482.21,29649.59,64493.98,36211.58,43451.72,2,0.4,0.348,0.388,0.563,63.01,0
C_2025_04969,Nov-2025,Token,76697.91,57817.44,124477.26,56511.52,79602.07,1,0.2,0.399,0.355,0.616,90.05,0
C_2025_04970,Nov-2025,Marketplace,134895.03,60322.04,114613.69,55321.29,76752.34,3,0.6,0.35,0.365,0.6,66.25,0
C_2025_04971,Nov-2025,Marketplace,90344.32,42961.17,59773.6,52772.16,51835.65,2,0.4,0.133,0.379,0.62,74.62,0
C_2025_04972,Nov-2025,NFT,183092.24,36373.98,55210.85,41303.91,44296.24,1,0.2,0.18,0.387,0.577,90.61,0
C_2025_04973,Nov-2025,Healthcare,104585.44,49717.62,64590.62,46378.34,53562.19,0,0.0,0.148,0.363,0.582,46.12,0
C_2025_04974,Nov-2025,Token,48966.74,42633.05,86426.62,41709.86,56923.18,3,0.6,0.367,0.378,0.587,90.83,0
C_2025_04975,Nov-2025,Token,67403.79,56734.59,124714.35,65689.42,82379.45,0,0.0,0.366,0.385,0.568,77.54,0
C_2025_04976,Nov-2025,DeFi,98803.16,51688.27,108658.22,57326.62,72557.71,3,0.6,0.353,0.363,0.625,61.63,0
C_2025_04977,Nov-2025,NFT,159855.3,54706.38,69288.46,60115.94,61370.26,2,0.4,0.098,0.357,0.59,68.62,0
C_2025_04978,Nov-2025,NFT,181456.54,59778.29,388810.0735909871,59007.57,86887.42,8,0.8,0.7801669745375125,0.368,0.635,49.72,1
C_2025_04979,Nov-2025,Token,64489.55,45810.71,69694.93,48495.68,54667.1,3,0.6,0.195,0.365,0.574,71.47,0
C_2025_04980,Nov-2025,DeFi,141156.35,42536.92,88662.11,45451.04,58883.36,0,0.0,0.358,0.351,0.603,86.16,0
C_2025_04981,Nov-2025,DAO,94267.54,66115.38,155156.56,64713.61,95328.52,1,0.2,0.444,0.365,0.65,64.88,0
C_2025_04982,Nov-2025,DAO,139353.71,62698.18,155453.09,71475.08,96542.12,1,0.2,0.433,0.355,0.61,87.57,0
C_2025_04983,Nov-2025,DAO,93546.4,66750.33,130274.52,72591.56,89872.13,0,0.0,0.319,0.387,0.603,61.96,0
C_2025_04984,Nov-2025,NFT,143993.79,52858.36,313182.79989285575,60733.09,68809.65,5,0.2,0.4607706254697852,0.376,0.636,86.6,1
C_2025_04985,Nov-2025,Energy,93105.95,49797.22,107444.2,53157.1,70132.84,1,0.2,0.377,0.382,0.587,58.38,0
C_2025_04986,Nov-2025,Healthcare,109409.13,52797.81,379361.3919040395,60775.09,74489.64,4,0.0,0.6199057370881882,0.387,0.582,83.94,1
C_2025_04987,Nov-2025,NFT,143087.71,57512.09,95653.01,68589.09,73918.06,2,0.4,0.217,0.389,0.582,74.09,0
C_2025_04988,Nov-2025,Wallet,105922.51,44134.69,90190.46,44562.03,59629.06,3,0.6,0.362,0.352,0.608,58.66,0
C_2025_04989,Nov-2025,NFT,212996.29,45652.04,96365.25,41590.04,61202.44,2,0.4,0.407,0.365,0.592,79.07,0
C_2025_04990,Nov-2025,Marketplace,103496.15,60627.72,414418.5949382353,60822.79,82891.64,7,0.6,0.7130637572124203,0.361,0.593,60.98,1
C_2025_04991,Nov-2025,DeFi,113458.04,44872.47,98132.38,41935.15,61646.66,1,0.2,0.419,0.399,0.649,61.91,0
C_2025_04992,Nov-2025,Token,58802.22,51250.54,72275.87,65672.27,63066.23,4,0.8,0.139,0.397,0.585,87.38,0
C_2025_04993,Nov-2025,NFT,180311.26,50777.17,118010.27,63733.42,77506.95,3,0.6,0.376,0.382,0.565,87.82,0
C_2025_04994,Nov-2025,NFT,151584.71,47174.18,113990.63,43313.94,68159.58,2,0.4,0.476,0.376,0.62,92.36,0
C_2025_04995,Nov-2025,Energy,77920.17,52327.11,90737.04,53310.06,65458.07,2,0.4,0.273,0.361,0.617,43.09,0
C_2025_04996,Nov-2025,Wallet,95592.29,58995.34,98239.64,62666.02,73300.33,3,0.6,0.241,0.379,0.557,79.23,0
C_2025_04997,Nov-2025,DAO,102960.48,50877.83,74177.5,49899.82,58318.39,0,0.0,0.192,0.383,0.643,81.96,0
C_2025_04998,Nov-2025,DAO,80234.24,45320.45,77153.33,51687.92,58053.9,1,0.2,0.237,0.38,0.589,40.78,0
C_2025_04999,Nov-2025,DeFi,96861.71,51506.22,63418.15,50953.08,55292.48,0,0.0,0.104,0.397,0.581,40.81,0
C_2025_05000,Nov-2025,Healthcare,95869.45,55653.35,107787.02,53443.81,72294.73,4,0.8,0.347,0.398,0.592,53.17,0
C_2025_05001,Nov-2025,Wallet,107287.93,47617.42,92562.44,47523.93,62567.93,2,0.4,0.339,0.378,0.612,70.61,0
C_2025_05002,Nov-2025,Marketplace,112182.57,46879.51,103057.71,50322.14,66753.12,1,0.2,0.385,0.362,0.641,56.23,0
C_2025_05003,Nov-2025,DeFi,147622.43,54847.66,67383.45,50106.06,57445.72,2,0.4,0.127,0.35,0.579,44.96,0
C_2025_05004,Nov-2025,NFT,161652.31,41019.28,56051.81,48507.18,48526.09,1,0.2,0.126,0.38,0.64,44.84,0
C_2025_05005,Nov-2025,DeFi,136510.8,47286.25,107281.67,46191.21,66919.71,0,0.0,0.427,0.393,0.568,87.91,0
C_2025_05006,Nov-2025,NFT,169758.43,59369.52,132121.65,63107.32,84866.16,0,0.0,0.394,0.386,0.565,90.99,0
C_2025_05007,Nov-2025,NFT,159294.62,48763.8,73000.58,60711.28,60825.22,2,0.4,0.163,0.373,0.638,42.66,0
C_2025_05008,Nov-2025,Wallet,116713.72,47862.59,249641.6689351545,56788.63,66401.01,7,0.8,0.49789425198441317,0.358,0.644,83.78,1
C_2025_05009,Nov-2025,DAO,116032.66,37642.07,195373.74236507516,43821.42,48352.07,6,0.2,0.3897529451418795,0.398,0.557,65.34,1
C_2025_05010,Nov-2025,Token,51019.93,48918.54,94740.99,60345.21,68001.58,1,0.2,0.286,0.382,0.625,92.5,0
C_2025_05011,Nov-2025,NFT,143186.41,49139.1,120468.08,48911.67,72839.62,3,0.6,0.462,0.379,0.569,81.79,0
C_2025_05012,Nov-2025,DeFi,129686.48,56298.92,140330.87,60306.62,85645.47,2,0.4,0.452,0.395,0.63,87.98,0
C_2025_05013,Nov-2025,DAO,120957.6,52085.57,272151.48420961335,57534.99,72721.67,7,0.4,0.6561869920647472,0.358,0.645,52.16,1
C_2025_05014,Nov-2025,Wallet,108844.61,49423.31,88436.46,49890.16,62583.31,2,0.4,0.292,0.36,0.573,84.34,0
C_2025_05015,Nov-2025,NFT,157992.01,47741.07,116957.26,46354.52,70350.95,0,0.0,0.469,0.368,0.56,48.56,0
C_2025_05016,Nov-2025,Marketplace,106450.3,52495.79,70599.22,65723.84,62939.62,1,0.2,0.122,0.379,0.554,63.51,0
C_2025_05017,Nov-2025,DeFi,137815.39,50823.52,82557.94,61294.2,64891.89,0,0.0,0.203,0.372,0.572,67.09,0
C_2025_05018,Nov-2025,DeFi,134822.27,49556.32,118575.76,56141.48,74757.86,0,0.0,0.416,0.378,0.629,42.09,0
C_2025_05019,Nov-2025,Wallet,103329.53,49358.55,74884.09,46241.35,56828.0,1,0.2,0.226,0.358,0.647,68.38,0
C_2025_05020,Nov-2025,Marketplace,100783.67,59179.22,112009.62,53423.53,74870.79,2,0.4,0.352,0.37,0.629,67.59,0
C_2025_05021,Nov-2025,DeFi,113123.41,53884.85,125010.17,56316.92,78403.98,1,0.2,0.421,0.395,0.64,52.34,0
C_2025_05022,Nov-2025,NFT,166708.44,52110.61,64554.91,64337.52,60334.35,0,0.0,0.096,0.358,0.611,84.92,0
C_2025_05023,Nov-2025,Wallet,108158.03,49012.04,63741.09,44597.94,52450.36,0,0.0,0.156,0.397,0.56,72.87,0
C_2025_05024,Nov-2025,Token,66662.88,55476.57,68933.49,63163.71,62524.59,2,0.4,0.088,0.362,0.601,53.09,0
C_2025_05025,Nov-2025,Token,71895.1,60651.85,104382.19,72116.39,79050.14,0,0.0,0.234,0.387,0.61,74.65,0
C_2025_05026,Nov-2025,Token,66344.57,45045.15,256333.16839254822,49294.94,59109.81,6,0.2,0.5009831716907112,0.371,0.59,63.25,1
C_2025_05027,Nov-2025,DeFi,106886.33,56899.68,88205.79,62539.15,69214.87,4,0.8,0.197,0.378,0.592,59.86,0
C_2025_05028,Nov-2025,NFT,173914.0,54603.93,116593.88,70266.23,80488.01,0,0.0,0.327,0.353,0.581,42.44,0
C_2025_05029,Nov-2025,DeFi,130661.09,50848.18,110792.25,48620.87,70087.1,1,0.2,0.411,0.369,0.585,73.77,0
C_2025_05030,Nov-2025,Token,77754.97,60301.22,296908.21703508677,57813.7,72373.44,6,0.2,0.5104452453717897,0.386,0.564,75.06,1
C_2025_05031,Nov-2025,DAO,122851.05,54608.23,93572.99,49623.52,65934.91,4,0.8,0.298,0.4,0.596,78.31,0
C_2025_05032,Nov-2025,Healthcare,112631.9,66490.95,130385.78,81081.96,92652.9,2,0.4,0.295,0.352,0.561,46.9,0
C_2025_05033,Nov-2025,NFT,195636.29,48351.82,98457.99,62327.79,69712.53,0,0.0,0.303,0.386,0.581,41.28,0
C_2025_05034,Nov-2025,Wallet,105636.87,52810.62,78069.8,54721.64,61867.35,2,0.4,0.186,0.358,0.561,48.24,0
C_2025_05035,Nov-2025,Marketplace,110058.03,50047.41,122389.57,61971.73,78136.23,1,0.2,0.405,0.379,0.611,71.62,0
C_2025_05036,Nov-2025,NFT,195672.07,58590.88,76950.49,59423.4,64988.26,2,0.4,0.13,0.393,0.575,62.51,0
C_2025_05037,Nov-2025,Healthcare,117763.04,46881.75,100644.58,50824.05,66116.79,6,1.0,0.37,0.364,0.556,84.05,0
C_2025_05038,Nov-2025,Wallet,107214.38,42173.26,63471.8,45625.17,50423.41,4,0.8,0.185,0.399,0.59,68.74,0
C_2025_05039,Nov-2025,Marketplace,115403.16,47799.27,68526.07,54691.68,57005.67,2,0.4,0.151,0.381,0.627,50.33,0
C_2025_05040,Nov-2025,DAO,116835.73,52852.34,131200.43,56236.14,80096.3,0,0.0,0.451,0.371,0.616,89.03,0
C_2025_05041,Nov-2025,DeFi,149358.12,58934.92,70904.54,61616.02,63818.5,3,0.6,0.08,0.362,0.605,89.36,0
C_2025_05042,Nov-2025,Wallet,94390.41,57836.01,82162.69,56180.41,65393.04,3,0.6,0.182,0.385,0.568,79.24,0
C_2025_05043,Nov-2025,Wallet,95818.28,54953.25,304170.98635776434,54106.79,74274.58,10,1.0,0.6904714518480175,0.394,0.552,59.95,1
C_2025_05044,Nov-2025,DeFi,144517.43,47508.63,88616.92,55088.37,63737.98,1,0.2,0.28,0.391,0.58,91.27,0
C_2025_05045,Nov-2025,Token,65336.13,46291.32,114836.01,52953.17,71360.17,2,0.4,0.432,0.353,0.575,49.69,0
C_2025_05046,Nov-2025,DeFi,143660.44,46048.26,67934.01,45119.55,53033.94,2,0.4,0.199,0.386,0.649,71.13,0
C_2025_05047,Nov-2025,NFT,160054.13,38883.24,79447.95,45903.67,54744.95,4,0.8,0.323,0.384,0.617,51.99,0
C_2025_05048,Nov-2025,Healthcare,92398.09,50303.78,119162.66,51777.64,73748.03,3,0.6,0.436,0.388,0.568,66.99,0
C_2025_05049,Nov-2025,Marketplace,110873.16,41938.15,95070.79,50418.83,62475.92,0,0.0,0.373,0.375,0.635,75.76,0
C_2025_05050,Nov-2025,Token,63640.86,46564.12,89569.01,45123.45,60418.86,2,0.4,0.341,0.378,0.631,60.62,0
C_2025_05051,Nov-2025,DeFi,142331.68,41730.25,53917.39,51456.3,49034.65,4,0.8,0.107,0.361,0.553,61.15,0
C_2025_05052,Nov-2025,DeFi,130202.96,58203.29,109962.58,68481.38,78882.42,1,0.2,0.284,0.378,0.615,75.29,0
C_2025_05053,Nov-2025,Marketplace,111842.08,64077.02,151867.44,69568.69,95171.05,3,0.6,0.422,0.356,0.583,41.11,0
C_2025_05054,Nov-2025,Wallet,117135.95,36146.83,81214.69,40999.9,52787.14,0,0.0,0.383,0.363,0.608,79.0,0
C_2025_05055,Nov-2025,Token,64348.02,57818.18,125523.75,57599.11,80313.68,0,0.0,0.398,0.353,0.574,42.06,0
C_2025_05056,Nov-2025,NFT,174314.02,59535.64,134203.45,75965.05,89901.38,4,0.8,0.356,0.391,0.64,92.61,0
C_2025_05057,Nov-2025,Marketplace,113569.66,63735.69,156718.61,81801.57,100751.95,3,0.6,0.4,0.391,0.561,66.46,0
C_2025_05058,Nov-2025,DeFi,159743.59,48506.3,65548.35,45658.21,53237.62,2,0.4,0.165,0.389,0.591,85.81,0
C_2025_05059,Nov-2025,Wallet,127167.43,45672.73,85997.31,58202.18,63290.74,1,0.2,0.266,0.398,0.624,82.49,0
C_2025_05060,Nov-2025,NFT,180835.97,35137.19,141530.01588151362,35275.9,42299.92,7,0.4,0.41122463602490344,0.362,0.574,83.54,1
C_2025_05061,Nov-2025,NFT,126808.27,51753.5,118873.99,52736.62,74454.7,1,0.2,0.422,0.356,0.564,59.08,0
C_2025_05062,Nov-2025,Wallet,109566.22,50013.95,202318.3150350437,48526.54,56968.76,6,0.2,0.32360553626996885,0.36,0.648,72.71,1
C_2025_05063,Nov-2025,Wallet,118077.7,54429.83,112560.07,64316.04,77101.98,3,0.6,0.329,0.364,0.559,86.05,0
C_2025_05064,Nov-2025,NFT,192645.15,49111.56,85217.32,52895.39,62408.09,2,0.4,0.26,0.368,0.613,51.22,0
C_2025_05065,Nov-2025,NFT,211439.54,66910.64,157596.68,84196.21,102901.18,1,0.2,0.382,0.392,0.55,66.3,0
C_2025_05066,Nov-2025,Token,54147.05,61524.15,147963.04,71140.71,93542.63,2,0.4,0.414,0.387,0.622,69.16,0
C_2025_05067,Nov-2025,DAO,122990.17,31075.57,67460.72,36828.1,45121.46,3,0.6,0.354,0.381,0.611,43.83,0
C_2025_05068,Nov-2025,NFT,212737.14,42780.04,90516.22,53783.92,62360.06,1,0.2,0.327,0.38,0.61,56.71,0
C_2025_05069,Nov-2025,Token,60918.37,45709.14,65401.2,55879.68,55663.34,0,0.0,0.144,0.363,0.572,79.21,0
C_2025_05070,Nov-2025,Wallet,92327.34,42397.11,72796.52,50941.24,55378.29,0,0.0,0.231,0.352,0.576,88.91,0
C_2025_05071,Nov-2025,DeFi,127042.23,60993.73,132491.86,67552.15,87012.58,2,0.4,0.371,0.353,0.612,79.43,0
C_2025_05072,Nov-2025,DeFi,147460.38,59999.93,140329.6,73961.41,91430.31,2,0.4,0.383,0.373,0.644,55.07,0
C_2025_05073,Nov-2025,DAO,111294.81,45316.56,75299.35,47667.29,56094.4,2,0.4,0.243,0.375,0.649,92.64,0
C_2025_05074,Nov-2025,DAO,100167.93,54014.24,90092.96,67692.56,70599.92,2,0.4,0.211,0.393,0.554,63.88,0
C_2025_05075,Nov-2025,Marketplace,119070.09,53330.71,106262.66,51693.72,70429.03,2,0.4,0.36,0.373,0.62,64.81,0
C_2025_05076,Nov-2025,DAO,107448.25,58266.42,114114.11,57361.43,76580.65,1,0.2,0.347,0.361,0.578,42.43,0
C_2025_05077,Nov-2025,DAO,106796.52,40493.67,55491.66,38604.8,44863.38,2,0.4,0.168,0.363,0.601,72.78,0
C_2025_05078,Nov-2025,Token,50458.07,38796.27,81881.66,49655.76,56777.9,1,0.2,0.322,0.383,0.551,74.82,0
C_2025_05079,Nov-2025,NFT,159365.26,24915.02,48943.9,29824.83,34561.25,1,0.2,0.3,0.387,0.633,43.75,0
C_2025_05080,Nov-2025,Token,73446.99,44879.32,207785.4727520337,52865.88,60123.26,7,0.6,0.5123916239306282,0.369,0.593,45.73,1
C_2025_05081,Nov-2025,DeFi,150831.86,46122.37,106125.96,57858.35,70035.56,0,0.0,0.371,0.389,0.6,51.34,0
C_2025_05082,Nov-2025,DeFi,148326.98,49964.37,88163.34,64763.04,67630.25,2,0.4,0.233,0.351,0.611,71.76,0
C_2025_05083,Nov-2025,Marketplace,144616.65,60291.56,138464.34,61904.24,86886.72,2,0.4,0.42,0.396,0.624,42.93,0
C_2025_05084,Nov-2025,Healthcare,105858.75,60989.77,152028.58,57926.52,90314.96,1,0.2,0.483,0.372,0.643,83.68,0
C_2025_05085,Nov-2025,DeFi,120706.05,59567.24,143828.15,62385.03,88593.47,0,0.0,0.441,0.382,0.586,48.45,0
C_2025_05086,Nov-2025,DeFi,132747.68,54641.23,433045.5530581601,61918.97,82979.63,3,0.0,0.8410857619649721,0.351,0.64,42.13,1
C_2025_05087,Nov-2025,DeFi,107197.45,56933.3,119215.8,57724.05,77957.72,0,0.0,0.374,0.387,0.581,70.29,0
C_2025_05088,Nov-2025,DeFi,141054.44,57960.78,95817.42,69502.55,74426.92,5,1.0,0.213,0.4,0.553,94.27,0
C_2025_05089,Nov-2025,Token,62053.84,37436.26,87930.12,37351.34,54239.24,1,0.2,0.439,0.385,0.551,64.77,0
C_2025_05090,Nov-2025,Token,50854.51,49324.79,94207.52,47442.12,63658.14,2,0.4,0.34,0.379,0.557,77.33,0
C_2025_05091,Nov-2025,Token,65083.09,57657.99,106194.46,74757.36,79536.6,3,0.6,0.253,0.364,0.617,65.08,0
C_2025_05092,Nov-2025,DAO,106185.43,49490.63,116287.14,62051.31,75943.03,2,0.4,0.382,0.375,0.594,76.11,0
C_2025_05093,Nov-2025,NFT,171551.86,23260.76,36854.96,21385.23,27166.99,1,0.2,0.254,0.364,0.595,57.55,0
C_2025_05094,Nov-2025,Token,51390.76,68406.31,104806.61,63974.13,79062.35,0,0.0,0.231,0.374,0.635,45.54,0
C_2025_05095,Nov-2025,DeFi,145828.58,55121.55,85978.82,64343.16,68481.18,3,0.6,0.189,0.362,0.604,43.44,0
C_2025_05096,Nov-2025,DAO,119340.89,47301.28,89478.64,50833.27,62537.73,1,0.2,0.305,0.362,0.633,94.18,0
C_2025_05097,Nov-2025,DAO,100122.69,50545.36,292576.6274415643,63223.24,74591.01,6,0.6,0.6559285455277121,0.351,0.616,79.03,1
C_2025_05098,Nov-2025,Wallet,115765.94,63531.81,384745.9957916209,73413.1,90333.57,4,0.0,0.5396435821727529,0.395,0.612,80.03,1
C_2025_05099,Nov-2025,DeFi,139336.47,48133.92,89211.43,56393.82,64579.72,3,0.6,0.275,0.398,0.648,45.69,0
C_2025_05100,Nov-2025,DAO,133503.86,33860.98,44686.54,33043.98,37197.17,2,0.4,0.143,0.396,0.64,87.14,0
C_2025_05101,Nov-2025,Healthcare,107874.72,31093.77,53626.59,39770.01,41496.79,1,0.2,0.224,0.364,0.596,92.45,0
C_2025_05102,Nov-2025,NFT,210354.56,54973.13,72293.83,68767.51,65344.82,2,0.4,0.114,0.384,0.597,47.84,0
C_2025_05103,Nov-2025,Token,62899.21,48893.39,253800.7178095358,56703.46,64084.29,5,0.2,0.43976426652921774,0.373,0.603,50.15,1
C_2025_05104,Nov-2025,DAO,83730.61,54382.81,85481.85,61691.46,67185.38,0,0.0,0.198,0.395,0.643,76.33,0
C_2025_05105,Nov-2025,Marketplace,121283.6,38248.57,75807.91,40409.62,51488.7,1,0.2,0.334,0.361,0.615,88.72,0
C_2025_05106,Nov-2025,DAO,98865.19,47741.36,58084.43,50718.61,52181.47,1,0.2,0.083,0.362,0.616,75.12,0
C_2025_05107,Nov-2025,DeFi,133867.51,54257.68,76743.35,65143.82,65381.61,0,0.0,0.14,0.378,0.558,42.6,0
C_2025_05108,Nov-2025,DAO,98497.17,49305.59,78823.2,51057.58,59728.79,2,0.4,0.226,0.389,0.57,84.27,0
C_2025_05109,Nov-2025,Energy,85212.24,42851.82,256350.38473341605,39563.39,57648.09,4,0.0,0.7392954765765352,0.367,0.623,46.4,1
C_2025_05110,Nov-2025,Energy,93633.3,56416.5,115494.57,61087.25,77666.11,0,0.0,0.345,0.362,0.572,49.05,0
C_2025_05111,Nov-2025,DAO,117286.74,49661.79,102080.58,61302.55,71014.97,2,0.4,0.316,0.396,0.62,92.74,0
C_2025_05112,Nov-2025,DeFi,147945.2,55253.57,130278.36,66508.7,84013.54,2,0.4,0.393,0.389,0.587,67.41,0
C_2025_05113,Nov-2025,Energy,106815.88,50607.58,77016.6,50611.92,59412.03,2,0.4,0.21,0.392,0.576,46.81,0
C_2025_05114,Nov-2025,Marketplace,111194.41,51744.24,74003.06,63535.96,63094.42,2,0.4,0.144,0.372,0.619,61.49,0
C_2025_05115,Nov-2025,DeFi,104596.43,60540.18,73071.64,73056.36,68889.39,1,0.2,0.086,0.386,0.596,78.22,0
C_2025_05116,Nov-2025,DAO,114025.51,50333.37,78221.31,59048.97,62534.55,0,0.0,0.186,0.366,0.558,88.44,0
C_2025_05117,Nov-2025,Wallet,97323.48,44056.41,94711.83,43165.42,60644.55,1,0.2,0.397,0.398,0.575,94.76,0
C_2025_05118,Nov-2025,Wallet,112200.22,57253.56,94859.59,63284.41,71799.19,1,0.2,0.23,0.381,0.558,90.09,0
C_2025_05119,Nov-2025,Token,53932.62,48566.88,77687.53,60538.07,62264.16,1,0.2,0.192,0.397,0.615,77.16,0
C_2025_05120,Nov-2025,DeFi,141827.23,40576.13,206958.50471808537,51305.15,53781.77,4,0.0,0.3676379353976759,0.364,0.557,60.95,1
C_2025_05121,Nov-2025,DeFi,132546.31,48616.45,116803.76,56772.85,74064.36,0,0.0,0.411,0.367,0.646,47.5,0
C_2025_05122,Nov-2025,Healthcare,85923.17,56165.23,140351.93,56960.28,84492.48,0,0.0,0.467,0.385,0.583,76.17,0
C_2025_05123,Nov-2025,DeFi,130843.6,42287.53,71372.94,47138.2,53599.56,5,1.0,0.237,0.383,0.565,53.51,0
C_2025_05124,Nov-2025,DeFi,144622.26,60311.57,97018.62,72905.69,76745.3,3,0.6,0.198,0.399,0.577,88.81,0
C_2025_05125,Nov-2025,Token,66440.22,52805.77,119080.37,57196.19,76360.78,3,0.6,0.396,0.377,0.634,87.34,0
C_2025_05126,Nov-2025,NFT,165736.99,54352.91,95334.62,62262.91,70650.15,2,0.4,0.251,0.38,0.607,76.47,0
C_2025_05127,Nov-2025,Wallet,96244.49,52845.53,123486.34,52646.19,76326.02,1,0.2,0.437,0.383,0.64,40.53,0
C_2025_05128,Nov-2025,Healthcare,102831.51,52530.24,127051.72,61395.92,80325.96,0,0.0,0.414,0.393,0.598,55.3,0
C_2025_05129,Nov-2025,DeFi,138234.98,55986.99,112531.44,70510.31,79676.25,1,0.2,0.301,0.394,0.587,63.75,0
C_2025_05130,Nov-2025,Healthcare,123424.84,39199.44,74522.91,37107.81,50276.72,4,0.8,0.341,0.394,0.585,41.11,0
C_2025_05131,Nov-2025,Token,62864.02,37870.88,76367.02,44811.17,53016.36,4,0.8,0.316,0.398,0.637,49.31,0
C_2025_05132,Nov-2025,Wallet,92259.88,58585.54,80440.27,55683.75,64903.18,2,0.4,0.17,0.397,0.576,82.02,0
C_2025_05133,Nov-2025,Marketplace,92310.37,48787.41,112643.45,57177.85,72869.57,0,0.0,0.389,0.377,0.635,43.68,0
C_2025_05134,Nov-2025,Token,75434.56,47137.63,374644.7445014326,57043.38,71115.13,5,0.2,0.7072298384624036,0.387,0.565,72.72,1
C_2025_05135,Nov-2025,DeFi,141057.84,53713.39,221537.74685504774,55425.23,60464.15,6,0.6,0.26922441899271976,0.351,0.619,90.0,1
C_2025_05136,Nov-2025,Token,69043.84,59824.03,147815.69,64205.94,90615.22,1,0.2,0.447,0.397,0.608,61.49,0
C_2025_05137,Nov-2025,NFT,172421.56,46585.82,56120.89,47971.01,50225.91,1,0.2,0.084,0.377,0.569,83.09,0
C_2025_05138,Nov-2025,DeFi,109303.92,52313.04,121686.09,63487.61,79162.25,1,0.2,0.384,0.373,0.65,84.62,0
C_2025_05139,Nov-2025,DeFi,136085.15,58875.91,125215.49,71954.04,85348.48,0,0.0,0.336,0.385,0.632,42.25,0
C_2025_05140,Nov-2025,DeFi,114508.02,40471.95,320423.9081685318,49057.69,61019.53,7,0.6,0.6133642684577668,0.362,0.62,53.3,1
C_2025_05141,Nov-2025,Energy,124701.52,49797.57,92698.85,48386.32,63627.58,4,0.8,0.323,0.355,0.62,86.51,0
C_2025_05142,Nov-2025,Healthcare,91374.35,47397.29,352151.1608109971,52991.65,68910.96,3,0.0,0.733315338982645,0.397,0.645,60.19,1
C_2025_05143,Nov-2025,Wallet,112113.0,45304.08,73048.05,41976.13,53442.75,4,0.8,0.261,0.368,0.561,43.04,0
C_2025_05144,Nov-2025,DeFi,149576.71,53069.42,94933.83,58889.63,68964.29,1,0.2,0.268,0.368,0.557,49.1,0
C_2025_05145,Nov-2025,Marketplace,107831.27,41622.76,53475.95,50887.73,48662.15,2,0.4,0.105,0.376,0.649,43.61,0
C_2025_05146,Nov-2025,DeFi,112013.26,60441.75,111959.16,59644.76,77348.56,0,0.0,0.316,0.362,0.557,55.29,0
C_2025_05147,Nov-2025,Energy,122684.74,60626.36,116453.84,54573.12,77217.77,0,0.0,0.361,0.392,0.577,90.17,0
C_2025_05148,Nov-2025,DAO,113101.64,56440.2,113973.82,70046.35,80153.46,2,0.4,0.306,0.389,0.616,44.4,0
C_2025_05149,Nov-2025,DAO,113617.15,48863.74,72829.1,53207.93,58300.26,1,0.2,0.179,0.359,0.579,65.48,0
C_2025_05150,Nov-2025,Token,65357.77,58580.29,119941.77,62703.3,80408.45,2,0.4,0.348,0.374,0.633,80.35,0
C_2025_05151,Nov-2025,DeFi,127426.02,52043.12,128563.36,52773.34,77793.27,0,0.0,0.461,0.375,0.561,77.47,0
C_2025_05152,Nov-2025,Healthcare,119166.87,68549.09,170837.28,77581.82,105656.06,3,0.6,0.438,0.372,0.636,85.99,0
C_2025_05153,Nov-2025,NFT,152927.51,52665.84,70565.07,67510.91,63580.61,3,0.6,0.123,0.378,0.599,80.44,0
C_2025_05154,Nov-2025,NFT,199807.01,38101.69,46868.82,46854.6,43941.71,3,0.6,0.094,0.362,0.58,65.15,0
C_2025_05155,Nov-2025,DAO,123450.67,33139.98,49038.48,30866.29,37681.58,2,0.4,0.215,0.368,0.574,52.12,0
C_2025_05156,Nov-2025,Wallet,88388.36,43088.3,61667.39,40691.72,48482.47,3,0.6,0.193,0.366,0.617,56.04,0
C_2025_05157,Nov-2025,DeFi,161877.85,53441.44,100200.31,56931.91,70191.22,2,0.4,0.303,0.385,0.587,82.67,0
C_2025_05158,Nov-2025,NFT,176502.03,51455.15,89031.25,62702.86,67729.75,4,0.8,0.232,0.355,0.599,43.11,0
C_2025_05159,Nov-2025,DeFi,156221.26,46610.83,81458.58,41980.14,56683.19,1,0.2,0.311,0.389,0.628,84.35,0
C_2025_05160,Nov-2025,Token,73581.15,54940.08,97915.47,61455.36,71436.97,1,0.2,0.265,0.365,0.572,68.9,0
C_2025_05161,Nov-2025,Token,69708.02,42195.33,232494.19492602648,40470.46,53852.09,3,0.0,0.519344453982981,0.357,0.564,57.21,1
C_2025_05162,Nov-2025,DAO,105336.56,44133.67,84707.22,53187.84,60676.24,2,0.4,0.287,0.361,0.579,83.24,0
C_2025_05163,Nov-2025,Wallet,97728.16,55247.42,126536.99,68709.14,83497.85,2,0.4,0.37,0.355,0.59,63.61,0
C_2025_05164,Nov-2025,DeFi,124043.95,55036.26,110895.86,66884.75,77605.62,1,0.2,0.31,0.383,0.623,92.79,0
C_2025_05165,Nov-2025,DAO,113636.83,52634.51,299557.3616091542,49865.66,71011.03,8,0.6,0.7164917661959372,0.376,0.646,42.8,1
C_2025_05166,Nov-2025,DeFi,143238.6,54686.9,121698.81,61616.27,79333.99,1,0.2,0.379,0.362,0.581,40.48,0
C_2025_05167,Nov-2025,DeFi,114147.3,46777.68,100198.45,49864.13,65613.42,1,0.2,0.373,0.357,0.563,51.18,0
C_2025_05168,Nov-2025,Marketplace,106842.49,47101.57,91977.34,47220.95,62099.95,1,0.2,0.34,0.395,0.564,59.18,0
C_2025_05169,Nov-2025,NFT,201342.86,45333.25,82896.64,47744.19,58658.03,2,0.4,0.293,0.366,0.648,66.58,0
C_2025_05170,Nov-2025,Token,55968.93,48044.4,110059.68,45801.84,67968.64,0,0.0,0.438,0.372,0.594,93.98,0
C_2025_05171,Nov-2025,DeFi,129294.93,41339.77,60423.0,48810.1,50190.96,2,0.4,0.156,0.378,0.597,60.59,0
C_2025_05172,Nov-2025,Marketplace,82883.59,55837.79,125513.54,61315.19,80888.84,1,0.2,0.391,0.356,0.588,50.1,0
C_2025_05173,Nov-2025,NFT,149154.29,46223.5,107639.8,52101.37,68654.89,2,0.4,0.403,0.393,0.598,47.5,0
C_2025_05174,Nov-2025,DAO,108058.15,60541.77,120234.79,76127.86,85634.81,4,0.8,0.295,0.392,0.584,65.52,0
C_2025_05175,Nov-2025,DeFi,131513.5,51033.33,124432.77,53349.7,76271.93,0,0.0,0.447,0.396,0.599,88.92,0
C_2025_05176,Nov-2025,Healthcare,117241.3,52989.15,108688.16,64909.0,75528.77,0,0.0,0.317,0.398,0.568,41.35,0
C_2025_05177,Nov-2025,DeFi,157338.34,52119.68,111084.96,53979.99,72394.87,3,0.6,0.378,0.381,0.636,89.53,0
C_2025_05178,Nov-2025,Marketplace,109965.37,48486.27,85690.18,54223.2,62799.88,2,0.4,0.26,0.37,0.551,85.62,0
C_2025_05179,Nov-2025,Marketplace,128144.45,38545.48,62526.3,44170.23,48414.0,1,0.2,0.212,0.381,0.561,66.46,0
C_2025_05180,Nov-2025,Wallet,114666.86,63943.23,138766.55,64535.67,89081.82,0,0.0,0.394,0.353,0.577,62.42,0
C_2025_05181,Nov-2025,DeFi,153980.14,51861.63,118840.52,61065.63,77255.93,1,0.2,0.384,0.371,0.577,74.35,0
C_2025_05182,Nov-2025,DAO,110919.04,60718.91,76481.02,77471.23,71557.05,2,0.4,0.107,0.371,0.556,92.12,0
C_2025_05183,Nov-2025,NFT,150601.7,56200.44,106420.99,64863.64,75828.36,1,0.2,0.289,0.363,0.555,43.85,0
C_2025_05184,Nov-2025,Token,62989.53,47978.81,73039.93,61171.63,60730.12,2,0.4,0.169,0.35,0.639,69.28,0
C_2025_05185,Nov-2025,Token,70469.11,49401.21,106189.4,51128.69,68906.43,3,0.6,0.383,0.398,0.604,76.97,0
C_2025_05186,Nov-2025,DeFi,123286.0,47134.54,61425.91,50383.3,52981.25,0,0.0,0.115,0.354,0.646,80.34,0
C_2025_05187,Nov-2025,DAO,130273.85,50991.67,271246.97969978885,49523.77,67412.83,6,0.4,0.5422627613888072,0.366,0.588,73.14,1
C_2025_05188,Nov-2025,Wallet,114451.01,45451.8,74987.81,53483.54,57974.38,3,0.6,0.215,0.387,0.614,82.49,0
C_2025_05189,Nov-2025,NFT,167100.87,56181.28,114474.7,56746.19,75800.72,1,0.2,0.361,0.372,0.61,81.73,0
C_2025_05190,Nov-2025,Wallet,114560.89,50679.7,109445.65,65579.77,75235.04,2,0.4,0.332,0.387,0.619,76.78,0
C_2025_05191,Nov-2025,Token,70203.15,53100.65,79443.26,59789.09,64111.0,1,0.2,0.174,0.399,0.629,57.67,0
C_2025_05192,Nov-2025,Token,75850.32,42962.31,174658.38600180394,46640.58,47266.53,6,0.6,0.13368410952513451,0.393,0.641,70.39,1
C_2025_05193,Nov-2025,Token,68711.82,45321.05,73200.18,50347.72,56289.65,0,0.0,0.216,0.375,0.588,77.73,0
C_2025_05194,Nov-2025,DeFi,131750.18,46569.34,102617.53,42150.43,63779.1,1,0.2,0.432,0.385,0.596,70.36,0
C_2025_05195,Nov-2025,NFT,151072.06,43883.8,56713.74,54673.78,51757.11,5,1.0,0.109,0.396,0.562,68.44,0
C_2025_05196,Nov-2025,DAO,108930.27,59223.41,83823.12,62141.86,68396.13,4,0.8,0.16,0.364,0.587,40.66,0
C_2025_05197,Nov-2025,Token,58833.01,48135.54,90140.15,43407.08,60560.92,2,0.4,0.347,0.353,0.575,85.52,0
C_2025_05198,Nov-2025,NFT,208326.15,63502.83,76250.78,69145.72,69633.11,1,0.2,0.075,0.38,0.637,49.99,0
C_2025_05199,Nov-2025,Energy,96840.22,44591.94,106586.29,43307.65,64828.63,1,0.2,0.456,0.374,0.591,42.27,0
C_2025_05200,Nov-2025,Wallet,116089.2,54722.56,85433.73,62690.06,67615.45,2,0.4,0.192,0.355,0.634,49.87,0
C_2025_05201,Nov-2025,Marketplace,116568.71,43894.59,63130.36,41654.16,49559.71,2,0.4,0.195,0.367,0.579,59.58,0
C_2025_05202,Nov-2025,DAO,101563.23,62748.52,137259.23,72547.41,90851.72,1,0.2,0.364,0.385,0.603,87.76,0
C_2025_05203,Nov-2025,NFT,178154.56,52510.72,130540.03,59789.47,80946.74,0,0.0,0.435,0.375,0.573,58.35,0
C_2025_05204,Nov-2025,Healthcare,87376.42,49269.25,78954.37,52265.14,60162.92,1,0.2,0.222,0.388,0.59,85.75,0
C_2025_05205,Nov-2025,Wallet,113914.62,53979.84,92611.86,64156.59,70249.43,0,0.0,0.233,0.383,0.591,76.06,0
C_2025_05206,Nov-2025,Token,68069.41,62475.68,127151.9,61564.24,83730.6,2,0.4,0.367,0.371,0.581,56.79,0
C_2025_05207,Nov-2025,DeFi,137813.05,64397.44,79784.42,59207.66,67796.51,2,0.4,0.129,0.375,0.635,40.24,0
C_2025_05208,Nov-2025,Marketplace,114692.88,48329.57,63114.09,55230.96,55558.21,1,0.2,0.109,0.352,0.6,80.43,0
C_2025_05209,Nov-2025,DeFi,138197.28,42624.61,81425.73,44463.38,56171.24,1,0.2,0.318,0.373,0.605,65.23,0
C_2025_05210,Nov-2025,NFT,204605.93,44961.57,92303.01,51965.9,63076.83,3,0.6,0.331,0.389,0.564,68.21,0
C_2025_05211,Nov-2025,DeFi,135388.08,50145.67,124777.92,61161.96,78695.19,2,0.4,0.418,0.391,0.625,82.43,0
C_2025_05212,Nov-2025,DAO,106527.34,41747.69,79260.39,39654.6,53554.23,1,0.2,0.34,0.398,0.625,74.14,0
C_2025_05213,Nov-2025,DeFi,120822.21,41290.45,169219.98038871575,46016.06,48203.55,5,0.2,0.2727636944511644,0.355,0.573,79.27,1
C_2025_05214,Nov-2025,NFT,180538.46,53449.7,100615.41,50352.02,68139.04,1,0.2,0.338,0.367,0.581,59.76,0
C_2025_05215,Nov-2025,NFT,197684.65,44253.54,62983.45,54800.86,54012.62,2,0.4,0.142,0.379,0.632,55.92,0
C_2025_05216,Nov-2025,DAO,115798.14,57379.31,142496.94,70569.92,90148.72,0,0.0,0.415,0.372,0.56,43.83,0
C_2025_05217,Nov-2025,Energy,116079.78,52022.55,128269.31,52448.44,77580.1,0,0.0,0.462,0.378,0.57,56.27,0
C_2025_05218,Nov-2025,DeFi,135990.5,53470.35,126382.27,58437.61,79430.08,2,0.4,0.419,0.391,0.552,83.87,0
C_2025_05219,Nov-2025,Token,59196.57,58077.95,124651.9,57241.48,79990.44,4,0.8,0.395,0.374,0.638,70.88,0
C_2025_05220,Nov-2025,DAO,107852.48,58171.95,129953.63,72599.74,86908.44,2,0.4,0.357,0.372,0.567,49.93,0
C_2025_05221,Nov-2025,DAO,116905.29,49878.2,98234.36,61925.69,70012.75,1,0.2,0.294,0.358,0.579,73.92,0
C_2025_05222,Nov-2025,NFT,195264.68,33387.67,78326.01,42919.58,51544.42,1,0.2,0.375,0.382,0.594,46.92,0
C_2025_05223,Nov-2025,Token,48774.28,56238.51,92766.78,52739.24,67248.17,2,0.4,0.269,0.396,0.645,84.57,0
C_2025_05224,Nov-2025,NFT,151632.51,62045.6,109488.8,67133.62,79556.01,2,0.4,0.267,0.381,0.609,84.67,0
C_2025_05225,Nov-2025,Healthcare,113396.04,45447.77,230826.2136878212,43259.59,54270.3,6,0.4,0.5076777255651873,0.358,0.649,84.19,1
C_2025_05226,Nov-2025,Marketplace,122062.49,42950.52,59123.11,49881.66,50651.76,0,0.0,0.131,0.367,0.648,46.65,0
C_2025_05227,Nov-2025,Energy,101654.71,51262.29,106124.3,51850.01,69745.53,1,0.2,0.369,0.36,0.644,89.82,0
C_2025_05228,Nov-2025,Marketplace,116890.42,39089.4,96217.86,44637.24,59981.5,2,0.4,0.429,0.394,0.647,93.22,0
C_2025_05229,Nov-2025,DeFi,132440.16,40757.56,79900.9,39859.56,53506.01,2,0.4,0.349,0.366,0.556,92.63,0
C_2025_05230,Nov-2025,DeFi,139238.86,55766.2,68498.32,64115.71,62793.41,0,0.0,0.084,0.383,0.612,86.86,0
C_2025_05231,Nov-2025,DeFi,117903.3,49325.04,91121.08,54731.34,65059.15,2,0.4,0.285,0.385,0.564,44.92,0
C_2025_05232,Nov-2025,DeFi,119080.22,48602.82,110719.63,52746.29,70689.58,5,1.0,0.401,0.357,0.609,64.22,0
C_2025_05233,Nov-2025,Healthcare,106784.51,48537.49,85761.93,56320.34,63539.92,3,0.6,0.252,0.377,0.648,42.48,0
C_2025_05234,Nov-2025,Token,48749.83,52728.34,70495.43,56623.29,59949.02,2,0.4,0.127,0.379,0.573,58.78,0
C_2025_05235,Nov-2025,NFT,191291.97,46586.4,58784.81,48412.52,51261.24,2,0.4,0.105,0.386,0.625,50.58,0
C_2025_05236,Nov-2025,NFT,171604.55,56513.75,68632.66,65965.02,63703.81,1,0.2,0.082,0.398,0.606,65.81,0
C_2025_05237,Nov-2025,DeFi,110265.23,46304.36,112920.43,54679.13,71301.31,3,0.6,0.416,0.356,0.62,71.07,0
C_2025_05238,Nov-2025,Wallet,99377.75,46970.14,85812.79,55036.87,62606.6,0,0.0,0.267,0.382,0.633,48.64,0
C_2025_05239,Nov-2025,DeFi,124292.55,51450.88,62272.81,46977.43,53567.04,3,0.6,0.12,0.354,0.612,40.18,0
C_2025_05240,Nov-2025,DeFi,120100.96,56013.33,89004.19,58118.96,67712.16,1,0.2,0.223,0.364,0.604,65.47,0
C_2025_05241,Nov-2025,Healthcare,111067.19,42915.04,61792.32,45723.86,50143.74,0,0.0,0.166,0.394,0.583,82.62,0
C_2025_05242,Nov-2025,Token,67891.63,50148.4,102940.54,47710.97,66933.3,2,0.4,0.381,0.39,0.612,88.52,0
C_2025_05243,Nov-2025,Token,60837.98,57573.11,88271.61,68715.32,71520.02,1,0.2,0.177,0.359,0.565,72.44,0
C_2025_05244,Nov-2025,Healthcare,96914.67,51078.76,77780.36,64497.99,64452.37,1,0.2,0.169,0.394,0.575,72.4,0
C_2025_05245,Nov-2025,Wallet,125985.21,44442.06,74798.82,44421.83,54554.23,3,0.6,0.262,0.371,0.63,72.18,0
C_2025_05246,Nov-2025,Wallet,111913.83,49008.19,112124.43,63003.21,74711.94,3,0.6,0.362,0.396,0.577,43.14,0
C_2025_05247,Nov-2025,DAO,115779.5,38293.18,48333.7,34475.58,40367.48,3,0.6,0.145,0.364,0.558,69.62,0
C_2025_05248,Nov-2025,DAO,92807.11,40411.29,72535.14,50104.95,54350.46,0,0.0,0.248,0.376,0.57,51.68,0
C_2025_05249,Nov-2025,DeFi,125848.46,36732.81,67688.28,45864.75,50095.28,2,0.4,0.259,0.391,0.629,83.89,0
C_2025_05250,Nov-2025,Marketplace,113791.77,58488.97,127308.1,70799.03,85532.03,5,1.0,0.35,0.352,0.552,91.64,0
C_2025_05251,Nov-2025,DeFi,112894.45,37884.49,68604.28,38123.9,48204.22,2,0.4,0.299,0.387,0.617,68.91,0
C_2025_05252,Nov-2025,Wallet,119585.79,47007.53,249498.33072002087,49351.57,59127.64,6,0.6,0.42896398827864013,0.373,0.572,46.82,1
C_2025_05253,Nov-2025,Energy,97120.31,51231.37,119133.82,66250.3,78871.83,1,0.2,0.369,0.367,0.614,73.44,0
C_2025_05254,Nov-2025,Wallet,94682.66,39802.47,81127.18,44651.14,55193.6,3,0.6,0.334,0.388,0.595,82.77,0
C_2025_05255,Nov-2025,DeFi,125319.48,53859.02,81339.97,57793.42,64330.81,0,0.0,0.189,0.384,0.625,59.0,0
C_2025_05256,Nov-2025,Token,84138.61,42647.0,55256.74,50516.18,49473.31,3,0.6,0.105,0.355,0.628,73.55,0
C_2025_05257,Nov-2025,DeFi,115163.84,57129.07,84999.79,70293.71,70807.52,2,0.4,0.161,0.379,0.557,56.64,0
C_2025_05258,Nov-2025,DAO,109587.11,43984.99,104364.43,46433.66,64927.69,2,0.4,0.43,0.371,0.586,78.36,0
C_2025_05259,Nov-2025,Marketplace,84681.26,51323.66,65464.34,49612.31,55466.77,2,0.4,0.128,0.378,0.553,56.0,0
C_2025_05260,Nov-2025,NFT,208358.18,47103.01,59224.51,57112.03,54479.85,0,0.0,0.097,0.388,0.613,58.68,0
C_2025_05261,Nov-2025,Token,57592.4,56285.94,83621.01,52047.49,63984.81,1,0.2,0.219,0.371,0.551,48.53,0
C_2025_05262,Nov-2025,Token,71275.24,42415.49,87758.77,41175.7,57116.65,3,0.6,0.379,0.378,0.617,67.98,0
C_2025_05263,Nov-2025,Token,72036.49,57283.39,71054.78,66031.12,64789.77,1,0.2,0.088,0.371,0.64,92.44,0
C_2025_05264,Nov-2025,DeFi,122309.86,53320.99,89959.76,51882.46,65054.41,4,0.8,0.271,0.356,0.641,86.41,0
C_2025_05265,Nov-2025,DeFi,94710.41,39338.82,75477.02,44793.32,53203.06,1,0.2,0.299,0.381,0.571,94.94,0
C_2025_05266,Nov-2025,NFT,183429.92,36036.12,69204.03,38940.42,48060.19,1,0.2,0.312,0.355,0.589,52.33,0
C_2025_05267,Nov-2025,DeFi,116991.08,54188.84,131907.26,53451.7,79849.26,1,0.2,0.461,0.386,0.607,43.2,0
C_2025_05268,Nov-2025,DeFi,130458.42,46446.33,95075.2,57089.48,66203.67,3,0.6,0.315,0.368,0.563,75.61,0
C_2025_05269,Nov-2025,Marketplace,101937.49,54656.26,100749.34,57875.41,71093.67,0,0.0,0.296,0.362,0.574,63.04,0
C_2025_05270,Nov-2025,DAO,122629.76,32976.84,43568.14,37346.28,37963.75,0,0.0,0.114,0.363,0.6,77.78,0
C_2025_05271,Nov-2025,Wallet,84520.01,54374.57,114370.47,55109.27,74618.1,5,1.0,0.377,0.395,0.565,42.37,0
C_2025_05272,Nov-2025,Token,68575.7,50249.75,106663.01,51358.11,69423.62,1,0.2,0.379,0.374,0.574,42.71,0
C_2025_05273,Nov-2025,NFT,191841.88,42426.55,81312.42,38581.6,54106.86,4,0.8,0.357,0.361,0.571,62.72,0
C_2025_05274,Nov-2025,Wallet,98204.06,53303.85,341922.84411962447,64542.79,81754.41,7,0.4,0.7643879432862414,0.379,0.636,51.01,1
C_2025_05275,Nov-2025,Wallet,101805.86,52553.87,94434.73,60664.8,69217.8,0,0.0,0.262,0.355,0.559,60.61,0
C_2025_05276,Nov-2025,DAO,102846.64,46778.45,81356.68,44832.0,57655.71,0,0.0,0.291,0.378,0.638,87.35,0
C_2025_05277,Nov-2025,DeFi,95513.57,48765.46,103090.03,53543.32,68466.27,0,0.0,0.359,0.364,0.64,68.13,0
C_2025_05278,Nov-2025,DeFi,123614.5,60385.39,125604.81,58428.99,81473.06,2,0.4,0.383,0.359,0.596,75.06,0
C_2025_05279,Nov-2025,Marketplace,126965.4,59245.16,126117.53,65306.34,83556.34,1,0.2,0.361,0.358,0.6,81.01,0
C_2025_05280,Nov-2025,Token,69882.16,56587.74,103687.04,57295.71,72523.5,1,0.2,0.304,0.38,0.557,48.0,0
C_2025_05281,Nov-2025,Token,80217.65,58088.87,129233.66,53860.71,80394.42,0,0.0,0.43,0.388,0.579,88.8,0
C_2025_05282,Nov-2025,DAO,114105.1,39916.97,53577.86,42354.95,45283.26,3,0.6,0.131,0.396,0.612,45.82,0
C_2025_05283,Nov-2025,Energy,93480.24,42269.82,73613.29,44967.84,53616.98,1,0.2,0.265,0.355,0.61,61.83,0
C_2025_05284,Nov-2025,Token,64337.35,57354.18,106365.57,72914.25,78878.0,2,0.4,0.259,0.386,0.589,72.36,0
C_2025_05285,Nov-2025,DeFi,150951.2,29551.03,67232.59,31486.42,42756.68,1,0.2,0.405,0.397,0.619,56.96,0
C_2025_05286,Nov-2025,Token,64231.69,52261.67,129516.45,51048.98,77609.03,1,0.2,0.473,0.386,0.624,77.38,0
C_2025_05287,Nov-2025,Token,63766.48,62157.24,78961.33,64836.3,68651.62,2,0.4,0.107,0.363,0.599,80.07,0
C_2025_05288,Nov-2025,Wallet,110039.43,47982.02,94202.5,53811.13,65331.89,2,0.4,0.315,0.355,0.571,80.71,0
C_2025_05289,Nov-2025,DeFi,139903.18,45852.04,79073.45,48868.66,57931.38,1,0.2,0.259,0.359,0.649,69.73,0
C_2025_05290,Nov-2025,Healthcare,104622.64,46680.22,108305.79,53212.58,69399.53,0,0.0,0.398,0.394,0.594,94.41,0
C_2025_05291,Nov-2025,Wallet,112845.65,35632.81,50777.84,38336.71,41582.45,0,0.0,0.159,0.365,0.577,55.57,0
C_2025_05292,Nov-2025,DAO,137904.07,49548.27,102019.38,59548.02,70371.89,5,1.0,0.323,0.374,0.578,57.24,0
C_2025_05293,Nov-2025,Token,53840.21,40233.07,76165.6,40194.95,52197.87,2,0.4,0.325,0.361,0.585,88.23,0
C_2025_05294,Nov-2025,NFT,159032.37,37889.73,93489.64,39009.02,56796.13,0,0.0,0.457,0.364,0.646,62.87,0
C_2025_05295,Nov-2025,DeFi,125762.93,51478.46,74990.96,59017.01,61828.81,3,0.6,0.159,0.36,0.614,89.31,0
C_2025_05296,Nov-2025,DAO,108027.29,61373.51,133126.33,60344.83,84948.22,0,0.0,0.401,0.379,0.631,63.84,0
C_2025_05297,Nov-2025,Token,50030.0,63321.38,118300.13,79388.46,87003.32,1,0.2,0.265,0.39,0.612,80.17,0
C_2025_05298,Nov-2025,Marketplace,106513.25,54361.03,100784.86,62025.58,72390.49,2,0.4,0.281,0.387,0.631,54.19,0
C_2025_05299,Nov-2025,Healthcare,119897.41,55919.54,128341.52,61255.11,81838.72,1,0.2,0.403,0.393,0.603,72.69,0
C_2025_05300,Nov-2025,DeFi,133843.65,42378.64,53167.59,53790.5,49778.91,1,0.2,0.105,0.38,0.61,84.19,0
C_2025_05301,Nov-2025,Token,58131.23,47270.57,91965.51,56989.24,65408.44,1,0.2,0.293,0.39,0.625,51.19,0
C_2025_05302,Nov-2025,DeFi,125484.09,43679.07,102754.68,51461.64,65965.13,1,0.2,0.397,0.386,0.61,94.32,0
C_2025_05303,Nov-2025,Marketplace,105800.99,51868.4,318178.1713431767,52022.91,71745.38,5,0.2,0.6185793181776404,0.362,0.6,44.35,1
C_2025_05304,Nov-2025,NFT,174234.57,32733.1,58298.09,35490.35,42173.85,3,0.6,0.272,0.364,0.616,55.57,0
C_2025_05305,Nov-2025,Healthcare,118768.98,47773.67,90776.03,49391.49,62647.06,1,0.2,0.318,0.378,0.56,49.73,0
C_2025_05306,Nov-2025,NFT,175460.96,44925.56,67050.07,47326.17,53100.6,1,0.2,0.187,0.387,0.641,56.51,0
C_2025_05307,Nov-2025,Energy,109391.99,52911.84,94845.82,50671.68,66143.12,1,0.2,0.307,0.4,0.568,60.82,0
C_2025_05308,Nov-2025,NFT,143880.19,59363.64,107848.94,76543.09,81251.89,2,0.4,0.247,0.356,0.644,47.08,0
C_2025_05309,Nov-2025,DeFi,124323.06,63263.98,109369.04,73619.54,82084.18,2,0.4,0.241,0.385,0.584,79.47,0
C_2025_05310,Nov-2025,Token,63921.44,40908.57,58855.93,42323.13,47362.54,1,0.2,0.172,0.384,0.6,45.06,0
C_2025_05311,Nov-2025,Marketplace,121659.68,47614.51,118373.41,49879.46,71955.79,0,0.0,0.456,0.357,0.629,76.07,0
C_2025_05312,Nov-2025,DeFi,118432.77,37798.68,278146.92481122864,40264.81,54426.81,5,0.2,0.7660755167358574,0.386,0.597,69.99,1
C_2025_05313,Nov-2025,NFT,152994.52,67583.46,420757.0613888076,68008.12,85881.9,6,0.6,0.49926756439861975,0.358,0.635,91.19,1
C_2025_05314,Nov-2025,DAO,116012.12,44211.26,88861.54,45155.34,59409.38,2,0.4,0.351,0.359,0.553,89.62,0
C_2025_05315,Nov-2025,Wallet,119902.55,70823.47,150012.11,91740.48,104192.02,0,0.0,0.322,0.357,0.579,89.72,0
C_2025_05316,Nov-2025,DeFi,150088.49,46767.94,68459.22,51325.11,55517.42,0,0.0,0.168,0.371,0.576,70.22,0
C_2025_05317,Nov-2025,Energy,121758.65,43030.62,101176.6,40876.54,61694.58,2,0.4,0.453,0.351,0.576,72.16,0
C_2025_05318,Nov-2025,DeFi,120581.67,42829.69,90811.75,45370.61,59670.68,0,0.0,0.369,0.37,0.65,54.36,0
C_2025_05319,Nov-2025,DeFi,118781.36,45745.3,71048.33,51687.67,56160.43,3,0.6,0.192,0.351,0.55,83.85,0
C_2025_05320,Nov-2025,NFT,164532.92,49911.75,78453.04,52041.62,60135.47,3,0.6,0.216,0.352,0.647,49.98,0
C_2025_05321,Nov-2025,DAO,120073.58,45128.01,65290.84,47855.33,52758.06,2,0.4,0.169,0.382,0.631,62.21,0
C_2025_05322,Nov-2025,NFT,179643.38,50272.84,123366.11,55481.85,76373.6,0,0.0,0.436,0.385,0.577,76.82,0
C_2025_05323,Nov-2025,DeFi,149831.87,42832.37,71852.12,54674.58,56453.02,0,0.0,0.211,0.353,0.628,62.07,0
C_2025_05324,Nov-2025,DeFi,141143.59,49528.39,97417.24,57654.43,68200.02,0,0.0,0.307,0.384,0.589,65.31,0
C_2025_05325,Nov-2025,Healthcare,111282.33,61067.98,151627.66,74425.05,95706.9,2,0.4,0.417,0.353,0.552,42.57,0
C_2025_05326,Nov-2025,NFT,173141.17,51929.77,109612.96,59081.84,73541.52,2,0.4,0.349,0.394,0.642,75.45,0
C_2025_05327,Nov-2025,Marketplace,111620.82,42689.65,98205.79,43806.91,61567.45,1,0.2,0.421,0.399,0.627,59.88,0
C_2025_05328,Nov-2025,DeFi,119558.42,49547.77,81033.13,48940.6,59840.5,2,0.4,0.25,0.366,0.614,77.59,0
C_2025_05329,Nov-2025,Marketplace,110383.93,52688.44,114772.96,55473.87,74311.75,0,0.0,0.385,0.371,0.592,63.13,0
C_2025_05330,Nov-2025,Token,58658.2,63176.16,450302.83983944164,81693.09,99681.7,6,0.4,0.5920762188945455,0.368,0.649,42.24,1
C_2025_05331,Nov-2025,Wallet,96683.87,47710.66,102299.49,46650.44,65553.53,5,1.0,0.396,0.357,0.643,82.73,0
C_2025_05332,Nov-2025,Token,62835.08,35432.02,45635.19,41228.71,40765.3,0,0.0,0.102,0.383,0.617,57.85,0
C_2025_05333,Nov-2025,Token,71745.18,49947.36,115508.08,58782.42,74745.96,0,0.0,0.389,0.375,0.636,73.49,0
C_2025_05334,Nov-2025,Token,69745.45,50474.43,61655.15,45670.2,52599.93,1,0.2,0.127,0.367,0.642,78.01,0
C_2025_05335,Nov-2025,DeFi,149996.24,60064.21,96879.73,66804.23,74582.72,1,0.2,0.215,0.39,0.582,43.93,0
C_2025_05336,Nov-2025,DAO,105170.61,39505.41,94041.55,42124.8,58557.25,0,0.0,0.429,0.36,0.604,49.77,0
C_2025_05337,Nov-2025,DeFi,132226.76,47589.47,105632.05,59023.0,70748.18,3,0.6,0.355,0.351,0.59,42.91,0
C_2025_05338,Nov-2025,NFT,143489.83,46954.27,60767.56,50357.45,52693.09,2,0.4,0.112,0.371,0.648,46.64,0
C_2025_05339,Nov-2025,NFT,144206.46,44540.64,61210.03,55033.45,53594.7,2,0.4,0.128,0.391,0.559,48.08,0
C_2025_05340,Nov-2025,Marketplace,117016.91,60371.86,95398.71,76908.6,77559.72,1,0.2,0.184,0.368,0.552,54.03,0
C_2025_05341,Nov-2025,Marketplace,106296.16,47885.8,59463.72,47442.86,51597.46,0,0.0,0.108,0.352,0.564,51.13,0
C_2025_05342,Nov-2025,Energy,130314.67,36401.55,58932.13,34818.22,43383.96,4,0.8,0.254,0.378,0.61,59.35,0
C_2025_05343,Nov-2025,Wallet,122991.52,55088.17,92188.6,49908.02,65728.26,1,0.2,0.286,0.358,0.587,51.42,0
C_2025_05344,Nov-2025,Token,66512.43,54304.5,101759.76,49085.28,68383.18,0,0.0,0.347,0.389,0.589,42.5,0
C_2025_05345,Nov-2025,Token,60669.65,57143.43,97268.64,73700.6,76037.55,0,0.0,0.217,0.386,0.645,43.51,0
C_2025_05346,Nov-2025,DeFi,126420.1,58344.77,136608.17,59704.77,84885.9,4,0.8,0.431,0.363,0.576,58.18,0
C_2025_05347,Nov-2025,Marketplace,123097.25,53028.06,98072.81,56282.88,69127.92,2,0.4,0.297,0.355,0.561,75.42,0
C_2025_05348,Nov-2025,DeFi,114890.95,66217.57,340560.9566919903,85472.13,93156.26,6,0.4,0.4908233598707533,0.382,0.551,70.65,1
C_2025_05349,Nov-2025,Wallet,132743.48,55698.47,94700.51,59463.24,69954.07,2,0.4,0.251,0.372,0.551,57.55,0
C_2025_05350,Nov-2025,Wallet,100027.41,50314.13,92113.99,63890.37,68772.83,4,0.8,0.253,0.372,0.61,88.04,0
C_2025_05351,Nov-2025,NFT,169904.62,40910.89,75492.08,50475.3,55626.09,2,0.4,0.262,0.378,0.585,45.43,0
C_2025_05352,Nov-2025,DeFi,139364.24,52176.36,74766.95,51907.5,59616.93,1,0.2,0.18,0.388,0.584,94.22,0
C_2025_05353,Nov-2025,NFT,185005.98,42304.72,51420.74,51720.5,48481.99,2,0.4,0.09,0.377,0.57,55.57,0
C_2025_05354,Nov-2025,Token,81209.08,48871.43,75923.72,59743.08,61512.74,1,0.2,0.181,0.378,0.585,50.49,0
C_2025_05355,Nov-2025,Wallet,119956.0,51053.76,103885.18,57501.31,70813.42,1,0.2,0.332,0.354,0.594,70.87,0
C_2025_05356,Nov-2025,Marketplace,133211.07,50747.68,73570.36,52862.9,59060.31,1,0.2,0.174,0.395,0.618,45.05,0
C_2025_05357,Nov-2025,Marketplace,114789.9,64219.6,120804.95,83223.1,89415.89,3,0.6,0.263,0.35,0.594,82.31,0
C_2025_05358,Nov-2025,Marketplace,116024.94,54529.4,97142.72,65434.5,72368.87,2,0.4,0.25,0.381,0.618,71.24,0
C_2025_05359,Nov-2025,DeFi,119593.61,42871.99,90932.86,55092.6,62965.82,3,0.6,0.324,0.393,0.598,82.98,0
C_2025_05360,Nov-2025,Wallet,92655.82,54227.7,89569.42,53157.6,65651.57,1,0.2,0.258,0.377,0.631,94.03,0
C_2025_05361,Nov-2025,DeFi,123209.09,47712.34,81796.48,45680.83,58396.55,3,0.6,0.284,0.387,0.647,66.53,0
C_2025_05362,Nov-2025,DeFi,116165.48,54746.52,91592.97,60390.96,68910.15,2,0.4,0.235,0.383,0.598,72.87,0
C_2025_05363,Nov-2025,DeFi,85151.44,54138.76,79430.58,58953.55,64174.3,0,0.0,0.171,0.352,0.587,41.37,0
C_2025_05364,Nov-2025,DeFi,118664.77,50884.25,90005.07,65745.36,68878.23,0,0.0,0.234,0.368,0.617,48.74,0
C_2025_05365,Nov-2025,DeFi,105728.2,53251.3,79323.09,66989.78,66521.39,0,0.0,0.16,0.369,0.567,55.61,0
C_2025_05366,Nov-2025,Token,56933.22,40365.45,82078.59,48318.94,56920.99,4,0.8,0.318,0.397,0.599,83.01,0
C_2025_05367,Nov-2025,Wallet,121693.19,51486.33,91816.29,60667.68,67990.1,3,0.6,0.254,0.374,0.558,47.75,0
C_2025_05368,Nov-2025,Token,65621.64,56116.81,96164.63,65577.72,72619.72,1,0.2,0.235,0.361,0.609,50.35,0
C_2025_05369,Nov-2025,Healthcare,105016.63,43399.36,100675.37,39698.6,61257.77,2,0.4,0.456,0.38,0.593,86.26,0
C_2025_05370,Nov-2025,Token,62848.35,54103.61,120078.68,55397.83,76526.71,1,0.2,0.402,0.384,0.576,65.57,0
C_2025_05371,Nov-2025,Healthcare,116495.2,54630.0,126308.67,52686.58,77875.08,2,0.4,0.44,0.39,0.575,76.83,0
C_2025_05372,Nov-2025,Token,68029.55,51547.61,95952.75,63882.56,70460.97,0,0.0,0.266,0.371,0.594,69.61,0
C_2025_05373,Nov-2025,Token,69089.36,49836.94,64892.75,50136.29,54955.33,3,0.6,0.128,0.364,0.554,47.56,0
C_2025_05374,Nov-2025,DeFi,149420.46,55237.86,352457.69711945363,55270.22,79757.88,4,0.2,0.6961340850388873,0.354,0.631,66.58,1
C_2025_05375,Nov-2025,Wallet,105594.45,42887.21,62992.34,50548.41,52142.65,1,0.2,0.159,0.362,0.574,68.0,0
C_2025_05376,Nov-2025,Wallet,130582.5,47098.33,101375.42,53178.81,67217.52,2,0.4,0.361,0.351,0.571,41.94,0
C_2025_05377,Nov-2025,DeFi,105575.13,40241.0,53448.86,48370.1,47353.32,1,0.2,0.115,0.388,0.617,50.54,0
C_2025_05378,Nov-2025,DAO,120828.49,59819.81,142031.24,60277.6,87376.22,1,0.2,0.442,0.394,0.612,93.74,0
C_2025_05379,Nov-2025,DeFi,139028.05,45905.8,110423.78,49155.98,68495.19,1,0.2,0.433,0.398,0.64,43.64,0
C_2025_05380,Nov-2025,Token,85879.56,65444.15,83380.13,59934.57,69586.28,0,0.0,0.144,0.376,0.596,91.73,0
C_2025_05381,Nov-2025,DeFi,149073.14,39861.97,48226.31,46455.76,44848.01,2,0.4,0.08,0.381,0.583,62.13,0
C_2025_05382,Nov-2025,DeFi,116902.32,39782.28,82875.8,50481.73,57713.27,1,0.2,0.317,0.363,0.645,90.07,0
C_2025_05383,Nov-2025,Healthcare,109294.49,51245.44,108194.96,57599.52,72346.64,1,0.2,0.352,0.368,0.643,84.62,0
C_2025_05384,Nov-2025,NFT,186080.23,34258.83,59190.7,37222.05,43557.19,2,0.4,0.255,0.363,0.607,78.11,0
C_2025_05385,Nov-2025,NFT,222608.78,51286.42,114173.32,57346.26,74268.67,2,0.4,0.381,0.362,0.603,65.07,0
C_2025_05386,Nov-2025,NFT,182817.48,49140.99,76364.71,57492.39,60999.36,1,0.2,0.187,0.399,0.605,90.3,0
C_2025_05387,Nov-2025,Token,74719.81,60660.02,287129.84633734275,73291.62,77998.63,3,0.0,0.40946345061589307,0.378,0.553,56.88,1
C_2025_05388,Nov-2025,Marketplace,127700.99,58981.97,136039.96,70378.05,88466.66,0,0.0,0.384,0.381,0.648,51.78,0
C_2025_05389,Nov-2025,Token,73577.35,66141.46,113045.01,84783.71,87990.06,1,0.2,0.219,0.398,0.623,58.83,0
C_2025_05390,Nov-2025,Marketplace,114200.95,48563.86,75546.67,54142.05,59417.53,0,0.0,0.196,0.4,0.627,71.22,0
C_2025_05391,Nov-2025,Wallet,113783.35,51489.14,126254.55,62528.81,80090.83,2,0.4,0.411,0.39,0.626,89.55,0
C_2025_05392,Nov-2025,NFT,183035.42,43818.2,89474.25,53432.26,62241.57,0,0.0,0.316,0.391,0.583,77.79,0
C_2025_05393,Nov-2025,DAO,97320.96,66475.16,144240.18,85386.52,98700.62,2,0.4,0.335,0.392,0.594,64.71,0
C_2025_05394,Nov-2025,Wallet,109736.13,62486.41,96643.86,81120.78,80083.68,4,0.8,0.174,0.353,0.589,71.07,0
C_2025_05395,Nov-2025,DAO,121877.46,41031.96,53181.14,49906.51,48039.87,1,0.2,0.107,0.365,0.631,82.53,0
C_2025_05396,Nov-2025,DeFi,121546.66,57958.04,142602.43,68746.08,89768.85,0,0.0,0.419,0.374,0.616,49.28,0
C_2025_05397,Nov-2025,NFT,179804.21,53038.35,69260.73,67108.33,63135.81,1,0.2,0.114,0.389,0.614,64.06,0
C_2025_05398,Nov-2025,Token,65958.48,36363.78,71016.05,41904.63,49761.49,2,0.4,0.305,0.378,0.579,48.71,0
C_2025_05399,Nov-2025,DeFi,122187.31,50983.61,186941.9305703852,50928.87,55804.88,5,0.0,0.186149080267008,0.369,0.587,46.43,1
C_2025_05400,Nov-2025,Token,74154.4,45397.52,178379.54279539644,52540.33,56040.92,4,0.0,0.33274648436272275,0.351,0.6,65.38,1
C_2025_05401,Nov-2025,Token,60119.93,42946.1,53247.71,52356.45,49516.75,1,0.2,0.094,0.39,0.554,55.65,0
C_2025_05402,Nov-2025,DAO,99279.98,42846.68,52056.34,54581.05,49828.02,2,0.4,0.101,0.376,0.598,82.85,0
C_2025_05403,Nov-2025,NFT,147492.77,49590.54,67049.55,62846.51,59828.87,0,0.0,0.124,0.395,0.619,62.26,0
C_2025_05404,Nov-2025,Marketplace,103046.45,42348.23,79988.86,49240.0,57192.36,2,0.4,0.286,0.388,0.643,90.3,0
C_2025_05405,Nov-2025,Marketplace,100336.49,50789.96,193365.15812600913,53893.35,56823.46,6,0.6,0.1822766117945837,0.352,0.642,58.2,1
C_2025_05406,Nov-2025,Token,67486.32,52039.07,97785.19,60999.43,70274.56,1,0.2,0.282,0.38,0.623,61.84,0
C_2025_05407,Nov-2025,NFT,185517.44,49076.53,237837.63781796474,63530.24,68192.03,5,0.4,0.4190885175339216,0.365,0.592,75.9,1
C_2025_05408,Nov-2025,Token,74319.94,47029.75,96964.85,48857.52,64284.04,2,0.4,0.36,0.359,0.55,85.78,0
C_2025_05409,Nov-2025,Wallet,122947.41,65547.14,135070.55,76129.03,92248.9,2,0.4,0.332,0.39,0.629,50.97,0
C_2025_05410,Nov-2025,Wallet,124870.79,48631.41,110885.06,44235.26,67917.25,0,0.0,0.448,0.371,0.555,54.33,0
C_2025_05411,Nov-2025,NFT,158552.75,44429.07,76225.02,54434.68,58362.92,1,0.2,0.227,0.378,0.632,61.67,0
C_2025_05412,Nov-2025,NFT,181723.48,48101.17,109806.84,55249.07,71052.36,0,0.0,0.388,0.351,0.568,50.82,0
C_2025_05413,Nov-2025,DeFi,123853.3,44985.81,73743.22,54062.84,57597.29,1,0.2,0.208,0.399,0.625,48.99,0
C_2025_05414,Nov-2025,Marketplace,99281.55,56280.59,72875.4,60148.82,63101.6,1,0.2,0.112,0.374,0.569,63.6,0
C_2025_05415,Nov-2025,Wallet,99004.82,34353.12,62021.99,32186.11,42853.74,0,0.0,0.317,0.363,0.562,53.9,0
C_2025_05416,Nov-2025,DeFi,129480.95,49118.19,72568.85,61734.62,61140.55,2,0.4,0.157,0.398,0.602,86.66,0
C_2025_05417,Nov-2025,Token,63710.62,49451.27,66024.36,55806.7,57094.11,1,0.2,0.12,0.362,0.621,58.73,0
C_2025_05418,Nov-2025,DeFi,153320.78,56090.27,98696.73,54820.53,69869.18,1,0.2,0.292,0.391,0.634,71.4,0
C_2025_05419,Nov-2025,Energy,92658.08,60542.88,372637.56994987786,60874.74,86768.86,6,0.2,0.6946072870489686,0.397,0.645,79.07,1
C_2025_05420,Nov-2025,DeFi,111220.28,47607.82,87608.0,57917.97,64377.93,3,0.6,0.263,0.393,0.594,40.13,0
C_2025_05421,Nov-2025,NFT,186820.75,52902.5,96794.08,57235.17,68977.25,4,0.8,0.286,0.391,0.603,65.4,0
C_2025_05422,Nov-2025,Token,49747.63,57665.14,83597.09,53435.54,64899.26,2,0.4,0.205,0.361,0.581,93.38,0
C_2025_05423,Nov-2025,Energy,86166.08,55836.51,129493.94,66855.84,84062.09,2,0.4,0.386,0.37,0.631,61.23,0
C_2025_05424,Nov-2025,DAO,99946.52,35255.23,73790.99,34484.55,47843.59,0,0.0,0.384,0.399,0.64,56.51,0
C_2025_05425,Nov-2025,Wallet,85994.47,26139.66,177632.5375985154,29768.48,38937.8,8,0.6,0.7928537556062204,0.375,0.635,72.1,1
C_2025_05426,Nov-2025,Marketplace,99642.83,33147.25,68988.97,31305.12,44480.45,1,0.2,0.39,0.392,0.644,47.79,0
C_2025_05427,Nov-2025,DeFi,147376.78,61357.99,134257.24,72298.84,89304.69,0,0.0,0.359,0.365,0.567,90.66,0
C_2025_05428,Nov-2025,DAO,115241.81,50160.16,297864.47846928646,56234.02,65295.28,6,0.4,0.4187409566576576,0.364,0.56,84.3,1
C_2025_05429,Nov-2025,DeFi,124911.07,36867.91,70208.03,40887.16,49321.03,2,0.4,0.301,0.365,0.585,57.33,0
C_2025_05430,Nov-2025,NFT,163211.11,59670.14,109802.3,66435.64,78636.03,1,0.2,0.282,0.389,0.637,42.04,0
C_2025_05431,Nov-2025,Wallet,129584.77,60289.26,130134.48,70992.93,87138.89,1,0.2,0.352,0.369,0.628,86.56,0
C_2025_05432,Nov-2025,NFT,186343.82,37484.53,53790.09,46494.22,45922.95,1,0.2,0.145,0.381,0.601,54.24,0
C_2025_05433,Nov-2025,Marketplace,139348.92,42310.47,96070.55,40621.1,59667.37,1,0.2,0.432,0.391,0.573,79.65,0
C_2025_05434,Nov-2025,DeFi,121691.36,51003.5,73353.19,51365.44,58574.04,3,0.6,0.178,0.35,0.645,79.82,0
C_2025_05435,Nov-2025,Healthcare,105475.62,46690.45,105704.52,48661.72,67018.9,3,0.6,0.408,0.372,0.557,66.34,0
C_2025_05436,Nov-2025,DeFi,137713.91,57565.87,128953.26,71295.05,85938.06,1,0.2,0.36,0.388,0.623,55.83,0
C_2025_05437,Nov-2025,Healthcare,95889.55,46874.09,111900.41,58673.91,72482.8,2,0.4,0.39,0.389,0.551,65.45,0
C_2025_05438,Nov-2025,Marketplace,113934.21,57981.22,117450.22,53822.98,76418.14,1,0.2,0.38,0.352,0.583,59.47,0
C_2025_05439,Nov-2025,NFT,129570.1,49830.78,89214.67,55750.62,64932.02,0,0.0,0.267,0.359,0.633,65.29,0
C_2025_05440,Nov-2025,Healthcare,99339.17,34429.97,49140.67,34290.15,39286.93,1,0.2,0.177,0.374,0.565,48.61,0
C_2025_05441,Nov-2025,Marketplace,91889.5,38433.17,90253.84,35104.11,54597.04,5,1.0,0.462,0.366,0.561,71.01,0
C_2025_05442,Nov-2025,Token,71355.53,48963.68,71811.6,57660.35,59478.54,3,0.6,0.158,0.36,0.648,64.28,0
C_2025_05443,Nov-2025,Wallet,103266.77,40390.61,227991.8268477714,44623.99,55232.45,5,0.4,0.5442728161884514,0.366,0.625,75.77,1
C_2025_05444,Nov-2025,Token,62900.73,45325.1,109266.08,56420.92,70337.37,1,0.2,0.397,0.38,0.551,76.36,0
C_2025_05445,Nov-2025,Token,64832.5,64049.92,77176.86,74723.45,71983.41,3,0.6,0.079,0.386,0.611,58.21,0
C_2025_05446,Nov-2025,NFT,196429.3,60912.21,120563.43,59278.43,80251.36,2,0.4,0.355,0.353,0.64,49.51,0
C_2025_05447,Nov-2025,DeFi,106565.82,44568.35,109327.87,46852.01,66916.08,2,0.4,0.448,0.369,0.589,94.44,0
C_2025_05448,Nov-2025,Token,67793.2,52442.93,84306.07,54101.27,63616.76,3,0.6,0.23,0.394,0.552,83.79,0
C_2025_05449,Nov-2025,Energy,118080.99,68610.55,138387.91,85953.6,97650.69,1,0.2,0.304,0.372,0.642,84.8,0
C_2025_05450,Nov-2025,Wallet,117836.88,42755.04,167845.51697410626,44440.22,50914.26,4,0.2,0.4077010610533909,0.351,0.627,86.55,1
C_2025_05451,Nov-2025,Wallet,94514.59,50976.75,77602.9,48455.12,59011.59,0,0.0,0.223,0.394,0.598,46.11,0
C_2025_05452,Nov-2025,Wallet,147589.22,64851.54,122137.39,61261.79,82750.24,1,0.2,0.337,0.385,0.556,64.4,0
C_2025_05453,Nov-2025,NFT,179335.05,52581.73,85975.27,58919.88,65825.62,0,0.0,0.22,0.398,0.621,60.59,0
C_2025_05454,Nov-2025,Token,56184.15,43858.84,97475.19,47097.63,62810.55,2,0.4,0.391,0.363,0.584,54.29,0
C_2025_05455,Nov-2025,DeFi,156418.39,61910.31,78698.76,59298.42,66635.83,0,0.0,0.129,0.354,0.562,53.18,0
C_2025_05456,Nov-2025,DAO,123685.18,45165.02,66992.22,52753.21,54970.15,0,0.0,0.165,0.383,0.629,73.26,0
C_2025_05457,Nov-2025,Token,60156.79,41472.35,93177.42,44491.07,59713.61,2,0.4,0.397,0.39,0.552,58.66,0
C_2025_05458,Nov-2025,DeFi,164810.02,41271.11,59717.79,45364.44,48784.44,2,0.4,0.162,0.369,0.597,47.39,0
C_2025_05459,Nov-2025,NFT,151121.44,55240.33,125810.15,61945.26,80998.58,2,0.4,0.393,0.377,0.588,93.15,0
C_2025_05460,Nov-2025,Marketplace,117907.43,55992.51,82049.07,55708.59,64583.39,0,0.0,0.191,0.382,0.587,57.16,0
C_2025_05461,Nov-2025,Token,73603.2,53586.71,73571.25,67919.26,65025.74,0,0.0,0.129,0.355,0.634,67.1,0
C_2025_05462,Nov-2025,Healthcare,109259.88,55651.9,133784.93,55421.05,81619.29,3,0.6,0.452,0.353,0.636,67.05,0
C_2025_05463,Nov-2025,Wallet,126933.05,51384.32,115874.34,56058.67,74439.11,3,0.6,0.394,0.357,0.635,57.22,0
C_2025_05464,Nov-2025,DeFi,148454.29,40020.95,78853.26,37334.56,52069.59,3,0.6,0.364,0.371,0.587,40.24,0
C_2025_05465,Nov-2025,Token,54304.77,49906.24,69366.91,50028.62,56433.92,3,0.6,0.162,0.38,0.611,41.72,0
C_2025_05466,Nov-2025,DeFi,146414.62,48683.85,89375.18,52292.98,63450.67,1,0.2,0.29,0.376,0.564,93.24,0
C_2025_05467,Nov-2025,DeFi,129713.98,45767.97,67415.78,42259.5,51814.42,3,0.6,0.215,0.375,0.555,69.24,0
C_2025_05468,Nov-2025,DeFi,131328.32,49036.83,62459.11,44316.76,51937.57,2,0.4,0.148,0.364,0.624,69.68,0
C_2025_05469,Nov-2025,Token,63933.05,54325.16,65424.86,49321.72,56357.25,4,0.8,0.119,0.387,0.633,86.0,0
C_2025_05470,Nov-2025,DAO,131319.12,40020.81,76721.28,45583.47,54108.52,1,0.2,0.298,0.386,0.57,64.4,0
C_2025_05471,Nov-2025,DAO,128475.86,46146.05,95358.68,50321.26,63942.0,1,0.2,0.348,0.362,0.574,41.62,0
C_2025_05472,Nov-2025,Healthcare,115423.18,48393.71,96231.16,47908.5,64177.79,0,0.0,0.353,0.386,0.62,52.61,0
C_2025_05473,Nov-2025,Token,70649.65,47625.51,66885.43,58778.34,57763.09,0,0.0,0.137,0.374,0.6,65.96,0
C_2025_05474,Nov-2025,DeFi,115084.68,43160.0,92927.84,43603.28,59897.04,3,0.6,0.39,0.383,0.61,55.51,0
C_2025_05475,Nov-2025,Token,52790.73,43832.72,83202.6,53539.52,60191.62,4,0.8,0.278,0.374,0.636,50.15,0
C_2025_05476,Nov-2025,Wallet,115281.67,45736.4,106645.48,42494.14,64958.67,3,0.6,0.454,0.399,0.638,62.33,0
C_2025_05477,Nov-2025,NFT,188130.17,49544.62,122370.97,48894.85,73603.48,0,0.0,0.469,0.367,0.599,45.1,0
C_2025_05478,Nov-2025,DeFi,138759.61,52956.81,130406.18,55671.25,79678.08,1,0.2,0.45,0.378,0.571,48.82,0
C_2025_05479,Nov-2025,NFT,178483.42,42982.94,104655.15,40786.03,62808.04,2,0.4,0.471,0.396,0.567,41.33,0
C_2025_05480,Nov-2025,Token,72978.14,33194.8,50816.57,32111.77,38707.71,1,0.2,0.221,0.372,0.645,73.7,0
C_2025_05481,Nov-2025,Energy,82907.8,49705.78,93272.94,59334.92,67437.88,3,0.6,0.277,0.351,0.623,54.39,0
C_2025_05482,Nov-2025,NFT,176986.12,58369.31,106353.4,70575.94,78432.89,3,0.6,0.26,0.396,0.639,58.12,0
C_2025_05483,Nov-2025,DeFi,132177.0,50904.53,101999.01,57126.68,70010.08,1,0.2,0.325,0.354,0.632,71.53,0
C_2025_05484,Nov-2025,Token,63244.37,42080.14,66810.84,52608.22,53833.07,2,0.4,0.188,0.39,0.643,83.59,0
C_2025_05485,Nov-2025,Token,75116.8,49784.41,71905.94,47064.46,56251.6,1,0.2,0.198,0.363,0.609,62.21,0
C_2025_05486,Nov-2025,Wallet,105699.66,53822.82,134332.49,56177.96,81444.42,1,0.2,0.459,0.379,0.646,81.22,0
C_2025_05487,Nov-2025,Token,62188.33,37460.28,65670.23,35181.91,46104.14,2,0.4,0.301,0.365,0.565,89.62,0
C_2025_05488,Nov-2025,DeFi,128513.76,46337.54,99621.27,47428.48,64462.43,3,0.6,0.386,0.398,0.619,54.8,0
C_2025_05489,Nov-2025,DAO,120184.26,45525.56,79944.14,47714.87,57728.19,1,0.2,0.273,0.376,0.628,80.49,0
C_2025_05490,Nov-2025,NFT,186825.96,32427.67,39148.32,36122.22,35899.4,2,0.4,0.077,0.391,0.622,76.63,0
C_2025_05491,Nov-2025,Wallet,90476.1,39630.49,83788.35,51364.65,58261.16,2,0.4,0.321,0.393,0.572,81.92,0
C_2025_05492,Nov-2025,DeFi,135096.91,52741.06,117091.72,53884.39,74572.39,1,0.2,0.403,0.367,0.58,55.63,0
C_2025_05493,Nov-2025,NFT,195730.4,60673.79,88920.09,71389.24,73661.04,1,0.2,0.158,0.387,0.586,71.31,0
C_2025_05494,Nov-2025,DeFi,137087.37,40030.15,58859.99,38699.18,45863.1,2,0.4,0.201,0.356,0.553,62.88,0
C_2025_05495,Nov-2025,Energy,98208.32,41757.59,103413.7,40824.28,61998.52,2,0.4,0.472,0.385,0.587,89.84,0
C_2025_05496,Nov-2025,NFT,170806.82,56126.02,83510.05,60122.27,66586.12,3,0.6,0.181,0.363,0.629,42.74,0
C_2025_05497,Nov-2025,DeFi,98851.09,55597.34,97574.26,60553.38,71241.66,4,0.8,0.263,0.384,0.589,46.48,0
C_2025_05498,Nov-2025,DeFi,129466.8,44377.41,91805.05,51480.63,62554.36,3,0.6,0.334,0.37,0.598,90.76,0
C_2025_05499,Nov-2025,DeFi,150884.67,51867.83,373601.5269411479,58528.86,78575.16,3,0.0,0.8369289468910789,0.391,0.632,46.32,1
C_2025_05500,Nov-2025,Energy,100552.5,73467.22,169070.99,74190.96,105576.39,2,0.4,0.425,0.398,0.646,44.49,0
C_2025_05501,Nov-2025,NFT,210894.63,42726.31,77448.71,39601.85,53258.96,0,0.0,0.322,0.359,0.601,77.27,0
C_2025_05502,Nov-2025,DAO,100583.77,46879.87,104925.44,58287.83,70031.05,1,0.2,0.359,0.354,0.573,82.19,0
C_2025_05503,Nov-2025,Wallet,125261.81,36899.23,89666.59,43889.98,56818.6,1,0.2,0.412,0.36,0.626,46.18,0
C_2025_05504,Nov-2025,Wallet,117930.62,39307.4,91182.53,50983.63,60491.19,1,0.2,0.367,0.364,0.563,46.36,0
C_2025_05505,Nov-2025,Token,71929.96,51154.06,106892.78,62421.26,73489.37,3,0.6,0.327,0.373,0.583,45.12,0
C_2025_05506,Nov-2025,Wallet,105082.2,53182.43,99425.64,61421.01,71343.03,1,0.2,0.282,0.351,0.621,64.99,0
C_2025_05507,Nov-2025,NFT,182396.25,60978.7,128832.08,58662.08,82824.29,5,1.0,0.393,0.372,0.604,55.55,0
C_2025_05508,Nov-2025,NFT,133807.0,36293.54,57147.17,44085.11,45841.94,2,0.4,0.188,0.374,0.626,64.45,0
C_2025_05509,Nov-2025,Token,79334.42,54103.43,317167.07781687286,56338.61,67574.85,3,0.0,0.39076896689469065,0.379,0.621,71.97,1
C_2025_05510,Nov-2025,DeFi,115259.95,42839.51,60289.49,39360.78,47496.59,1,0.2,0.193,0.385,0.646,44.04,0
C_2025_05511,Nov-2025,DAO,113644.75,56054.03,129953.57,53923.06,79976.89,4,0.8,0.442,0.361,0.641,52.62,0
C_2025_05512,Nov-2025,Wallet,104811.63,48828.22,98463.12,54947.39,67412.91,4,0.8,0.328,0.357,0.637,70.22,0
C_2025_05513,Nov-2025,NFT,160650.79,49007.67,101200.76,51941.56,67383.33,1,0.2,0.355,0.359,0.602,83.77,0
C_2025_05514,Nov-2025,Marketplace,113835.85,52800.91,124906.59,50527.46,76078.32,1,0.2,0.454,0.363,0.558,92.0,0
C_2025_05515,Nov-2025,Token,50829.3,44165.1,178521.55032888675,42501.27,49752.58,4,0.2,0.27512982120728585,0.38,0.627,73.06,1
C_2025_05516,Nov-2025,NFT,164107.46,56061.61,231037.1850380018,66623.4,65194.4,8,0.6,0.1831773777325776,0.36,0.597,51.88,1
C_2025_05517,Nov-2025,NFT,151525.88,49254.89,70987.66,61724.51,60655.68,0,0.0,0.147,0.361,0.65,71.68,0
C_2025_05518,Nov-2025,Marketplace,123602.79,52256.0,98325.7,51666.17,67415.96,3,0.6,0.324,0.363,0.583,72.79,0
C_2025_05519,Nov-2025,NFT,186163.62,47484.19,117352.9,55634.76,73490.62,3,0.6,0.424,0.363,0.582,66.87,0
C_2025_05520,Nov-2025,Marketplace,114462.19,52330.81,105924.42,62202.0,73485.74,1,0.2,0.317,0.38,0.572,92.26,0
C_2025_05521,Nov-2025,Wallet,127431.0,50507.49,95120.59,64304.86,69977.65,0,0.0,0.267,0.377,0.553,50.86,0
C_2025_05522,Nov-2025,DeFi,126632.57,35641.88,80772.5,38730.67,51715.01,3,0.6,0.398,0.359,0.554,43.8,0
C_2025_05523,Nov-2025,Marketplace,124962.85,42945.35,65176.39,45389.57,51170.44,2,0.4,0.195,0.399,0.61,67.78,0
C_2025_05524,Nov-2025,Wallet,123652.72,59851.73,112588.86,71509.8,81316.79,2,0.4,0.278,0.372,0.59,82.37,0
C_2025_05525,Nov-2025,NFT,169351.88,39404.52,237476.45701111533,44971.46,55804.74,5,0.4,0.6438159244683058,0.382,0.637,80.31,1
C_2025_05526,Nov-2025,Token,67657.5,42005.74,52839.02,44313.89,46386.22,2,0.4,0.1,0.382,0.569,92.18,0
C_2025_05527,Nov-2025,Wallet,132114.76,52088.62,106287.29,53206.2,70527.37,3,0.6,0.359,0.395,0.556,61.4,0
C_2025_05528,Nov-2025,Token,55502.41,63664.91,93330.11,72868.43,76621.15,2,0.4,0.162,0.365,0.648,46.11,0
C_2025_05529,Nov-2025,DAO,114281.23,55265.2,77165.6,55056.28,62495.69,0,0.0,0.166,0.382,0.59,42.63,0
C_2025_05530,Nov-2025,Marketplace,118868.38,46578.62,104096.45,53900.99,68192.02,0,0.0,0.375,0.394,0.603,67.2,0
C_2025_05531,Nov-2025,Energy,127034.95,52179.63,66935.9,54416.51,57844.01,1,0.2,0.112,0.377,0.625,61.47,0
C_2025_05532,Nov-2025,DeFi,120109.79,48887.31,206047.0036021478,61218.82,60284.0,6,0.4,0.294900275186347,0.372,0.585,75.97,1
C_2025_05533,Nov-2025,Energy,118690.76,46898.26,83980.78,56771.86,62550.3,2,0.4,0.251,0.38,0.598,65.83,0
C_2025_05534,Nov-2025,Marketplace,96930.58,41058.12,78527.64,37482.3,52356.02,3,0.6,0.355,0.382,0.552,77.39,0
C_2025_05535,Nov-2025,DAO,112525.64,45389.13,78416.72,52880.67,58895.51,0,0.0,0.24,0.356,0.575,62.63,0
C_2025_05536,Nov-2025,DeFi,125568.32,48603.47,78860.91,57464.1,61642.83,3,0.6,0.206,0.385,0.591,74.01,0
C_2025_05537,Nov-2025,NFT,174975.5,55393.76,102347.04,67030.14,74923.65,2,0.4,0.266,0.399,0.588,57.42,0
C_2025_05538,Nov-2025,NFT,150505.58,41321.98,88315.0,42715.62,57450.87,2,0.4,0.38,0.388,0.621,81.55,0
C_2025_05539,Nov-2025,Token,65014.12,57413.75,125127.04,69971.6,84170.8,3,0.6,0.349,0.356,0.566,47.96,0
C_2025_05540,Nov-2025,DeFi,149829.35,49278.16,66712.58,50606.01,55532.25,0,0.0,0.143,0.353,0.646,87.21,0
C_2025_05541,Nov-2025,Token,68380.28,45902.9,98518.29,58304.3,67575.16,0,0.0,0.332,0.371,0.579,54.19,0
C_2025_05542,Nov-2025,DeFi,114939.55,53642.14,96783.8,62152.8,70859.58,0,0.0,0.263,0.363,0.647,83.75,0
C_2025_05543,Nov-2025,Marketplace,120292.12,53410.85,65062.91,48199.55,55557.77,0,0.0,0.127,0.375,0.607,46.25,0
C_2025_05544,Nov-2025,Energy,112679.45,49871.13,219166.84568193727,57794.67,60793.42,5,0.4,0.29854714005447436,0.36,0.573,76.67,1
C_2025_05545,Nov-2025,Healthcare,139565.25,54446.09,66788.33,57516.27,59583.56,2,0.4,0.088,0.371,0.613,42.62,0
C_2025_05546,Nov-2025,DeFi,118596.82,52072.32,110821.59,58817.53,73903.82,1,0.2,0.355,0.355,0.582,93.18,0
C_2025_05547,Nov-2025,NFT,115601.27,37257.28,75185.1,40751.18,51064.52,1,0.2,0.335,0.382,0.625,90.77,0
C_2025_05548,Nov-2025,Token,67078.81,56330.58,137744.22,60405.41,84826.73,1,0.2,0.442,0.357,0.588,40.81,0
C_2025_05549,Nov-2025,Token,74653.93,50258.95,81296.65,47135.66,59563.75,1,0.2,0.259,0.376,0.631,53.88,0
C_2025_05550,Nov-2025,DeFi,132995.64,59567.52,97185.39,74237.55,76996.82,2,0.4,0.201,0.364,0.58,44.84,0
C_2025_05551,Nov-2025,Marketplace,100206.19,42468.63,54203.22,40095.74,45589.2,1,0.2,0.135,0.359,0.602,67.93,0
C_2025_05552,Nov-2025,DeFi,135533.77,59031.03,141208.07,67958.92,89399.34,0,0.0,0.412,0.369,0.62,66.13,0
C_2025_05553,Nov-2025,Healthcare,131393.66,43298.68,68041.82,54711.83,55350.77,3,0.6,0.183,0.377,0.636,70.82,0
C_2025_05554,Nov-2025,Healthcare,122541.97,48693.67,60151.38,51760.71,53535.25,2,0.4,0.09,0.383,0.585,45.38,0
C_2025_05555,Nov-2025,DAO,96222.17,45269.64,93282.11,54912.37,64488.04,2,0.4,0.322,0.383,0.613,79.38,0
C_2025_05556,Nov-2025,Healthcare,106466.76,51578.38,73179.63,61570.58,62109.53,1,0.2,0.142,0.373,0.587,72.51,0
C_2025_05557,Nov-2025,Wallet,123187.43,38647.08,56557.22,46495.35,47233.22,2,0.4,0.155,0.351,0.562,44.38,0
C_2025_05558,Nov-2025,Token,58299.37,63255.21,157545.68,71443.51,97414.8,2,0.4,0.438,0.374,0.572,68.02,0
C_2025_05559,Nov-2025,NFT,173231.1,47187.42,79457.62,47973.19,58206.08,0,0.0,0.258,0.389,0.592,84.77,0
C_2025_05560,Nov-2025,Energy,104495.19,54301.9,94905.02,64531.82,71246.25,3,0.6,0.242,0.389,0.562,72.13,0
C_2025_05561,Nov-2025,Marketplace,107498.63,47112.84,69554.72,53088.18,56585.25,1,0.2,0.168,0.388,0.564,50.43,0
C_2025_05562,Nov-2025,Token,60286.69,44981.6,70461.18,47022.17,54154.98,0,0.0,0.213,0.373,0.59,74.37,0
C_2025_05563,Nov-2025,Token,61767.75,55872.61,106740.94,58585.28,73732.94,0,0.0,0.317,0.391,0.613,40.12,0
C_2025_05564,Nov-2025,DAO,100105.06,41351.37,93246.97,49798.85,61465.73,1,0.2,0.37,0.369,0.631,64.88,0
C_2025_05565,Nov-2025,Token,57761.03,46568.96,100987.29,47104.63,64886.96,2,0.4,0.393,0.381,0.58,47.77,0
C_2025_05566,Nov-2025,Healthcare,110826.06,54047.18,65371.5,55351.11,58256.6,0,0.0,0.087,0.363,0.556,53.48,0
C_2025_05567,Nov-2025,Healthcare,121479.91,54368.78,273491.26611004124,60294.23,68153.0,4,0.0,0.40593211517679945,0.355,0.605,86.23,1
C_2025_05568,Nov-2025,Token,63704.17,43445.34,106942.96,51939.64,67442.65,0,0.0,0.417,0.364,0.645,52.15,0
C_2025_05569,Nov-2025,DAO,86029.1,43459.83,79837.89,43226.54,55508.09,1,0.2,0.31,0.38,0.586,53.83,0
C_2025_05570,Nov-2025,DAO,132366.43,46510.25,89829.92,55372.44,63904.2,3,0.6,0.292,0.393,0.628,68.65,0
C_2025_05571,Nov-2025,NFT,185485.42,58080.9,111393.02,74250.64,81241.52,0,0.0,0.275,0.4,0.565,66.41,0
C_2025_05572,Nov-2025,NFT,159683.71,42785.56,86485.94,39101.04,56124.18,2,0.4,0.383,0.393,0.626,76.94,0
C_2025_05573,Nov-2025,Token,68321.19,45643.78,76179.29,59225.33,60349.47,4,0.8,0.207,0.38,0.555,59.0,0
C_2025_05574,Nov-2025,DeFi,147233.94,42114.03,82081.31,48186.69,57460.67,2,0.4,0.306,0.351,0.566,41.68,0
C_2025_05575,Nov-2025,Token,70298.67,39679.75,55426.44,37012.05,44039.41,3,0.6,0.184,0.391,0.604,50.01,0
C_2025_05576,Nov-2025,DeFi,122239.92,50680.1,124886.54,62356.1,79307.58,1,0.2,0.411,0.37,0.636,59.5,0
C_2025_05577,Nov-2025,Marketplace,107399.02,53687.46,171607.7524728753,59421.23,59242.26,5,0.2,0.14268608415101447,0.372,0.567,58.01,1
C_2025_05578,Nov-2025,Healthcare,104948.68,62154.41,110725.11,75568.62,82816.05,1,0.2,0.247,0.371,0.635,65.12,0
C_2025_05579,Nov-2025,DAO,94768.44,58465.4,74685.22,56475.21,63208.61,1,0.2,0.129,0.395,0.605,74.49,0
C_2025_05580,Nov-2025,NFT,181481.06,65466.59,144061.81,79426.7,96318.36,1,0.2,0.355,0.399,0.614,78.99,0
C_2025_05581,Nov-2025,Healthcare,117350.73,61135.77,110788.53,79101.61,83675.31,4,0.8,0.245,0.387,0.559,73.96,0
C_2025_05582,Nov-2025,NFT,199812.49,40322.74,78172.82,38083.85,52193.14,2,0.4,0.352,0.375,0.598,79.57,0
C_2025_05583,Nov-2025,Healthcare,126185.01,41519.11,152062.37023050553,50729.06,50366.28,7,0.4,0.2611406721287127,0.399,0.644,60.36,1
C_2025_05584,Nov-2025,DAO,121336.48,51502.56,94921.14,58695.68,68373.13,3,0.6,0.278,0.377,0.637,87.53,0
C_2025_05585,Nov-2025,DeFi,123255.37,61414.09,136447.63,64800.62,87554.11,2,0.4,0.395,0.373,0.633,90.2,0
C_2025_05586,Nov-2025,Token,63308.13,38612.58,68095.49,42304.18,49670.75,4,0.8,0.264,0.385,0.615,81.72,0
C_2025_05587,Nov-2025,DAO,109213.09,49137.02,108105.15,51507.7,69583.29,2,0.4,0.392,0.385,0.601,57.44,0
C_2025_05588,Nov-2025,Energy,113430.45,40659.2,89467.32,40408.84,56845.12,4,0.8,0.406,0.354,0.587,79.0,0
C_2025_05589,Nov-2025,DeFi,133601.29,50785.44,102534.38,54061.8,69127.21,1,0.2,0.342,0.391,0.587,48.47,0
C_2025_05590,Nov-2025,Wallet,96500.68,53404.45,82730.5,56012.29,64049.08,0,0.0,0.207,0.355,0.626,83.28,0
C_2025_05591,Nov-2025,Wallet,106036.82,55625.61,90458.69,52895.11,66326.47,3,0.6,0.258,0.392,0.613,47.08,0
C_2025_05592,Nov-2025,DeFi,143150.84,41169.31,92403.41,51018.45,61530.39,2,0.4,0.361,0.389,0.567,80.69,0
C_2025_05593,Nov-2025,DeFi,112836.72,37533.17,48831.66,42613.97,42992.93,0,0.0,0.107,0.396,0.612,94.47,0
C_2025_05594,Nov-2025,DeFi,141909.12,41005.05,100616.51,41801.83,61141.13,0,0.0,0.457,0.382,0.587,55.02,0
C_2025_05595,Nov-2025,Energy,102233.07,49831.94,252217.3832679877,50804.23,57615.89,5,0.4,0.30249282872020294,0.397,0.604,41.08,1
C_2025_05596,Nov-2025,Healthcare,104938.33,51584.97,110263.99,60901.06,74250.01,2,0.4,0.347,0.355,0.557,84.57,0
C_2025_05597,Nov-2025,Marketplace,121731.26,45076.5,59542.37,56866.35,53828.41,0,0.0,0.117,0.389,0.581,49.97,0
C_2025_05598,Nov-2025,Marketplace,117237.83,52492.76,115135.72,53817.67,73815.38,1,0.2,0.396,0.391,0.561,89.68,0
C_2025_05599,Nov-2025,Token,77096.81,63768.53,145976.87,74418.72,94721.38,1,0.2,0.385,0.359,0.596,46.06,0
C_2025_05600,Nov-2025,Wallet,97751.87,53777.86,124931.95,63467.83,80725.88,1,0.2,0.39,0.39,0.638,42.45,0
C_2025_05601,Nov-2025,Wallet,105152.92,39052.91,47301.91,48986.51,45113.78,1,0.2,0.096,0.381,0.629,53.76,0
C_2025_05602,Nov-2025,NFT,162531.0,52832.67,111767.81,66976.93,77192.47,0,0.0,0.325,0.356,0.606,42.55,0
C_2025_05603,Nov-2025,NFT,164943.66,45941.09,83871.05,45913.29,58575.14,2,0.4,0.305,0.397,0.6,59.53,0
C_2025_05604,Nov-2025,Energy,119006.44,39240.71,95189.81,47318.88,60583.13,0,0.0,0.408,0.395,0.624,47.04,0
C_2025_05605,Nov-2025,DeFi,114887.7,58142.46,106913.27,59310.69,74788.81,0,0.0,0.304,0.388,0.633,52.76,0
C_2025_05606,Nov-2025,Wallet,105100.24,37857.7,215630.1502656896,35242.01,52821.81,8,0.6,0.7988388266919825,0.363,0.561,54.26,1
C_2025_05607,Nov-2025,Marketplace,111714.83,35420.29,82750.77,35420.04,51197.03,4,0.8,0.436,0.376,0.625,88.65,0
C_2025_05608,Nov-2025,DeFi,124385.77,43063.27,56073.65,53138.94,50758.62,2,0.4,0.11,0.355,0.612,94.04,0
C_2025_05609,Nov-2025,Wallet,115078.0,53850.56,93880.97,69687.2,72472.91,2,0.4,0.227,0.372,0.616,93.35,0
C_2025_05610,Nov-2025,NFT,190199.57,44774.51,88093.25,57310.85,63392.87,0,0.0,0.287,0.386,0.554,53.56,0
C_2025_05611,Nov-2025,DeFi,119605.44,35339.86,241309.07231835168,32761.48,51618.94,3,0.0,0.8439762396430524,0.36,0.592,43.34,1
C_2025_05612,Nov-2025,Token,65514.12,53997.93,121888.07,65283.46,80389.82,3,0.6,0.369,0.395,0.602,54.74,0
C_2025_05613,Nov-2025,Token,52872.33,56005.84,102082.42,68695.37,75594.54,0,0.0,0.257,0.359,0.646,64.48,0
C_2025_05614,Nov-2025,Wallet,115710.38,48231.13,115010.88,44261.56,69167.86,2,0.4,0.469,0.379,0.582,80.51,0
C_2025_05615,Nov-2025,Marketplace,113800.84,40984.94,164012.15615526805,41026.97,43731.42,4,0.0,0.1373953607046715,0.36,0.636,90.31,1
C_2025_05616,Nov-2025,Healthcare,116266.96,61825.06,92744.6,62436.42,72335.36,2,0.4,0.2,0.399,0.63,94.98,0
C_2025_05617,Nov-2025,Marketplace,137847.34,41516.17,64952.96,47390.61,51286.58,1,0.2,0.194,0.364,0.578,94.03,0
C_2025_05618,Nov-2025,Marketplace,112960.12,47679.17,74232.66,59324.39,60412.07,1,0.2,0.18,0.385,0.634,65.86,0
C_2025_05619,Nov-2025,DeFi,117184.61,54593.31,132055.53,51240.18,79296.34,0,0.0,0.471,0.364,0.565,62.37,0
C_2025_05620,Nov-2025,DeFi,148642.45,27394.71,34326.66,27056.18,29592.52,2,0.4,0.113,0.373,0.568,85.22,0
C_2025_05621,Nov-2025,Wallet,102517.56,59527.68,71637.05,67855.07,66339.93,3,0.6,0.076,0.372,0.598,62.02,0
C_2025_05622,Nov-2025,Marketplace,121370.84,38832.76,88400.76,37400.78,54878.1,5,1.0,0.432,0.39,0.637,48.93,0
C_2025_05623,Nov-2025,NFT,185758.66,48214.5,167734.6698619406,58894.93,55040.49,6,0.4,0.15733312869527233,0.384,0.645,46.62,1
C_2025_05624,Nov-2025,NFT,201769.46,60597.67,148692.2,73196.31,94162.06,1,0.2,0.413,0.357,0.58,64.5,0
C_2025_05625,Nov-2025,DAO,114245.75,48373.91,58790.91,54895.14,54019.98,3,0.6,0.08,0.396,0.583,81.26,0
C_2025_05626,Nov-2025,DeFi,107210.63,61193.36,145367.57,56152.07,87571.0,3,0.6,0.467,0.352,0.63,63.2,0
C_2025_05627,Nov-2025,Marketplace,122885.61,64588.05,149210.5,58944.78,90914.45,3,0.6,0.454,0.397,0.557,72.49,0
C_2025_05628,Nov-2025,Token,75117.32,49793.37,304349.0952366723,54157.67,65412.51,6,0.6,0.4802802674748168,0.392,0.633,57.57,1
C_2025_05629,Nov-2025,DeFi,112796.97,52021.92,105407.06,64174.01,73867.66,0,0.0,0.309,0.366,0.595,86.48,0
C_2025_05630,Nov-2025,DeFi,116478.9,59110.86,89608.73,69649.25,72789.61,2,0.4,0.174,0.378,0.611,88.81,0
C_2025_05631,Nov-2025,DeFi,108516.0,66328.23,104213.33,76440.56,82327.38,2,0.4,0.195,0.365,0.553,81.03,0
C_2025_05632,Nov-2025,NFT,178423.24,56463.71,382784.6179805682,51865.87,73791.35,6,0.4,0.7236603844923333,0.389,0.578,79.79,1
C_2025_05633,Nov-2025,DeFi,109638.96,61716.26,125377.59,70259.24,85784.36,1,0.2,0.329,0.392,0.598,68.54,0
C_2025_05634,Nov-2025,Marketplace,111703.33,49793.54,111639.26,51016.34,70816.38,3,0.6,0.408,0.368,0.593,80.93,0
C_2025_05635,Nov-2025,DAO,103080.02,43142.16,92369.28,40154.03,58555.16,0,0.0,0.409,0.388,0.638,80.09,0
C_2025_05636,Nov-2025,Wallet,98806.7,50505.09,114918.96,47960.42,71128.16,1,0.2,0.436,0.385,0.6,89.92,0
C_2025_05637,Nov-2025,NFT,180063.68,47707.41,88920.38,49922.8,62183.53,3,0.6,0.304,0.396,0.581,94.9,0
C_2025_05638,Nov-2025,DeFi,141250.45,58540.2,213671.8172335871,63189.03,64307.04,5,0.2,0.13544869309736957,0.357,0.587,44.12,1
C_2025_05639,Nov-2025,Token,61198.34,48090.76,104748.92,56192.27,69677.32,3,0.6,0.359,0.382,0.605,82.85,0
C_2025_05640,Nov-2025,Token,62749.47,45696.42,89951.91,52927.74,62858.69,1,0.2,0.308,0.383,0.562,40.55,0
C_2025_05641,Nov-2025,DeFi,146407.98,57901.39,116311.48,58106.83,77439.9,4,0.8,0.355,0.375,0.643,65.42,0
C_2025_05642,Nov-2025,DAO,100112.35,49545.64,73067.45,47719.69,56777.59,1,0.2,0.203,0.354,0.601,76.81,0
C_2025_05643,Nov-2025,NFT,189399.54,54036.38,98699.79,57075.64,69937.27,1,0.2,0.291,0.382,0.591,64.91,0
C_2025_05644,Nov-2025,Wallet,101496.08,46901.18,80756.9,47993.09,58550.39,5,1.0,0.268,0.38,0.572,77.8,0
C_2025_05645,Nov-2025,DeFi,120364.02,50968.68,366074.0413760469,63765.93,77886.44,7,0.6,0.6362320956595222,0.357,0.579,59.09,1
C_2025_05646,Nov-2025,Token,72228.91,34334.12,50501.98,33505.45,39447.18,1,0.2,0.198,0.357,0.593,48.2,0
C_2025_05647,Nov-2025,Token,65778.29,52103.82,91838.21,49233.01,64391.68,3,0.6,0.302,0.385,0.57,74.3,0
C_2025_05648,Nov-2025,DeFi,119220.12,45030.1,83845.45,44339.6,57738.38,3,0.6,0.32,0.359,0.589,70.78,0
C_2025_05649,Nov-2025,NFT,203373.46,38285.96,249605.1179998221,35955.57,51051.56,6,0.4,0.6179861880827933,0.378,0.61,79.04,1
C_2025_05650,Nov-2025,DeFi,147634.07,46629.14,88682.35,49593.57,61635.02,4,0.8,0.311,0.356,0.603,42.44,0
C_2025_05651,Nov-2025,Wallet,96371.87,56100.89,100457.34,65201.84,73920.02,1,0.2,0.259,0.394,0.626,73.06,0
C_2025_05652,Nov-2025,Token,59247.07,63489.22,107211.69,61206.44,77302.45,2,0.4,0.274,0.365,0.63,45.79,0
C_2025_05653,Nov-2025,Token,74483.97,53854.52,110850.13,63464.66,76056.44,2,0.4,0.328,0.363,0.622,92.0,0
C_2025_05654,Nov-2025,DeFi,156035.86,52571.74,109804.16,68330.31,76902.07,2,0.4,0.314,0.368,0.575,86.95,0
C_2025_05655,Nov-2025,DeFi,153555.19,30843.56,75698.42,38081.72,48207.9,1,0.2,0.408,0.351,0.563,80.72,0
C_2025_05656,Nov-2025,Marketplace,98519.72,48213.68,104176.51,47144.95,66511.72,4,0.8,0.4,0.366,0.57,67.71,0
C_2025_05657,Nov-2025,Healthcare,110374.36,53754.56,106801.62,60883.26,73813.15,1,0.2,0.318,0.353,0.594,50.24,0
C_2025_05658,Nov-2025,DeFi,134401.49,53468.29,107146.64,49135.47,69916.8,2,0.4,0.377,0.383,0.636,81.69,0
C_2025_05659,Nov-2025,Marketplace,89519.23,48474.12,88280.51,61968.75,66241.13,1,0.2,0.25,0.389,0.567,71.41,0
C_2025_05660,Nov-2025,Marketplace,113225.13,60753.07,104800.2,62484.96,76012.75,2,0.4,0.268,0.391,0.578,83.94,0
C_2025_05661,Nov-2025,Marketplace,79378.05,53174.92,71544.44,48744.82,57821.39,1,0.2,0.171,0.351,0.593,56.87,0
C_2025_05662,Nov-2025,DeFi,140876.54,51033.9,81665.79,66285.62,66328.44,0,0.0,0.189,0.354,0.621,81.17,0
C_2025_05663,Nov-2025,DeFi,104951.1,45184.0,100859.84,57948.28,67997.37,7,1.0,0.35,0.369,0.61,88.42,0
C_2025_05664,Nov-2025,Token,66948.85,49268.2,109980.8,48029.4,69092.8,0,0.0,0.419,0.383,0.608,44.56,0
C_2025_05665,Nov-2025,NFT,176947.3,53081.45,108656.53,65897.39,75878.46,1,0.2,0.313,0.379,0.647,47.23,0
C_2025_05666,Nov-2025,Healthcare,115257.84,62076.32,142713.0,76526.48,93771.93,0,0.0,0.374,0.363,0.568,65.39,0
C_2025_05667,Nov-2025,Token,73177.0,49749.08,119600.57,57854.17,75734.6,2,0.4,0.412,0.352,0.6,65.07,0
C_2025_05668,Nov-2025,Token,58123.35,47722.08,71582.75,46837.81,55380.88,2,0.4,0.207,0.359,0.639,42.11,0
C_2025_05669,Nov-2025,DAO,108176.19,54495.59,103557.51,65695.95,74583.02,1,0.2,0.281,0.39,0.648,76.23,0
C_2025_05670,Nov-2025,DeFi,119985.08,40308.87,59847.95,37274.16,45810.33,1,0.2,0.218,0.355,0.586,43.33,0
C_2025_05671,Nov-2025,Token,67383.87,53215.13,123319.11,66376.96,80970.4,1,0.2,0.376,0.395,0.603,49.14,0
C_2025_05672,Nov-2025,Marketplace,94406.18,59360.73,74818.88,55292.1,63157.24,2,0.4,0.133,0.388,0.556,61.66,0
C_2025_05673,Nov-2025,Token,64802.5,50529.96,125593.3,60682.59,78935.29,0,0.0,0.421,0.374,0.633,69.36,0
C_2025_05674,Nov-2025,DAO,85869.49,65367.37,112010.29,59546.98,78974.88,4,0.8,0.297,0.351,0.64,63.6,0
C_2025_05675,Nov-2025,DeFi,111092.71,53340.19,73851.76,49858.52,59016.83,4,0.8,0.179,0.359,0.569,63.29,0
C_2025_05676,Nov-2025,DeFi,156151.45,57989.4,137266.19,66669.69,87308.43,1,0.2,0.407,0.388,0.614,55.05,0
C_2025_05677,Nov-2025,Token,59353.18,30782.32,42753.19,33272.28,35602.6,0,0.0,0.145,0.375,0.555,92.17,0
C_2025_05678,Nov-2025,Healthcare,107466.22,37010.39,131595.8736861955,36162.43,39720.37,6,0.2,0.1973732181109945,0.381,0.55,65.58,1
C_2025_05679,Nov-2025,DeFi,135333.7,51477.02,94753.08,63636.56,69955.55,2,0.4,0.261,0.382,0.56,91.65,0
C_2025_05680,Nov-2025,NFT,172600.63,39530.41,71402.79,45463.71,52132.3,1,0.2,0.265,0.368,0.564,46.93,0
C_2025_05681,Nov-2025,Marketplace,116508.61,55625.73,98762.85,52197.17,68861.92,1,0.2,0.308,0.389,0.56,64.83,0
C_2025_05682,Nov-2025,Wallet,112537.2,50318.24,66243.49,47580.13,54713.96,4,0.8,0.15,0.361,0.578,82.04,0
C_2025_05683,Nov-2025,Token,68935.18,56715.86,100591.01,57000.88,71435.92,3,0.6,0.289,0.366,0.628,63.46,0
C_2025_05684,Nov-2025,Token,50470.64,63601.77,96359.25,62046.16,74002.39,0,0.0,0.214,0.351,0.578,49.43,0
C_2025_05685,Nov-2025,DeFi,126007.11,48784.87,80203.65,54052.82,61013.78,2,0.4,0.225,0.368,0.632,58.71,0
C_2025_05686,Nov-2025,NFT,184226.26,48165.57,76409.76,62042.29,62205.87,3,0.6,0.185,0.387,0.585,66.71,0
C_2025_05687,Nov-2025,Wallet,106261.52,45159.14,85253.93,49097.77,59836.95,1,0.2,0.302,0.387,0.596,67.84,0
C_2025_05688,Nov-2025,DAO,119963.48,53911.06,101618.2,68966.82,74832.02,1,0.2,0.266,0.385,0.568,89.5,0
C_2025_05689,Nov-2025,DeFi,153051.51,42962.49,83400.45,39600.95,55321.3,4,0.8,0.36,0.394,0.577,50.4,0
C_2025_05690,Nov-2025,Token,72274.25,43510.11,77646.71,43346.08,54834.3,3,0.6,0.294,0.366,0.625,58.87,0
C_2025_05691,Nov-2025,NFT,154623.12,50125.94,115544.61,59902.13,75190.89,1,0.2,0.383,0.375,0.553,57.33,0
C_2025_05692,Nov-2025,NFT,188337.67,48040.02,119649.31,55106.62,74265.32,2,0.4,0.434,0.39,0.617,75.71,0
C_2025_05693,Nov-2025,Token,54783.98,34665.65,85543.75,40412.17,53540.52,1,0.2,0.425,0.366,0.589,57.43,0
C_2025_05694,Nov-2025,Energy,110368.44,58199.72,141992.26,59860.1,86684.03,0,0.0,0.451,0.357,0.572,75.2,0
C_2025_05695,Nov-2025,Marketplace,104812.91,40693.65,90909.73,38655.04,56752.81,0,0.0,0.426,0.377,0.62,90.1,0
C_2025_05696,Nov-2025,Token,68429.14,51244.88,77783.78,53127.03,60718.57,4,0.8,0.199,0.364,0.566,42.81,0
C_2025_05697,Nov-2025,DAO,104496.09,52747.61,87805.62,68096.26,69549.83,1,0.2,0.206,0.384,0.631,55.35,0
C_2025_05698,Nov-2025,Marketplace,102695.27,56593.53,118905.58,53759.41,76419.51,1,0.2,0.393,0.386,0.615,86.93,0
C_2025_05699,Nov-2025,NFT,185669.41,41644.03,56888.88,45443.3,47992.07,1,0.2,0.135,0.354,0.634,55.77,0
C_2025_05700,Nov-2025,DAO,125139.0,38940.62,57901.94,38050.63,44964.4,1,0.2,0.204,0.396,0.644,64.65,0
C_2025_05701,Nov-2025,Wallet,108229.17,38334.6,132553.20662090732,40600.9,43305.73,4,0.0,0.22378628356076138,0.385,0.578,68.64,1
C_2025_05702,Nov-2025,Marketplace,110196.38,47414.91,57099.32,60220.57,54911.6,1,0.2,0.099,0.367,0.555,69.2,0
C_2025_05703,Nov-2025,NFT,173501.73,41583.78,66415.96,50093.21,52697.65,4,0.8,0.196,0.388,0.594,63.44,0
C_2025_05704,Nov-2025,NFT,225058.05,45216.48,181074.83926749357,56330.95,53231.34,5,0.2,0.211928866600643,0.396,0.622,88.73,1
C_2025_05705,Nov-2025,Healthcare,109843.33,43811.92,84744.59,51505.97,60020.83,0,0.0,0.296,0.383,0.565,43.72,0
C_2025_05706,Nov-2025,Marketplace,138676.23,44156.53,107987.14,52080.43,68074.7,1,0.2,0.417,0.358,0.611,52.26,0
C_2025_05707,Nov-2025,Token,59841.99,52764.22,86613.88,63804.33,67727.48,2,0.4,0.208,0.398,0.626,84.39,0
C_2025_05708,Nov-2025,Token,61868.91,38511.44,49628.59,36345.55,41495.2,0,0.0,0.14,0.365,0.65,63.21,0
C_2025_05709,Nov-2025,NFT,186630.93,52276.17,79453.19,50074.76,60601.38,1,0.2,0.22,0.383,0.595,85.12,0
C_2025_05710,Nov-2025,NFT,159593.69,43779.62,84818.02,53237.11,60611.58,1,0.2,0.289,0.374,0.563,81.13,0
C_2025_05711,Nov-2025,Token,68487.14,71502.2,166882.01,85303.89,107896.03,0,0.0,0.39,0.371,0.582,84.11,0
C_2025_05712,Nov-2025,DAO,107249.82,64347.8,146117.16,68467.79,92977.59,1,0.2,0.405,0.357,0.626,46.29,0
C_2025_05713,Nov-2025,Wallet,123710.15,57512.48,118524.83,70584.66,82207.32,3,0.6,0.319,0.375,0.641,53.4,0
C_2025_05714,Nov-2025,Marketplace,97352.53,56389.16,74423.97,72262.58,67691.9,0,0.0,0.119,0.384,0.592,86.04,0
C_2025_05715,Nov-2025,DeFi,122186.38,53195.97,96186.92,48462.22,65948.37,2,0.4,0.326,0.391,0.555,41.9,0
C_2025_05716,Nov-2025,Energy,98321.7,49347.61,123160.11,64143.23,78883.65,3,0.6,0.404,0.358,0.629,52.7,0
C_2025_05717,Nov-2025,Token,74246.02,30161.03,64306.31,28956.41,41141.25,0,0.0,0.398,0.393,0.633,68.78,0
C_2025_05718,Nov-2025,Marketplace,125011.01,57409.12,104455.36,57575.16,73146.55,3,0.6,0.303,0.361,0.639,75.1,0
C_2025_05719,Nov-2025,Token,57653.58,48197.93,276698.2058350519,49489.1,67542.68,8,0.6,0.7431876253946712,0.382,0.558,76.59,1
C_2025_05720,Nov-2025,DeFi,123426.24,40074.29,74790.44,47077.3,53980.68,2,0.4,0.278,0.369,0.578,61.91,0
C_2025_05721,Nov-2025,Wallet,96574.68,54280.81,100567.63,68065.34,74304.59,3,0.6,0.261,0.388,0.556,43.1,0
C_2025_05722,Nov-2025,NFT,153834.51,45302.62,84901.64,44092.18,58098.81,6,1.0,0.326,0.362,0.614,83.35,0
C_2025_05723,Nov-2025,Token,49835.71,49906.33,92824.47,46171.24,62967.35,4,0.8,0.336,0.4,0.647,74.49,0
C_2025_05724,Nov-2025,Energy,109471.24,53795.6,128173.96,56703.25,79557.61,2,0.4,0.432,0.397,0.62,86.2,0
C_2025_05725,Nov-2025,Token,71618.52,50685.95,109580.42,47080.51,69115.63,1,0.2,0.415,0.391,0.583,72.91,0
C_2025_05726,Nov-2025,Marketplace,118675.39,60530.4,125544.97,76090.72,87388.7,1,0.2,0.317,0.359,0.597,48.25,0
C_2025_05727,Nov-2025,DAO,92723.66,58754.43,136117.5,60953.67,85275.2,1,0.2,0.422,0.359,0.57,83.07,0
C_2025_05728,Nov-2025,DeFi,108116.45,49889.73,61912.13,54209.73,55337.2,2,0.4,0.09,0.37,0.646,63.27,0
C_2025_05729,Nov-2025,DeFi,136911.28,37204.73,234869.29132510454,33816.6,51626.52,7,0.4,0.7016313161143731,0.396,0.608,68.42,1
C_2025_05730,Nov-2025,Token,71071.11,54576.44,100154.51,49260.17,67997.04,1,0.2,0.336,0.378,0.624,69.21,0
C_2025_05731,Nov-2025,Healthcare,100296.63,52136.44,69141.23,64668.81,61982.16,0,0.0,0.116,0.364,0.644,65.24,0
C_2025_05732,Nov-2025,Energy,96822.54,55509.39,86132.07,61260.18,67633.88,3,0.6,0.196,0.368,0.574,53.99,0
C_2025_05733,Nov-2025,DeFi,99969.96,50470.65,79546.87,64966.2,64994.57,1,0.2,0.183,0.364,0.631,88.76,0
C_2025_05734,Nov-2025,Token,59398.09,64629.76,141794.22,82399.89,96274.63,0,0.0,0.343,0.393,0.635,60.16,0
C_2025_05735,Nov-2025,Wallet,116540.53,36098.84,153897.44266307293,34588.14,42261.31,5,0.4,0.4112192698744635,0.356,0.6,80.86,1
C_2025_05736,Nov-2025,DAO,101668.45,39326.31,56338.47,40979.2,45547.99,1,0.2,0.168,0.351,0.604,71.87,0
C_2025_05737,Nov-2025,Wallet,123784.05,38894.42,48589.74,40303.55,42595.9,0,0.0,0.1,0.361,0.588,67.14,0
C_2025_05738,Nov-2025,NFT,156461.01,63462.8,90718.72,63079.92,72420.48,1,0.2,0.179,0.375,0.586,84.61,0
C_2025_05739,Nov-2025,Energy,117944.07,58120.55,98817.65,66983.61,74640.6,1,0.2,0.234,0.394,0.648,57.29,0
C_2025_05740,Nov-2025,NFT,175085.86,61389.64,110670.05,64743.06,78934.25,2,0.4,0.285,0.372,0.625,79.52,0
C_2025_05741,Nov-2025,Healthcare,100729.46,45560.11,104204.58,55791.2,68518.63,1,0.2,0.373,0.377,0.62,72.04,0
C_2025_05742,Nov-2025,DAO,101294.12,53367.13,64145.73,50016.36,55843.07,1,0.2,0.108,0.394,0.558,64.35,0
C_2025_05743,Nov-2025,DeFi,130056.48,54749.14,241277.2696088126,55652.88,61841.48,6,0.2,0.2675736401794368,0.398,0.607,78.73,1
C_2025_05744,Nov-2025,Marketplace,117115.56,49989.24,98278.21,58227.14,68831.53,2,0.4,0.306,0.364,0.575,40.37,0
C_2025_05745,Nov-2025,DeFi,124486.36,56059.12,92555.76,52687.1,67100.66,5,1.0,0.269,0.359,0.622,71.33,0
C_2025_05746,Nov-2025,NFT,181743.52,63909.52,156146.18,73547.72,97867.81,2,0.4,0.423,0.366,0.6,72.15,0
C_2025_05747,Nov-2025,Marketplace,118336.43,41477.72,93038.14,46908.31,60474.73,1,0.2,0.383,0.395,0.625,66.42,0
C_2025_05748,Nov-2025,NFT,149616.22,59903.68,76542.68,58799.71,65082.02,0,0.0,0.125,0.375,0.612,60.92,0
C_2025_05749,Nov-2025,DeFi,117139.57,50498.9,111145.34,46111.19,69251.81,2,0.4,0.429,0.376,0.628,62.74,0
C_2025_05750,Nov-2025,Token,57185.35,47108.55,92942.76,58000.3,66017.2,1,0.2,0.296,0.383,0.553,86.09,0
C_2025_05751,Nov-2025,Wallet,112050.17,55936.85,131245.41,52233.95,79805.41,1,0.2,0.456,0.389,0.598,59.16,0
C_2025_05752,Nov-2025,Wallet,114539.17,46669.1,57248.08,48298.24,50738.47,1,0.2,0.092,0.359,0.599,63.43,0
C_2025_05753,Nov-2025,DeFi,156471.7,51139.36,120690.28,48448.65,73426.1,0,0.0,0.455,0.366,0.605,45.49,0
C_2025_05754,Nov-2025,NFT,184032.2,63910.17,138876.79,66668.89,89818.62,2,0.4,0.386,0.369,0.551,70.54,0
C_2025_05755,Nov-2025,NFT,196432.97,52823.98,97307.66,54155.6,68095.75,1,0.2,0.303,0.361,0.639,56.35,0
C_2025_05756,Nov-2025,Token,60772.65,58106.19,131062.89,68233.61,85800.9,2,0.4,0.376,0.356,0.622,86.67,0
C_2025_05757,Nov-2025,Marketplace,115369.97,51924.73,122391.87,62895.12,79070.57,1,0.2,0.392,0.387,0.625,48.47,0
C_2025_05758,Nov-2025,Energy,105573.27,49596.69,93259.9,52813.66,65223.42,4,0.8,0.305,0.371,0.632,75.99,0
C_2025_05759,Nov-2025,DAO,96994.11,55747.96,90455.41,71486.98,72563.45,1,0.2,0.196,0.377,0.599,64.4,0
C_2025_05760,Nov-2025,NFT,218485.05,46422.75,114074.35,58034.48,72843.86,2,0.4,0.405,0.372,0.601,86.34,0
C_2025_05761,Nov-2025,Wallet,108903.37,56379.94,89677.8,58349.96,68135.9,1,0.2,0.224,0.396,0.592,94.45,0
C_2025_05762,Nov-2025,NFT,174642.75,49821.22,92919.96,62143.12,68294.77,2,0.4,0.265,0.393,0.578,65.95,0
C_2025_05763,Nov-2025,Token,57777.97,44388.55,77568.53,45892.56,55949.88,2,0.4,0.273,0.4,0.647,90.48,0
C_2025_05764,Nov-2025,DeFi,104721.82,63300.08,101718.8,57350.69,74123.19,2,0.4,0.265,0.379,0.564,78.25,0
C_2025_05765,Nov-2025,DAO,113135.68,32095.41,162155.9351089377,29168.31,38344.92,6,0.2,0.4497583728683483,0.379,0.638,52.17,1
C_2025_05766,Nov-2025,Marketplace,88662.49,39763.55,52328.3,42523.41,44871.75,1,0.2,0.12,0.374,0.559,89.09,0
C_2025_05767,Nov-2025,DeFi,122727.5,51313.0,116745.08,53603.6,73887.23,1,0.2,0.41,0.38,0.558,43.23,0
C_2025_05768,Nov-2025,DeFi,131592.85,50224.78,91833.85,53505.13,65187.92,2,0.4,0.29,0.395,0.615,42.96,0
C_2025_05769,Nov-2025,NFT,194777.91,54300.71,84499.47,57187.18,65329.12,0,0.0,0.208,0.382,0.616,43.77,0
C_2025_05770,Nov-2025,DAO,123758.32,60286.51,75097.38,67650.39,67678.09,3,0.6,0.089,0.353,0.617,73.29,0
C_2025_05771,Nov-2025,NFT,157936.74,31626.0,73371.06,33707.85,46234.97,1,0.2,0.415,0.37,0.565,92.23,0
C_2025_05772,Nov-2025,Energy,106262.71,40079.05,52380.87,50842.41,47767.44,2,0.4,0.115,0.359,0.588,74.17,0
C_2025_05773,Nov-2025,Energy,124592.02,42172.45,59660.03,48087.33,49973.27,1,0.2,0.145,0.378,0.556,90.82,0
C_2025_05774,Nov-2025,DeFi,125659.06,61510.3,117589.88,56159.78,78419.99,1,0.2,0.354,0.369,0.632,50.01,0
C_2025_05775,Nov-2025,Token,65703.19,39500.13,82685.1,35904.68,52696.64,1,0.2,0.403,0.388,0.597,85.87,0
C_2025_05776,Nov-2025,Token,74371.23,47048.33,100281.59,57930.74,68420.22,2,0.4,0.336,0.388,0.586,44.92,0
C_2025_05777,Nov-2025,DeFi,125533.29,58315.57,80031.42,67563.88,68636.95,3,0.6,0.13,0.385,0.611,51.56,0
C_2025_05778,Nov-2025,DAO,100758.75,48070.89,114674.47,43944.18,68896.51,2,0.4,0.47,0.355,0.563,62.27,0
C_2025_05779,Nov-2025,Token,78418.87,45605.45,68832.63,53847.99,56095.36,6,1.0,0.171,0.396,0.634,44.65,0
C_2025_05780,Nov-2025,Wallet,107875.69,54619.49,236221.6951105511,56657.22,66563.31,4,0.2,0.4494182067010305,0.379,0.593,62.69,1
C_2025_05781,Nov-2025,DeFi,131210.31,51345.24,108822.55,54877.04,71681.61,1,0.2,0.367,0.354,0.63,80.63,0
C_2025_05782,Nov-2025,Marketplace,117705.31,37605.32,71136.82,41773.72,50171.95,5,1.0,0.297,0.378,0.612,57.13,0
C_2025_05783,Nov-2025,Healthcare,126398.82,61898.75,146979.37,61591.82,90156.65,2,0.4,0.446,0.366,0.556,57.56,0
C_2025_05784,Nov-2025,DeFi,128922.7,57217.68,72672.41,65131.7,65007.26,1,0.2,0.097,0.378,0.586,80.17,0
C_2025_05785,Nov-2025,NFT,198779.02,52635.4,67157.59,52317.88,57370.29,4,0.8,0.121,0.382,0.571,72.74,0
C_2025_05786,Nov-2025,NFT,126683.31,48956.72,115246.54,60303.23,74835.5,0,0.0,0.387,0.399,0.573,51.84,0
C_2025_05787,Nov-2025,DAO,109010.82,55302.35,124262.95,56147.42,78570.91,5,1.0,0.411,0.375,0.622,61.25,0
C_2025_05788,Nov-2025,DeFi,153777.78,44270.26,77835.74,44434.03,55513.34,2,0.4,0.284,0.367,0.617,73.65,0
C_2025_05789,Nov-2025,NFT,133767.58,59159.52,76544.16,67932.44,67878.71,1,0.2,0.105,0.362,0.575,83.31,0
C_2025_05790,Nov-2025,Marketplace,98130.61,49582.07,62453.89,49080.61,53705.52,2,0.4,0.115,0.372,0.557,42.07,0
C_2025_05791,Nov-2025,NFT,182701.91,57069.79,126433.66,55514.69,79672.71,1,0.2,0.415,0.383,0.603,70.33,0
C_2025_05792,Nov-2025,Token,64282.78,40241.2,91385.27,44417.61,58681.36,0,0.0,0.395,0.371,0.625,47.42,0
C_2025_05793,Nov-2025,NFT,184423.59,50651.82,85824.06,46470.84,60982.24,1,0.2,0.289,0.36,0.555,49.39,0
C_2025_05794,Nov-2025,Wallet,115315.91,55355.98,91027.84,69685.16,72022.99,2,0.4,0.203,0.387,0.588,56.66,0
C_2025_05795,Nov-2025,Token,59861.45,53515.31,100439.58,48508.02,67487.64,2,0.4,0.347,0.354,0.577,46.07,0
C_2025_05796,Nov-2025,Energy,100471.45,52370.43,104857.79,49954.9,69061.04,2,0.4,0.367,0.352,0.583,89.03,0
C_2025_05797,Nov-2025,DeFi,135490.47,46413.74,80879.82,56679.12,61324.23,2,0.4,0.236,0.39,0.557,57.31,0
C_2025_05798,Nov-2025,Marketplace,101203.08,66269.58,128220.64,85254.28,93248.17,2,0.4,0.278,0.352,0.595,73.46,0
C_2025_05799,Nov-2025,Marketplace,116474.89,52308.36,82018.24,65953.95,66760.18,1,0.2,0.182,0.369,0.598,59.39,0
C_2025_05800,Nov-2025,Token,66075.27,41994.36,57586.01,53165.32,50915.23,2,0.4,0.129,0.378,0.609,88.86,0
C_2025_05801,Nov-2025,DeFi,132856.84,46569.83,89956.45,45168.54,60564.94,0,0.0,0.343,0.385,0.584,95.0,0
C_2025_05802,Nov-2025,DeFi,132338.73,57478.21,116925.11,55383.39,76595.57,2,0.4,0.372,0.394,0.551,67.19,0
C_2025_05803,Nov-2025,DAO,97299.68,53150.42,68499.76,59208.17,60286.12,1,0.2,0.105,0.394,0.58,68.41,0
C_2025_05804,Nov-2025,Token,72446.4,29559.96,64857.03,31910.24,42109.07,1,0.2,0.383,0.369,0.573,90.07,0
C_2025_05805,Nov-2025,Token,53714.55,51382.44,106473.91,62749.83,73535.39,3,0.6,0.323,0.385,0.607,76.17,0
C_2025_05806,Nov-2025,DAO,103387.33,59941.62,83677.06,62515.09,68711.26,2,0.4,0.155,0.384,0.613,91.16,0
C_2025_05807,Nov-2025,DeFi,134770.17,54728.63,79850.26,69810.18,68129.69,1,0.2,0.152,0.391,0.571,75.12,0
C_2025_05808,Nov-2025,Healthcare,136297.67,44040.28,107699.02,53876.49,68538.6,1,0.2,0.408,0.398,0.609,49.52,0
C_2025_05809,Nov-2025,Marketplace,104773.64,50967.44,73585.69,58768.11,61107.08,1,0.2,0.154,0.383,0.637,77.32,0
C_2025_05810,Nov-2025,DeFi,160950.75,46201.21,97223.41,55904.39,66443.0,1,0.2,0.333,0.384,0.562,65.41,0
C_2025_05811,Nov-2025,Energy,101438.18,40846.59,74006.35,51404.24,55419.06,1,0.2,0.25,0.394,0.6,51.23,0
C_2025_05812,Nov-2025,Marketplace,93487.54,50977.27,85515.52,62304.9,66265.89,2,0.4,0.217,0.364,0.648,58.86,0
C_2025_05813,Nov-2025,Marketplace,109937.12,69332.28,85281.15,88597.63,81070.35,0,0.0,0.104,0.383,0.631,81.18,0
C_2025_05814,Nov-2025,NFT,187134.37,56261.57,100103.05,70805.74,75723.45,2,0.4,0.241,0.374,0.578,46.32,0
C_2025_05815,Nov-2025,DAO,118331.33,46158.08,87976.07,57239.68,63791.28,2,0.4,0.277,0.378,0.644,86.17,0
C_2025_05816,Nov-2025,DeFi,141471.65,56110.37,105828.61,54304.21,72081.06,1,0.2,0.331,0.366,0.628,60.53,0
C_2025_05817,Nov-2025,Energy,112975.43,47289.34,99665.55,47349.05,64767.98,4,0.8,0.381,0.394,0.62,49.22,0
C_2025_05818,Nov-2025,DeFi,142303.01,52881.83,118387.62,63682.57,78317.34,0,0.0,0.366,0.36,0.605,71.91,0
C_2025_05819,Nov-2025,Wallet,109421.53,55462.63,88366.03,54148.68,65992.44,0,0.0,0.24,0.353,0.607,49.69,0
C_2025_05820,Nov-2025,DeFi,134460.48,58670.61,136371.18,62835.33,85959.04,4,0.8,0.415,0.38,0.575,80.41,0
C_2025_05821,Nov-2025,DeFi,134391.91,67980.44,156731.26,61183.67,95298.46,0,0.0,0.457,0.352,0.566,78.94,0
C_2025_05822,Nov-2025,NFT,181719.39,42083.16,97997.69,38457.67,59512.84,0,0.0,0.458,0.399,0.617,47.74,0
C_2025_05823,Nov-2025,DAO,118874.55,43616.62,66015.36,46206.89,51946.29,1,0.2,0.193,0.365,0.599,74.4,0
C_2025_05824,Nov-2025,Wallet,109101.1,46835.19,77164.42,42655.0,55551.54,2,0.4,0.277,0.379,0.58,45.87,0
C_2025_05825,Nov-2025,NFT,169900.92,35332.63,56004.73,40620.79,43986.05,1,0.2,0.199,0.386,0.55,40.06,0
C_2025_05826,Nov-2025,DAO,109273.42,41140.31,178646.02593477227,48910.1,47328.72,5,0.0,0.1639421018465211,0.375,0.618,53.07,1
C_2025_05827,Nov-2025,DAO,91100.0,54194.28,80116.84,66515.67,66942.27,2,0.4,0.158,0.368,0.56,67.31,0
C_2025_05828,Nov-2025,Wallet,100500.25,49477.01,113205.51,54299.89,72327.47,2,0.4,0.401,0.367,0.553,42.73,0
C_2025_05829,Nov-2025,Token,64787.26,45549.74,81346.44,42110.56,56335.58,1,0.2,0.315,0.365,0.614,78.34,0
C_2025_05830,Nov-2025,Wallet,123502.12,44974.22,78399.88,49874.66,57749.58,0,0.0,0.255,0.362,0.623,93.74,0
C_2025_05831,Nov-2025,NFT,169973.82,50922.94,187229.31075430938,54910.79,58800.22,5,0.2,0.2420120593764913,0.388,0.606,82.6,1
C_2025_05832,Nov-2025,Token,81778.24,59432.58,90537.87,70610.41,73526.95,2,0.4,0.175,0.381,0.649,72.28,0
C_2025_05833,Nov-2025,NFT,156986.05,48747.5,65800.11,52906.43,55818.01,4,0.8,0.13,0.366,0.609,78.25,0
C_2025_05834,Nov-2025,NFT,142567.22,53760.09,90351.41,58024.44,67378.65,0,0.0,0.242,0.394,0.601,81.31,0
C_2025_05835,Nov-2025,DeFi,133254.68,39945.83,96028.6,39375.03,58449.82,1,0.2,0.455,0.369,0.61,61.66,0
C_2025_05836,Nov-2025,Token,63550.43,66341.26,317792.58245116094,84878.82,81474.61,6,0.2,0.2648697328599674,0.353,0.642,91.04,1
C_2025_05837,Nov-2025,Token,57982.75,47492.14,104529.22,47724.9,66582.08,4,0.8,0.403,0.396,0.573,52.42,0
C_2025_05838,Nov-2025,Token,66176.97,58143.25,130198.68,70992.65,86444.86,1,0.2,0.363,0.385,0.556,51.04,0
C_2025_05839,Nov-2025,Healthcare,118651.15,52021.13,114612.98,53736.94,73457.01,3,0.6,0.396,0.36,0.59,42.88,0
C_2025_05840,Nov-2025,Energy,130965.05,49263.4,93087.99,63452.24,68601.21,1,0.2,0.266,0.374,0.643,45.27,0
C_2025_05841,Nov-2025,NFT,189610.38,42489.21,67231.99,51246.08,53655.76,2,0.4,0.191,0.354,0.589,58.33,0
C_2025_05842,Nov-2025,Token,68792.64,59417.37,131349.29,62320.5,84362.39,1,0.2,0.394,0.352,0.579,82.55,0
C_2025_05843,Nov-2025,Healthcare,81242.9,57167.33,385280.90488466347,62823.73,85075.85,9,0.8,0.680378481460005,0.352,0.633,91.94,1
C_2025_05844,Nov-2025,DeFi,132364.58,27242.78,47712.43,35381.89,36779.03,1,0.2,0.229,0.389,0.61,41.38,0
C_2025_05845,Nov-2025,Marketplace,96104.9,48537.91,113334.19,43930.67,68600.92,2,0.4,0.462,0.386,0.605,92.49,0
C_2025_05846,Nov-2025,Token,70094.78,57813.26,138934.67,55740.07,84162.66,2,0.4,0.46,0.397,0.625,64.16,0
C_2025_05847,Nov-2025,Energy,98984.8,46639.14,61646.48,49877.66,52721.1,2,0.4,0.122,0.366,0.566,94.46,0
C_2025_05848,Nov-2025,Wallet,111432.89,62517.06,100528.15,81090.61,81378.61,1,0.2,0.191,0.392,0.565,65.5,0
C_2025_05849,Nov-2025,DeFi,115068.05,47426.58,91865.69,60592.07,66628.11,2,0.4,0.28,0.38,0.638,60.65,0
C_2025_05850,Nov-2025,Token,64043.64,37045.27,62571.1,40304.16,46640.18,0,0.0,0.243,0.367,0.633,62.02,0
C_2025_05851,Nov-2025,DeFi,110028.98,44254.27,92534.73,45182.67,60657.22,1,0.2,0.372,0.351,0.572,73.36,0
C_2025_05852,Nov-2025,Marketplace,105819.88,52829.75,103553.69,50593.0,68992.15,1,0.2,0.354,0.378,0.602,42.36,0
C_2025_05853,Nov-2025,DeFi,140158.93,64203.66,129051.05,71388.66,88214.45,5,1.0,0.329,0.396,0.576,94.67,0
C_2025_05854,Nov-2025,DeFi,136246.08,50595.38,63967.01,50986.22,55182.87,4,0.8,0.113,0.369,0.621,79.34,0
C_2025_05855,Nov-2025,DeFi,113395.09,41317.37,66803.36,51929.0,53349.91,1,0.2,0.196,0.366,0.589,94.03,0
C_2025_05856,Nov-2025,DAO,111864.26,54301.81,68395.68,53025.01,58574.17,2,0.4,0.119,0.39,0.569,67.93,0
C_2025_05857,Nov-2025,Token,71051.12,58392.27,128957.7,71556.05,86302.0,1,0.2,0.355,0.391,0.554,68.3,0
C_2025_05858,Nov-2025,Token,54943.86,58184.99,106880.34,70115.7,78393.68,2,0.4,0.264,0.387,0.619,68.23,0
C_2025_05859,Nov-2025,NFT,211426.71,42607.14,52925.03,39636.4,45056.19,1,0.2,0.126,0.389,0.627,79.05,0
C_2025_05860,Nov-2025,DeFi,116917.62,43218.25,95819.4,47909.06,62315.57,1,0.2,0.381,0.395,0.619,69.07,0
C_2025_05861,Nov-2025,DAO,110402.06,39388.8,72156.44,48752.1,53432.44,0,0.0,0.258,0.373,0.614,91.99,0
C_2025_05862,Nov-2025,Wallet,110953.93,57501.64,114355.63,71357.26,81071.51,4,0.8,0.299,0.366,0.59,77.29,0
C_2025_05863,Nov-2025,Marketplace,96971.52,40492.4,69657.62,51916.67,54022.23,1,0.2,0.222,0.35,0.574,91.63,0
C_2025_05864,Nov-2025,DAO,110463.82,54851.1,111911.17,66828.78,77863.68,0,0.0,0.316,0.369,0.614,89.4,0
C_2025_05865,Nov-2025,Energy,99670.8,60417.46,384381.5755744117,70437.56,91609.48,7,0.4,0.6152836248212743,0.358,0.643,41.82,1
C_2025_05866,Nov-2025,NFT,143292.83,63403.98,111492.87,67228.97,80708.61,0,0.0,0.27,0.356,0.556,42.96,0
C_2025_05867,Nov-2025,DeFi,133777.45,45753.95,61697.68,45964.29,51138.64,1,0.2,0.146,0.396,0.598,92.97,0
C_2025_05868,Nov-2025,NFT,140533.08,57267.76,111334.7,62390.94,76997.8,2,0.4,0.316,0.375,0.592,77.06,0
C_2025_05869,Nov-2025,Marketplace,110503.92,44863.01,81745.02,57847.82,61485.28,1,0.2,0.248,0.375,0.628,68.85,0
C_2025_05870,Nov-2025,DAO,94560.21,38041.58,63799.73,34541.06,45460.79,2,0.4,0.287,0.382,0.581,53.39,0
C_2025_05871,Nov-2025,NFT,190553.51,54853.65,110443.5,66573.61,77290.25,1,0.2,0.31,0.38,0.576,82.76,0
C_2025_05872,Nov-2025,DeFi,150789.5,40781.99,78249.47,50039.26,56356.91,1,0.2,0.283,0.365,0.637,62.22,0
C_2025_05873,Nov-2025,NFT,148027.79,50506.62,96896.55,50801.88,66068.35,1,0.2,0.33,0.368,0.56,72.34,0
C_2025_05874,Nov-2025,DeFi,129208.39,47384.95,102964.65,61128.5,70492.7,0,0.0,0.335,0.389,0.587,48.46,0
C_2025_05875,Nov-2025,Token,60275.75,57762.65,139915.42,54418.27,84032.11,1,0.2,0.471,0.4,0.597,84.59,0
C_2025_05876,Nov-2025,DeFi,121567.77,47624.93,105197.68,53664.73,68829.11,0,0.0,0.375,0.371,0.601,78.38,0
C_2025_05877,Nov-2025,DeFi,128411.09,50574.68,92750.89,48776.72,64034.09,3,0.6,0.317,0.376,0.634,79.23,0
C_2025_05878,Nov-2025,Token,62326.18,53291.14,83825.41,57368.53,64828.36,1,0.2,0.209,0.369,0.619,75.5,0
C_2025_05879,Nov-2025,Token,59205.34,72119.23,177227.32,68955.48,106100.68,2,0.4,0.474,0.387,0.64,54.39,0
C_2025_05880,Nov-2025,DeFi,119619.22,39725.52,69280.27,37517.48,48841.09,1,0.2,0.296,0.378,0.577,91.9,0
C_2025_05881,Nov-2025,NFT,162471.27,59992.81,131688.76,68297.07,86659.55,1,0.2,0.369,0.36,0.575,44.61,0
C_2025_05882,Nov-2025,DeFi,93424.31,43974.73,52914.86,54640.65,50510.08,4,0.8,0.093,0.381,0.632,49.51,0
C_2025_05883,Nov-2025,Marketplace,105464.55,45317.23,70856.77,58277.68,58150.56,1,0.2,0.179,0.389,0.567,59.65,0
C_2025_05884,Nov-2025,NFT,151997.75,42664.11,68321.69,51268.64,54084.81,1,0.2,0.197,0.355,0.61,87.47,0
C_2025_05885,Nov-2025,DeFi,133222.19,44640.14,83258.41,46103.29,58000.62,0,0.0,0.308,0.384,0.581,58.64,0
C_2025_05886,Nov-2025,DeFi,132514.54,50655.23,82756.91,60720.09,64710.74,1,0.2,0.207,0.376,0.551,85.38,0
C_2025_05887,Nov-2025,Energy,98400.82,40145.88,84044.32,48804.22,57664.81,4,0.8,0.329,0.397,0.638,80.1,0
C_2025_05888,Nov-2025,Wallet,148366.29,75265.87,91179.18,68649.99,78365.01,4,0.8,0.121,0.354,0.613,45.49,0
C_2025_05889,Nov-2025,DeFi,137886.92,68394.55,145398.76,71156.58,94983.3,0,0.0,0.376,0.362,0.618,66.3,0
C_2025_05890,Nov-2025,DeFi,100584.45,53617.8,122662.13,69691.45,81990.46,2,0.4,0.36,0.387,0.593,73.29,0
C_2025_05891,Nov-2025,NFT,186584.34,46541.87,66337.8,59175.3,57351.66,0,0.0,0.143,0.364,0.606,87.22,0
C_2025_05892,Nov-2025,DeFi,108911.45,53051.63,122907.02,60397.42,78785.35,1,0.2,0.398,0.384,0.618,79.82,0
C_2025_05893,Nov-2025,Token,61855.37,50723.9,110293.0,65433.01,75483.3,1,0.2,0.336,0.388,0.614,90.74,0
C_2025_05894,Nov-2025,Energy,139028.28,33799.61,42239.93,42590.5,39543.35,2,0.4,0.103,0.363,0.598,76.33,0
C_2025_05895,Nov-2025,DAO,86192.43,43644.67,83017.1,56010.05,60890.61,2,0.4,0.27,0.386,0.615,46.22,0
C_2025_05896,Nov-2025,DAO,128844.45,51883.87,75805.05,53922.05,60536.99,0,0.0,0.179,0.394,0.636,49.31,0
C_2025_05897,Nov-2025,NFT,161506.75,60338.38,126229.24,66212.16,84259.93,3,0.6,0.353,0.356,0.643,48.44,0
C_2025_05898,Nov-2025,Marketplace,109629.36,63935.3,88364.02,77404.05,76567.79,1,0.2,0.13,0.353,0.635,67.55,0
C_2025_05899,Nov-2025,DeFi,120466.88,65164.04,113134.99,66458.44,81585.82,1,0.2,0.274,0.386,0.605,86.61,0
C_2025_05900,Nov-2025,Wallet,90355.73,57313.78,253198.05624819655,66542.13,73081.47,5,0.2,0.3779962409398531,0.4,0.561,73.39,1
C_2025_05901,Nov-2025,Marketplace,139169.22,56630.44,107252.06,52279.18,72053.89,3,0.6,0.346,0.359,0.556,73.65,0
C_2025_05902,Nov-2025,NFT,123718.28,44665.59,84095.37,55793.63,61518.2,0,0.0,0.27,0.377,0.62,93.39,0
C_2025_05903,Nov-2025,Marketplace,113995.4,63269.27,138989.88,82175.6,94811.58,1,0.2,0.339,0.379,0.629,76.95,0
C_2025_05904,Nov-2025,DAO,88962.0,43441.19,87538.63,46262.59,59080.8,2,0.4,0.341,0.382,0.637,74.2,0
C_2025_05905,Nov-2025,Token,60674.56,49932.86,104162.17,64863.31,72986.11,3,0.6,0.313,0.385,0.568,88.79,0
C_2025_05906,Nov-2025,Token,55776.29,36559.7,54139.58,39947.5,43548.93,1,0.2,0.175,0.385,0.612,60.48,0
C_2025_05907,Nov-2025,Energy,119670.58,46659.94,56715.88,55355.6,52910.47,2,0.4,0.084,0.354,0.648,44.73,0
C_2025_05908,Nov-2025,DeFi,125942.38,40721.5,98872.24,41423.09,60338.94,2,0.4,0.452,0.385,0.6,71.81,0
C_2025_05909,Nov-2025,Token,67655.06,44565.82,104803.88,41607.02,63658.91,0,0.0,0.457,0.367,0.629,79.46,0
C_2025_05910,Nov-2025,DeFi,124309.79,59538.16,148362.36,62303.26,90067.93,2,0.4,0.458,0.367,0.569,47.1,0
C_2025_05911,Nov-2025,NFT,155304.86,46965.79,247071.20820555315,42934.48,58976.39,5,0.4,0.5821887449223829,0.357,0.581,83.52,1
C_2025_05912,Nov-2025,Token,57309.49,37699.51,83897.34,37858.76,53151.87,1,0.2,0.409,0.359,0.571,65.5,0
C_2025_05913,Nov-2025,DeFi,122674.94,58618.98,99337.72,59814.93,72590.54,1,0.2,0.261,0.395,0.552,74.35,0
C_2025_05914,Nov-2025,Wallet,107578.88,57535.55,117728.53,65261.76,80175.28,1,0.2,0.334,0.361,0.556,82.06,0
C_2025_05915,Nov-2025,Healthcare,127736.32,51358.1,81004.85,62752.86,65038.6,1,0.2,0.188,0.377,0.645,62.79,0
C_2025_05916,Nov-2025,DeFi,86794.43,57279.74,102797.95,56463.05,72180.25,1,0.2,0.3,0.387,0.564,71.44,0
C_2025_05917,Nov-2025,DeFi,113185.18,62409.91,119447.18,73911.86,85256.32,1,0.2,0.289,0.391,0.649,51.91,0
C_2025_05918,Nov-2025,Token,65914.44,57838.18,103085.0,72717.93,77880.37,2,0.4,0.242,0.393,0.599,55.84,0
C_2025_05919,Nov-2025,DAO,94842.93,65467.13,116969.59,61695.91,81377.54,1,0.2,0.31,0.387,0.62,83.68,0
C_2025_05920,Nov-2025,DeFi,119066.78,53129.4,131344.88,51822.77,78765.68,2,0.4,0.472,0.359,0.638,58.26,0
C_2025_05921,Nov-2025,DAO,120572.99,53253.39,384239.2790427308,52407.42,78979.66,4,0.0,0.8921087805763552,0.387,0.569,71.91,1
C_2025_05922,Nov-2025,Token,84828.34,60802.13,124323.98,75416.34,86847.48,1,0.2,0.313,0.367,0.582,41.12,0
C_2025_05923,Nov-2025,Token,67925.27,50615.4,110829.16,50469.5,70638.02,1,0.2,0.402,0.388,0.635,58.39,0
C_2025_05924,Nov-2025,Energy,116055.86,39988.35,63065.42,36566.09,46539.95,2,0.4,0.253,0.369,0.568,61.31,0
C_2025_05925,Nov-2025,NFT,201854.25,47001.93,98694.67,59749.45,68482.01,0,0.0,0.321,0.36,0.62,72.19,0
C_2025_05926,Nov-2025,DAO,118108.41,63940.91,125025.43,81398.68,90121.67,1,0.2,0.285,0.371,0.601,59.68,0
C_2025_05927,Nov-2025,NFT,174213.94,44887.35,110800.18,41695.17,65794.24,1,0.2,0.484,0.379,0.589,59.2,0
C_2025_05928,Nov-2025,Token,77569.56,39856.81,76658.11,37097.47,51204.13,0,0.0,0.352,0.389,0.589,56.92,0
C_2025_05929,Nov-2025,Marketplace,118121.38,46495.66,80879.13,52712.08,60028.95,0,0.0,0.249,0.396,0.564,51.74,0
C_2025_05930,Nov-2025,Wallet,109892.79,40185.89,90896.87,40457.91,57180.23,0,0.0,0.417,0.37,0.648,40.61,0
C_2025_05931,Nov-2025,Healthcare,134960.6,50392.8,113320.15,60394.58,74702.51,0,0.0,0.37,0.373,0.558,74.09,0
C_2025_05932,Nov-2025,DAO,114458.83,48686.08,103360.32,43895.87,65314.09,1,0.2,0.413,0.365,0.619,81.79,0
C_2025_05933,Nov-2025,DeFi,144266.28,47183.83,101255.05,52614.8,67017.89,3,0.6,0.363,0.36,0.64,61.89,0
C_2025_05934,Nov-2025,Token,70057.99,58047.85,127186.55,52853.12,79362.51,2,0.4,0.427,0.385,0.626,46.64,0
C_2025_05935,Nov-2025,DeFi,137255.68,44067.52,56007.25,45687.36,48587.38,3,0.6,0.109,0.382,0.579,46.11,0
C_2025_05936,Nov-2025,NFT,183250.34,46993.29,105401.63,60674.54,71023.15,0,0.0,0.351,0.355,0.595,72.55,0
C_2025_05937,Nov-2025,Token,73157.32,59841.44,78786.76,76158.19,71595.46,2,0.4,0.117,0.375,0.591,55.3,0
C_2025_05938,Nov-2025,NFT,164248.31,54356.95,109190.18,61252.33,74933.16,2,0.4,0.325,0.351,0.592,59.74,0
C_2025_05939,Nov-2025,Healthcare,105894.42,54449.04,136012.92,53361.79,81274.58,1,0.2,0.476,0.358,0.639,46.05,0
C_2025_05940,Nov-2025,Token,62503.22,59140.17,110458.11,64021.78,77873.35,1,0.2,0.297,0.369,0.647,60.32,0
C_2025_05941,Nov-2025,DeFi,154910.4,39718.01,94506.99,40425.34,58216.78,2,0.4,0.441,0.364,0.557,84.68,0
C_2025_05942,Nov-2025,DeFi,97414.65,42058.52,73974.54,48141.46,54724.84,1,0.2,0.253,0.374,0.554,75.36,0
C_2025_05943,Nov-2025,Wallet,116713.94,56354.13,102006.23,63463.55,73941.3,0,0.0,0.271,0.396,0.606,57.4,0
C_2025_05944,Nov-2025,DeFi,144800.69,39794.44,77982.29,38805.04,52193.92,2,0.4,0.349,0.375,0.575,43.94,0
C_2025_05945,Nov-2025,DeFi,152013.11,44346.58,65544.49,53295.78,54395.61,4,0.8,0.16,0.378,0.578,90.61,0
C_2025_05946,Nov-2025,DeFi,134273.89,53728.39,73406.23,63477.85,63537.49,1,0.2,0.126,0.388,0.646,45.99,0
C_2025_05947,Nov-2025,DeFi,122993.97,45528.05,111624.96,53657.51,70270.17,2,0.4,0.419,0.365,0.565,82.92,0
C_2025_05948,Nov-2025,Marketplace,89917.14,48391.82,97878.04,47607.08,64625.65,1,0.2,0.364,0.388,0.582,64.29,0
C_2025_05949,Nov-2025,Energy,119081.82,59669.33,102608.23,55397.68,72558.41,1,0.2,0.294,0.387,0.645,56.87,0
C_2025_05950,Nov-2025,NFT,172574.1,48355.1,77728.1,52249.04,59444.08,3,0.6,0.219,0.387,0.563,58.08,0
C_2025_05951,Nov-2025,Token,67844.51,44334.15,105512.57,55666.99,68504.57,1,0.2,0.388,0.364,0.579,44.52,0
C_2025_05952,Nov-2025,Energy,106010.73,46584.69,56396.34,42806.3,48595.78,3,0.6,0.118,0.372,0.557,48.37,0
C_2025_05953,Nov-2025,Wallet,97326.1,56110.13,123737.46,66337.44,82061.68,3,0.6,0.363,0.384,0.603,51.33,0
C_2025_05954,Nov-2025,Token,61338.66,39081.69,47605.12,49075.61,45254.14,1,0.2,0.097,0.371,0.632,61.85,0
C_2025_05955,Nov-2025,NFT,181343.32,36589.78,71229.14,44042.24,50620.39,2,0.4,0.294,0.35,0.648,54.53,0
C_2025_05956,Nov-2025,Token,72845.86,42647.09,83420.33,46290.25,57452.56,0,0.0,0.321,0.354,0.62,46.85,0
C_2025_05957,Nov-2025,DeFi,154471.97,46451.95,111492.05,58038.67,71994.22,3,0.6,0.393,0.394,0.559,42.18,0
C_2025_05958,Nov-2025,DeFi,148529.94,47880.34,82885.31,60035.19,63600.28,1,0.2,0.228,0.388,0.613,64.2,0
C_2025_05959,Nov-2025,Token,67551.0,52716.9,85501.24,65115.36,67777.83,1,0.2,0.199,0.36,0.576,64.63,0
C_2025_05960,Nov-2025,Energy,100710.91,46904.05,85694.63,51807.54,61468.74,0,0.0,0.281,0.359,0.553,41.67,0
C_2025_05961,Nov-2025,Wallet,98359.15,46895.12,112305.33,45946.23,68382.23,0,0.0,0.454,0.37,0.569,43.4,0
C_2025_05962,Nov-2025,Energy,114288.34,62653.94,79828.27,68117.84,70200.02,0,0.0,0.102,0.368,0.586,85.26,0
C_2025_05963,Nov-2025,Token,68899.41,52311.34,72329.47,58248.98,60963.26,0,0.0,0.138,0.391,0.587,43.81,0
C_2025_05964,Nov-2025,Wallet,95712.43,42162.15,92579.72,40081.22,58274.36,4,0.8,0.417,0.368,0.587,41.83,0
C_2025_05965,Nov-2025,Wallet,116760.08,57569.62,108605.5,61139.37,75771.5,2,0.4,0.307,0.398,0.556,82.93,0
C_2025_05966,Nov-2025,Token,69205.11,52281.64,68893.21,67348.04,62840.96,0,0.0,0.119,0.367,0.558,42.81,0
C_2025_05967,Nov-2025,Marketplace,98152.85,50114.7,94407.59,51518.95,65347.08,1,0.2,0.315,0.39,0.594,67.13,0
C_2025_05968,Nov-2025,Marketplace,99768.41,52751.76,120125.7,65136.57,79338.01,1,0.2,0.369,0.375,0.561,81.98,0
C_2025_05969,Nov-2025,Token,56040.42,41043.22,99676.08,43864.68,61527.99,2,0.4,0.439,0.356,0.63,81.94,0
C_2025_05970,Nov-2025,Token,60832.31,44504.15,97735.95,57564.0,66601.37,3,0.6,0.34,0.35,0.582,93.46,0
C_2025_05971,Nov-2025,DeFi,117558.71,50030.87,111355.75,52484.69,71290.44,1,0.2,0.398,0.387,0.59,54.75,0
C_2025_05972,Nov-2025,Marketplace,83011.59,71631.86,118440.0,83060.19,91044.02,1,0.2,0.219,0.38,0.621,44.17,0
C_2025_05973,Nov-2025,Token,73698.45,54553.6,124465.52,50007.04,76342.05,2,0.4,0.446,0.377,0.577,57.06,0
C_2025_05974,Nov-2025,NFT,151002.86,50044.56,84158.53,51074.19,61759.09,1,0.2,0.257,0.392,0.574,76.29,0
C_2025_05975,Nov-2025,Healthcare,102568.22,46597.37,113060.06,53740.48,71132.64,0,0.0,0.419,0.382,0.568,88.83,0
C_2025_05976,Nov-2025,Marketplace,118882.14,45126.0,65836.75,50690.76,53884.5,2,0.4,0.162,0.378,0.567,80.06,0
C_2025_05977,Nov-2025,NFT,140050.63,58264.66,123366.62,57997.29,79876.19,3,0.6,0.385,0.386,0.553,56.25,0
C_2025_05978,Nov-2025,Token,64152.15,42923.91,75788.19,44795.53,54502.54,2,0.4,0.277,0.372,0.583,51.19,0
C_2025_05979,Nov-2025,Marketplace,92715.81,59242.23,133697.54,76267.62,89735.8,1,0.2,0.355,0.366,0.597,56.55,0
C_2025_05980,Nov-2025,NFT,173051.84,52865.62,84377.62,56193.25,64478.83,3,0.6,0.219,0.364,0.582,78.33,0
C_2025_05981,Nov-2025,NFT,163960.47,72088.45,105509.11,90123.7,89240.42,1,0.2,0.153,0.368,0.604,64.99,0
C_2025_05982,Nov-2025,Token,77366.11,44224.48,56202.88,48141.18,49522.85,1,0.2,0.101,0.373,0.567,54.2,0
C_2025_05983,Nov-2025,DeFi,136964.5,50054.96,104591.41,50648.04,68431.47,1,0.2,0.374,0.358,0.566,48.16,0
C_2025_05984,Nov-2025,NFT,215612.56,52020.45,102372.96,67163.96,73852.46,0,0.0,0.286,0.399,0.597,52.02,0
C_2025_05985,Nov-2025,Wallet,109417.96,55480.23,91628.43,54677.1,67261.92,2,0.4,0.256,0.399,0.583,52.73,0
C_2025_05986,Nov-2025,DAO,105831.04,40016.18,60338.34,47170.08,49174.87,1,0.2,0.171,0.392,0.579,81.44,0
C_2025_05987,Nov-2025,Wallet,113237.47,58561.76,98163.1,63035.11,73253.32,2,0.4,0.242,0.358,0.59,44.76,0
C_2025_05988,Nov-2025,Token,56611.98,38135.01,58427.51,35867.62,44143.38,2,0.4,0.23,0.362,0.579,87.4,0
C_2025_05989,Nov-2025,DeFi,113603.4,50658.63,107497.02,48720.82,68958.82,0,0.0,0.395,0.363,0.567,73.27,0
C_2025_05990,Nov-2025,Marketplace,131419.62,49016.41,91417.68,52330.03,64254.71,2,0.4,0.3,0.384,0.646,63.21,0
C_2025_05991,Nov-2025,DeFi,121522.67,49240.87,116084.99,62617.08,75980.98,1,0.2,0.38,0.395,0.552,64.45,0
C_2025_05992,Nov-2025,NFT,200407.33,50018.98,108847.14,60965.07,73277.06,3,0.6,0.349,0.372,0.553,90.34,0
C_2025_05993,Nov-2025,Token,49010.1,52983.51,87173.47,57237.02,65798.0,0,0.0,0.231,0.359,0.608,41.03,0
C_2025_05994,Nov-2025,DeFi,105310.5,57257.19,130653.38,65273.35,84394.64,1,0.2,0.39,0.363,0.65,63.85,0
C_2025_05995,Nov-2025,DeFi,143287.2,47324.76,58824.53,52715.49,52954.93,0,0.0,0.089,0.368,0.57,42.08,0
C_2025_05996,Nov-2025,Token,75950.58,46838.76,114171.38,53843.08,71617.74,2,0.4,0.422,0.368,0.568,83.79,0
C_2025_05997,Nov-2025,Token,69386.05,50004.03,112133.15,53404.62,71847.27,2,0.4,0.397,0.376,0.637,87.05,0
C_2025_05998,Nov-2025,Marketplace,87130.71,59526.53,72213.47,60988.74,64242.91,5,1.0,0.088,0.373,0.594,87.9,0
C_2025_05999,Nov-2025,Wallet,123316.58,47220.43,108090.15,57059.24,70789.94,0,0.0,0.377,0.357,0.581,86.61,0
C_2025_06000,Nov-2025,Wallet,120600.6,46464.79,70840.27,59958.22,59087.76,2,0.4,0.169,0.366,0.586,88.64,0
C_2025_06001,Nov-2025,DAO,124562.57,40293.66,200118.39345383906,51441.64,54899.63,4,0.0,0.4509197688117718,0.371,0.562,71.8,1
C_2025_06002,Nov-2025,DeFi,120459.09,48874.66,112645.8,51328.45,70949.64,1,0.2,0.416,0.374,0.552,84.85,0
C_2025_06003,Nov-2025,DeFi,148290.14,42712.38,54857.77,47390.67,48320.27,2,0.4,0.104,0.355,0.636,53.13,0
C_2025_06004,Nov-2025,Marketplace,76241.94,39815.6,50988.35,44304.24,45036.06,3,0.6,0.102,0.388,0.569,62.09,0
C_2025_06005,Nov-2025,Token,67093.18,64577.59,127943.37,77032.91,89851.29,1,0.2,0.305,0.38,0.56,85.82,0
C_2025_06006,Nov-2025,Token,75238.16,39903.89,99529.66,43501.03,60978.19,0,0.0,0.448,0.361,0.556,82.19,0
C_2025_06007,Nov-2025,Token,58152.16,45677.79,335373.24718977953,46758.28,63209.83,6,0.4,0.7341610368052526,0.374,0.581,87.88,1
C_2025_06008,Nov-2025,Token,55457.43,47269.65,102425.98,49225.36,66307.0,1,0.2,0.385,0.361,0.58,71.24,0
C_2025_06009,Nov-2025,DeFi,124904.66,57660.95,93230.44,69926.35,73605.91,0,0.0,0.2,0.365,0.595,73.04,0
C_2025_06010,Nov-2025,Healthcare,107258.36,40637.7,78682.33,44868.09,54729.37,2,0.4,0.311,0.353,0.556,87.23,0
C_2025_06011,Nov-2025,Token,73928.37,55996.05,134807.47,67207.45,86003.66,2,0.4,0.405,0.398,0.604,52.21,0
C_2025_06012,Nov-2025,Token,69625.39,45742.75,69770.1,41926.46,52479.77,2,0.4,0.235,0.39,0.633,87.17,0
C_2025_06013,Nov-2025,Token,78301.01,55927.98,86152.39,52565.54,64881.97,1,0.2,0.233,0.373,0.56,45.96,0
C_2025_06014,Nov-2025,Wallet,114095.65,57204.75,116629.3,60739.47,78191.17,1,0.2,0.348,0.372,0.609,50.26,0
C_2025_06015,Nov-2025,Wallet,109545.4,36232.49,61603.01,44486.06,47440.52,2,0.4,0.223,0.399,0.633,51.86,0
C_2025_06016,Nov-2025,Healthcare,104806.25,48173.06,100256.33,49462.08,65963.82,3,0.6,0.368,0.362,0.635,60.97,0
C_2025_06017,Nov-2025,Healthcare,106061.52,52413.95,125032.55,57301.57,78249.36,0,0.0,0.424,0.377,0.637,61.41,0
C_2025_06018,Nov-2025,NFT,180945.16,39999.63,91391.45,37941.31,56444.13,0,0.0,0.438,0.353,0.573,40.4,0
C_2025_06019,Nov-2025,Healthcare,131014.8,44946.71,95448.64,51899.28,64098.21,1,0.2,0.349,0.379,0.636,66.29,0
C_2025_06020,Nov-2025,Marketplace,115627.2,41088.82,57360.79,52809.73,50419.78,3,0.6,0.136,0.373,0.615,52.61,0
C_2025_06021,Nov-2025,Token,72765.99,54357.84,84657.39,53262.06,64092.43,1,0.2,0.227,0.363,0.591,76.97,0
C_2025_06022,Nov-2025,Token,63832.17,53934.18,113487.66,52108.34,73176.72,2,0.4,0.39,0.355,0.602,64.17,0
C_2025_06023,Nov-2025,DAO,113175.08,48588.59,96311.95,50477.2,65125.91,1,0.2,0.339,0.392,0.573,53.17,0
C_2025_06024,Nov-2025,DeFi,161850.34,49807.22,104475.73,45267.35,66516.77,1,0.2,0.404,0.394,0.617,54.62,0
C_2025_06025,Nov-2025,NFT,219099.98,50929.09,70075.43,56936.82,59313.78,1,0.2,0.135,0.381,0.614,93.43,0
C_2025_06026,Nov-2025,Wallet,123067.42,30024.48,42176.99,33607.75,35269.74,0,0.0,0.145,0.357,0.567,74.8,0
C_2025_06027,Nov-2025,DeFi,150537.09,52473.14,94646.81,57192.7,68104.21,0,0.0,0.277,0.387,0.55,63.37,0
C_2025_06028,Nov-2025,DeFi,138605.37,44721.81,92816.03,52892.82,63476.89,0,0.0,0.331,0.383,0.619,40.15,0
C_2025_06029,Nov-2025,DeFi,121208.57,47927.79,99968.38,47201.37,65032.51,1,0.2,0.38,0.374,0.553,86.51,0
C_2025_06030,Nov-2025,DAO,118136.47,51826.69,122298.43,48377.74,74167.62,1,0.2,0.459,0.351,0.603,64.63,0
C_2025_06031,Nov-2025,DAO,119155.25,51283.84,79849.2,59265.58,63466.21,1,0.2,0.19,0.382,0.645,87.47,0
C_2025_06032,Nov-2025,DeFi,121122.88,67174.5,117635.3,81607.16,88805.65,0,0.0,0.239,0.379,0.6,75.71,0
C_2025_06033,Nov-2025,Wallet,117027.04,42519.63,85681.3,41331.57,56510.83,3,0.6,0.365,0.35,0.567,94.41,0
C_2025_06034,Nov-2025,Energy,116906.55,60804.29,83479.24,64842.81,69708.78,4,0.8,0.142,0.369,0.638,75.75,0
C_2025_06035,Nov-2025,Token,52269.56,50351.14,105828.98,56664.76,70948.3,4,0.8,0.35,0.387,0.609,65.94,0
C_2025_06036,Nov-2025,DeFi,130937.5,51628.35,118356.09,56902.88,75629.11,3,0.6,0.4,0.368,0.574,63.3,0
C_2025_06037,Nov-2025,DeFi,124071.15,39030.52,91216.55,50381.69,60209.59,1,0.2,0.372,0.371,0.61,60.39,0
C_2025_06038,Nov-2025,Token,59919.3,44516.3,235537.65586772212,43918.51,56427.07,4,0.2,0.5932802900138524,0.389,0.556,57.61,1
C_2025_06039,Nov-2025,Wallet,101483.6,50412.62,105267.74,53123.72,69601.36,1,0.2,0.363,0.367,0.636,83.37,0
C_2025_06040,Nov-2025,Marketplace,112062.13,53010.49,103435.84,53206.77,69884.37,2,0.4,0.339,0.372,0.565,84.58,0
C_2025_06041,Nov-2025,DeFi,143842.15,52218.7,66945.95,65915.26,61693.3,0,0.0,0.109,0.364,0.566,48.0,0
C_2025_06042,Nov-2025,Token,64377.29,39664.67,88042.51,49950.15,59219.11,1,0.2,0.351,0.354,0.599,82.1,0
C_2025_06043,Nov-2025,DAO,125110.3,64622.17,81592.06,68797.93,71670.72,2,0.4,0.101,0.36,0.645,67.98,0
C_2025_06044,Nov-2025,Wallet,97460.29,58875.35,115453.6,61382.67,78570.54,1,0.2,0.332,0.373,0.583,54.19,0
C_2025_06045,Nov-2025,Token,53531.18,61906.62,90530.62,74495.15,75644.13,3,0.6,0.155,0.393,0.578,76.06,0
C_2025_06046,Nov-2025,DAO,115837.84,40671.88,93265.28,45388.91,59775.36,2,0.4,0.397,0.367,0.642,75.35,0
C_2025_06047,Nov-2025,Token,82072.02,55219.53,89374.1,51269.52,65287.72,1,0.2,0.262,0.374,0.589,68.66,0
C_2025_06048,Nov-2025,DAO,103728.1,45977.97,76195.9,50092.36,57422.08,1,0.2,0.233,0.366,0.568,87.46,0
C_2025_06049,Nov-2025,NFT,204014.95,50078.61,116941.75,59284.9,75435.09,0,0.0,0.392,0.35,0.569,50.37,0
C_2025_06050,Nov-2025,Token,65331.58,39227.8,73595.66,46650.05,53157.83,0,0.0,0.278,0.355,0.617,66.62,0
C_2025_06051,Nov-2025,NFT,152970.15,62289.21,135543.44,73067.75,90300.13,1,0.2,0.358,0.393,0.588,47.46,0
C_2025_06052,Nov-2025,Healthcare,108962.18,63074.76,78314.07,76493.83,72627.55,3,0.6,0.094,0.381,0.586,70.05,0
C_2025_06053,Nov-2025,DeFi,132610.83,43503.05,96176.63,56324.51,65334.73,1,0.2,0.343,0.368,0.552,62.48,0
C_2025_06054,Nov-2025,Energy,141496.66,43557.47,62456.15,44953.14,50322.25,2,0.4,0.171,0.357,0.617,55.35,0
C_2025_06055,Nov-2025,Token,61342.35,47384.63,59745.94,60990.84,56040.47,3,0.6,0.11,0.393,0.621,71.79,0
C_2025_06056,Nov-2025,DeFi,128208.83,50758.37,78303.94,48343.3,59135.2,1,0.2,0.23,0.399,0.561,76.4,0
C_2025_06057,Nov-2025,Marketplace,116482.88,51608.46,83609.43,53301.46,62839.79,2,0.4,0.234,0.382,0.574,80.04,0
C_2025_06058,Nov-2025,Marketplace,118780.22,56080.76,99047.85,54012.53,69713.71,3,0.6,0.298,0.362,0.562,83.87,0
C_2025_06059,Nov-2025,DeFi,159903.44,53231.87,74897.91,48048.76,58726.18,3,0.6,0.198,0.396,0.571,84.16,0
C_2025_06060,Nov-2025,NFT,162326.17,70186.75,148683.25,65067.36,94645.79,0,0.0,0.404,0.37,0.612,47.95,0
C_2025_06061,Nov-2025,Healthcare,93063.01,44309.28,283852.2025856738,56171.38,63612.64,3,0.0,0.5716984737100506,0.359,0.61,64.95,1
C_2025_06062,Nov-2025,Marketplace,98206.27,58084.52,110840.68,61263.56,76729.59,1,0.2,0.315,0.39,0.583,74.26,0
C_2025_06063,Nov-2025,NFT,185137.39,45520.82,71268.58,44081.54,53623.65,3,0.6,0.233,0.384,0.606,60.44,0
C_2025_06064,Nov-2025,Token,67803.55,55129.1,107106.69,56777.41,73004.4,0,0.0,0.33,0.372,0.628,80.99,0
C_2025_06065,Nov-2025,DeFi,128848.44,52902.9,76724.79,57427.97,62351.89,2,0.4,0.166,0.387,0.615,93.28,0
C_2025_06066,Nov-2025,DAO,115930.9,50416.65,79568.42,62815.6,64266.89,3,0.6,0.186,0.386,0.646,60.63,0
C_2025_06067,Nov-2025,Energy,121429.85,50221.61,104192.81,62748.71,72387.71,2,0.4,0.319,0.367,0.627,62.22,0
C_2025_06068,Nov-2025,Token,68680.44,48882.11,93771.19,47757.67,63470.33,3,0.6,0.338,0.376,0.593,90.35,0
C_2025_06069,Nov-2025,NFT,148477.53,60758.48,109609.47,61442.0,77269.98,3,0.6,0.296,0.359,0.598,65.72,0
C_2025_06070,Nov-2025,NFT,197203.34,47924.58,339372.0863339893,49934.02,72124.37,7,0.4,0.8079173596185169,0.361,0.568,55.43,1
C_2025_06071,Nov-2025,NFT,158859.81,48920.5,69195.31,50355.58,56157.13,2,0.4,0.165,0.398,0.626,85.42,0
C_2025_06072,Nov-2025,Token,56725.77,37741.84,235244.83331188365,40786.8,50072.84,6,0.4,0.5389122143078049,0.362,0.639,72.28,1
C_2025_06073,Nov-2025,DeFi,129031.93,39376.25,66769.33,37785.39,47976.99,1,0.2,0.277,0.371,0.567,73.53,0
C_2025_06074,Nov-2025,Token,64033.49,46073.81,108888.6,49200.75,68054.39,1,0.2,0.425,0.38,0.644,56.04,0
C_2025_06075,Nov-2025,Token,76545.42,36019.96,143726.13015130142,46109.63,43239.41,5,0.2,0.20222700317344397,0.367,0.587,59.0,1
C_2025_06076,Nov-2025,NFT,154047.32,60483.1,98043.72,62227.15,73584.66,2,0.4,0.235,0.368,0.578,90.0,0
C_2025_06077,Nov-2025,DAO,91018.89,48946.68,121194.84,48882.94,73008.15,3,0.6,0.467,0.394,0.598,60.64,0
C_2025_06078,Nov-2025,NFT,148467.61,43098.55,74631.85,40856.01,52862.14,0,0.0,0.292,0.377,0.595,49.54,0
C_2025_06079,Nov-2025,Wallet,104020.65,34819.69,138831.43922182903,41861.97,42405.8,5,0.0,0.27485013269250885,0.356,0.649,64.62,1
C_2025_06080,Nov-2025,Wallet,94344.83,52498.87,120656.37,55450.9,76202.04,3,0.6,0.413,0.397,0.606,44.27,0
C_2025_06081,Nov-2025,NFT,177037.66,48517.65,111831.57,57159.22,72502.81,1,0.2,0.387,0.378,0.57,60.85,0
C_2025_06082,Nov-2025,Wallet,92885.51,56826.59,95927.3,59338.74,70697.54,3,0.6,0.253,0.351,0.64,71.97,0
C_2025_06083,Nov-2025,NFT,191923.55,49477.24,82874.45,49682.64,60678.11,0,0.0,0.259,0.373,0.619,93.73,0
C_2025_06084,Nov-2025,NFT,209571.15,51256.74,121221.75,57267.83,76582.11,0,0.0,0.413,0.392,0.607,81.72,0
C_2025_06085,Nov-2025,DAO,104073.15,51426.51,73017.9,52172.19,58872.2,2,0.4,0.17,0.354,0.589,70.6,0
C_2025_06086,Nov-2025,DAO,101308.66,32124.2,76333.35,40584.0,49680.52,2,0.4,0.386,0.363,0.579,40.14,0
C_2025_06087,Nov-2025,Marketplace,95592.16,54699.03,74461.94,62713.64,63958.21,1,0.2,0.127,0.389,0.611,61.84,0
C_2025_06088,Nov-2025,Healthcare,95406.19,51282.33,83494.43,48886.46,61221.07,3,0.6,0.258,0.396,0.574,57.53,0
C_2025_06089,Nov-2025,NFT,195766.22,46630.49,68788.3,59625.87,58348.22,0,0.0,0.156,0.394,0.595,68.92,0
C_2025_06090,Nov-2025,Token,66449.11,56844.83,138885.8,66799.62,87510.08,4,0.8,0.418,0.372,0.621,55.22,0
C_2025_06091,Nov-2025,Token,68155.82,67928.66,160861.78,79428.24,102739.56,1,0.2,0.403,0.393,0.555,89.49,0
C_2025_06092,Nov-2025,Wallet,96944.34,54288.09,128874.17,55946.13,79702.8,0,0.0,0.436,0.366,0.646,81.4,0
C_2025_06093,Nov-2025,Token,63066.08,54007.62,70597.19,60764.08,61789.63,2,0.4,0.11,0.37,0.55,65.73,0
C_2025_06094,Nov-2025,NFT,171192.11,48521.9,93759.02,57788.84,66689.92,2,0.4,0.293,0.4,0.566,86.21,0
C_2025_06095,Nov-2025,NFT,209569.48,56743.44,112645.0,70808.6,80065.68,2,0.4,0.297,0.393,0.649,76.38,0
C_2025_06096,Nov-2025,Marketplace,105544.53,52955.33,99064.88,61725.47,71248.56,2,0.4,0.281,0.399,0.551,74.15,0
C_2025_06097,Nov-2025,Token,69502.96,63254.19,113511.9,68302.28,81689.46,2,0.4,0.277,0.376,0.624,69.07,0
C_2025_06098,Nov-2025,NFT,167235.21,54927.15,122068.1,60665.31,79220.19,0,0.0,0.384,0.37,0.558,83.26,0
C_2025_06099,Nov-2025,Healthcare,104388.57,46613.98,68573.77,46168.93,53785.56,2,0.4,0.194,0.386,0.585,65.16,0
C_2025_06100,Nov-2025,NFT,182593.71,44538.16,75228.9,51345.9,57037.65,1,0.2,0.231,0.385,0.605,63.88,0
C_2025_06101,Nov-2025,Wallet,116094.55,40247.92,62696.47,43132.48,48692.29,0,0.0,0.205,0.389,0.559,89.0,0
C_2025_06102,Nov-2025,Token,58776.86,49085.01,270654.0743684998,54577.75,65786.84,6,0.6,0.5679646579935911,0.373,0.605,69.25,1
C_2025_06103,Nov-2025,DAO,105885.26,43318.51,94374.04,50838.38,62843.64,2,0.4,0.358,0.376,0.648,78.26,0
C_2025_06104,Nov-2025,DeFi,115283.43,53380.04,81172.57,56101.85,63551.48,2,0.4,0.197,0.355,0.575,47.9,0
C_2025_06105,Nov-2025,Token,67483.18,54380.97,66778.72,56491.62,59217.1,2,0.4,0.091,0.373,0.559,68.64,0
C_2025_06106,Nov-2025,Token,54144.9,54632.13,363914.5529300946,50591.58,80373.72,6,0.2,0.8207970832102386,0.394,0.562,63.61,1
C_2025_06107,Nov-2025,NFT,185345.47,45651.83,75639.45,44496.16,55262.48,3,0.6,0.261,0.382,0.615,76.34,0
C_2025_06108,Nov-2025,DeFi,132679.2,49273.92,72801.11,51721.03,57932.02,2,0.4,0.182,0.391,0.55,77.72,0
C_2025_06109,Nov-2025,DeFi,167768.53,59573.47,99096.16,66406.08,75025.24,3,0.6,0.23,0.386,0.64,42.81,0
C_2025_06110,Nov-2025,Token,67564.95,44573.19,75373.96,45136.92,55028.02,0,0.0,0.261,0.379,0.585,67.94,0
C_2025_06111,Nov-2025,Marketplace,106032.56,52082.95,84503.26,49087.88,61891.37,2,0.4,0.259,0.374,0.576,69.7,0
C_2025_06112,Nov-2025,NFT,151273.1,41793.46,89105.85,45547.33,58815.55,1,0.2,0.365,0.354,0.616,48.1,0
C_2025_06113,Nov-2025,NFT,155542.39,42130.38,76070.93,53980.1,57393.8,1,0.2,0.245,0.358,0.589,50.01,0
C_2025_06114,Nov-2025,Marketplace,111071.13,48484.75,70949.77,43863.47,54432.66,2,0.4,0.217,0.354,0.586,49.97,0
C_2025_06115,Nov-2025,NFT,176032.43,56029.5,137440.18,58300.13,83923.27,1,0.2,0.451,0.39,0.554,78.26,0
C_2025_06116,Nov-2025,Wallet,126159.39,35116.03,69176.36,41588.55,48626.98,0,0.0,0.304,0.377,0.593,55.52,0
C_2025_06117,Nov-2025,DAO,117621.24,49951.98,341689.8900194432,50527.77,74013.47,7,0.4,0.8573148252186453,0.38,0.637,68.32,1
C_2025_06118,Nov-2025,Token,76615.09,39968.26,56920.9,38557.08,45148.75,1,0.2,0.185,0.39,0.579,66.57,0
C_2025_06119,Nov-2025,Token,77374.12,52016.18,122186.81,63547.63,79250.21,1,0.2,0.388,0.376,0.553,53.47,0
C_2025_06120,Nov-2025,DeFi,108447.63,41464.47,54886.15,38159.82,44836.82,1,0.2,0.161,0.364,0.597,51.55,0
C_2025_06121,Nov-2025,Wallet,108468.43,43674.14,77871.83,55302.19,58949.39,0,0.0,0.241,0.381,0.582,46.8,0
C_2025_06122,Nov-2025,DeFi,110469.11,34554.63,57797.25,41683.02,44678.3,1,0.2,0.218,0.358,0.592,57.61,0
C_2025_06123,Nov-2025,NFT,186111.6,44601.48,88731.12,51638.24,61656.95,1,0.2,0.314,0.377,0.611,92.97,0
C_2025_06124,Nov-2025,Wallet,102659.16,65227.77,162560.75,68443.21,98743.91,0,0.0,0.457,0.381,0.577,90.72,0
C_2025_06125,Nov-2025,Token,55931.9,48133.2,66622.11,55827.57,56860.96,1,0.2,0.133,0.381,0.572,48.0,0
C_2025_06126,Nov-2025,DeFi,108431.58,47921.06,71099.78,59134.61,59385.15,1,0.2,0.159,0.363,0.571,70.49,0
C_2025_06127,Nov-2025,DeFi,116279.32,56852.07,92782.05,67548.57,72394.23,1,0.2,0.208,0.369,0.637,80.71,0
C_2025_06128,Nov-2025,DeFi,124408.9,41174.69,101507.23,45710.13,62797.35,1,0.2,0.437,0.392,0.61,49.66,0
C_2025_06129,Nov-2025,Wallet,101309.6,48335.61,338035.74175452895,57903.72,71022.17,6,0.2,0.6091871427885414,0.373,0.554,60.25,1
C_2025_06130,Nov-2025,NFT,170832.7,48035.41,117722.86,48261.85,71340.04,2,0.4,0.46,0.376,0.567,55.68,0
C_2025_06131,Nov-2025,Marketplace,82584.18,50827.17,63520.37,53893.66,56080.4,1,0.2,0.096,0.351,0.562,77.78,0
C_2025_06132,Nov-2025,DeFi,134224.19,56857.35,106526.26,56939.04,73440.88,3,0.6,0.319,0.379,0.571,92.43,0
C_2025_06133,Nov-2025,NFT,162296.16,61022.41,137946.11,60091.81,86353.45,0,0.0,0.422,0.39,0.606,70.57,0
C_2025_06134,Nov-2025,NFT,154575.87,51608.43,85382.38,58277.89,65089.57,1,0.2,0.224,0.378,0.644,53.52,0
C_2025_06135,Nov-2025,DeFi,135139.08,49654.81,71643.29,60182.02,60493.37,0,0.0,0.148,0.393,0.599,93.47,0
C_2025_06136,Nov-2025,DAO,116231.98,42706.06,89847.7,50715.59,61089.78,0,0.0,0.337,0.364,0.584,57.84,0
C_2025_06137,Nov-2025,DeFi,124124.45,51232.0,110102.8,56899.99,72744.93,0,0.0,0.365,0.361,0.56,65.25,0
C_2025_06138,Nov-2025,Energy,128351.49,64341.98,157707.22,65525.0,95858.07,2,0.4,0.456,0.397,0.643,61.8,0
C_2025_06139,Nov-2025,Wallet,124979.92,47427.64,87434.74,57846.55,64236.31,0,0.0,0.264,0.363,0.559,64.98,0
C_2025_06140,Nov-2025,Energy,112648.53,58960.51,110635.47,61698.79,77098.26,0,0.0,0.308,0.388,0.607,91.2,0
C_2025_06141,Nov-2025,Healthcare,86389.53,39128.08,96515.31,37424.56,57689.31,1,0.2,0.476,0.376,0.605,51.67,0
C_2025_06142,Nov-2025,DAO,112439.19,53410.82,221737.3679568326,54354.98,63267.77,5,0.4,0.36680868034576886,0.356,0.575,62.91,1
C_2025_06143,Nov-2025,DeFi,110778.88,57282.78,139540.28,56600.36,84474.48,3,0.6,0.461,0.359,0.599,48.49,0
C_2025_06144,Nov-2025,Energy,120126.15,54182.18,92451.5,57362.69,67998.79,0,0.0,0.255,0.365,0.582,48.56,0
C_2025_06145,Nov-2025,NFT,186837.75,47790.35,77563.81,48257.49,57870.55,3,0.6,0.241,0.388,0.627,92.26,0
C_2025_06146,Nov-2025,Token,79622.15,46728.03,115202.33,43646.87,68525.74,1,0.2,0.482,0.371,0.596,60.3,0
C_2025_06147,Nov-2025,Token,60337.21,62357.35,146289.13,58449.77,89032.08,0,0.0,0.455,0.398,0.607,48.77,0
C_2025_06148,Nov-2025,NFT,168684.7,53686.08,83859.93,57056.99,64867.67,4,0.8,0.208,0.388,0.638,58.33,0
C_2025_06149,Nov-2025,NFT,189250.22,43566.08,57423.98,55605.27,52198.44,0,0.0,0.118,0.373,0.648,94.35,0
C_2025_06150,Nov-2025,DAO,116815.07,53696.85,131950.45,68247.18,84631.49,3,0.6,0.402,0.394,0.624,87.29,0
C_2025_06151,Nov-2025,Marketplace,111972.88,43051.21,70103.38,47586.98,53580.53,2,0.4,0.221,0.358,0.642,93.2,0
C_2025_06152,Nov-2025,Marketplace,108089.78,46634.25,56550.98,56100.04,53095.09,3,0.6,0.086,0.362,0.625,83.08,0
C_2025_06153,Nov-2025,Marketplace,108171.09,47059.06,64800.7,60591.36,57483.71,1,0.2,0.132,0.397,0.611,41.99,0
C_2025_06154,Nov-2025,DeFi,125799.42,52149.33,116979.67,59507.64,76212.22,0,0.0,0.38,0.388,0.595,75.1,0
C_2025_06155,Nov-2025,Marketplace,105348.89,54779.97,260784.89018278423,71154.18,72577.46,7,0.4,0.4116704811029457,0.371,0.6,54.21,1
C_2025_06156,Nov-2025,Token,69357.97,38641.49,55595.33,43331.92,45856.25,1,0.2,0.156,0.387,0.586,94.59,0
C_2025_06157,Nov-2025,Marketplace,116116.14,48533.21,121255.99,52654.24,74147.81,1,0.2,0.45,0.352,0.6,73.51,0
C_2025_06158,Nov-2025,Wallet,102409.19,47631.67,105597.21,50847.0,68025.3,3,0.6,0.391,0.381,0.582,85.05,0
C_2025_06159,Nov-2025,DAO,102627.23,42779.59,75822.46,51164.62,56588.89,2,0.4,0.248,0.362,0.627,50.82,0
C_2025_06160,Nov-2025,Wallet,104919.24,38708.9,50921.09,37385.85,42338.61,0,0.0,0.144,0.382,0.603,90.44,0
C_2025_06161,Nov-2025,NFT,217829.15,45546.66,78434.85,56103.6,60028.37,2,0.4,0.228,0.358,0.622,57.89,0
C_2025_06162,Nov-2025,Token,70540.15,56330.39,118439.83,69043.41,81271.21,2,0.4,0.33,0.376,0.61,92.84,0
C_2025_06163,Nov-2025,Wallet,121226.06,64921.93,123582.26,61112.13,83205.44,1,0.2,0.344,0.353,0.583,75.5,0
C_2025_06164,Nov-2025,DeFi,133866.38,52437.0,217791.3199770806,48158.07,61202.64,5,0.2,0.5025871177352539,0.369,0.606,41.67,1
C_2025_06165,Nov-2025,NFT,193553.16,33647.78,59228.92,39263.31,44046.67,0,0.0,0.249,0.358,0.581,45.6,0
C_2025_06166,Nov-2025,DeFi,126425.58,48782.9,84032.01,57787.36,63534.09,1,0.2,0.235,0.378,0.619,61.52,0
C_2025_06167,Nov-2025,Marketplace,108950.86,34834.33,46385.79,40323.19,40514.44,2,0.4,0.116,0.392,0.645,56.34,0
C_2025_06168,Nov-2025,Marketplace,120711.94,41697.97,88431.67,46041.53,58723.72,1,0.2,0.359,0.374,0.554,42.9,0
C_2025_06169,Nov-2025,Token,64900.88,44612.62,87692.97,40213.59,57506.39,2,0.4,0.372,0.351,0.566,73.02,0
C_2025_06170,Nov-2025,Marketplace,124918.67,60742.4,84985.35,76807.89,74178.55,2,0.4,0.136,0.374,0.602,82.37,0
C_2025_06171,Nov-2025,DeFi,109444.63,63229.68,99097.92,81514.61,81280.73,1,0.2,0.18,0.365,0.583,47.03,0
C_2025_06172,Nov-2025,NFT,192033.9,61901.22,99760.01,80298.26,80653.16,3,0.6,0.192,0.351,0.627,90.09,0
C_2025_06173,Nov-2025,Token,67009.18,47432.81,89866.16,48102.73,61800.57,1,0.2,0.321,0.364,0.639,66.46,0
C_2025_06174,Nov-2025,DeFi,151983.87,54643.63,76083.92,53882.45,61536.67,2,0.4,0.167,0.365,0.635,92.9,0
C_2025_06175,Nov-2025,Token,67343.14,41642.9,93906.8,51187.92,62245.87,1,0.2,0.365,0.369,0.625,94.66,0
C_2025_06176,Nov-2025,NFT,147742.08,51941.53,65161.44,66354.05,61152.34,3,0.6,0.107,0.363,0.594,90.25,0
C_2025_06177,Nov-2025,Token,59246.71,51148.63,74310.23,50887.05,58781.97,1,0.2,0.187,0.393,0.558,49.99,0
C_2025_06178,Nov-2025,DeFi,122068.51,44929.7,84905.34,41383.54,57072.86,2,0.4,0.346,0.355,0.553,65.73,0
C_2025_06179,Nov-2025,DeFi,134611.46,42859.9,95698.68,39116.88,59225.15,2,0.4,0.436,0.398,0.561,57.76,0
C_2025_06180,Nov-2025,NFT,158348.75,37767.93,86938.05,48040.25,57582.08,3,0.6,0.368,0.38,0.58,81.03,0
C_2025_06181,Nov-2025,NFT,189315.29,47090.39,65292.19,53151.96,55178.18,1,0.2,0.137,0.351,0.565,93.24,0
C_2025_06182,Nov-2025,DeFi,120650.5,32106.77,198161.95430512904,32733.75,41107.6,5,0.4,0.5662121746471238,0.383,0.557,72.86,1
C_2025_06183,Nov-2025,DeFi,135461.92,57147.47,103414.4,73329.25,77963.71,1,0.2,0.246,0.369,0.626,41.06,0
C_2025_06184,Nov-2025,Token,65798.53,47955.51,77427.91,59002.39,61461.94,2,0.4,0.198,0.371,0.607,90.38,0
C_2025_06185,Nov-2025,Healthcare,106697.78,48800.08,71360.06,53593.77,57917.97,2,0.4,0.168,0.388,0.616,62.41,0
C_2025_06186,Nov-2025,DeFi,152281.82,53155.16,81897.25,67826.69,67626.37,0,0.0,0.174,0.395,0.624,76.33,0
C_2025_06187,Nov-2025,DeFi,145412.05,43150.44,101413.97,43051.77,62538.73,4,0.8,0.44,0.372,0.613,70.47,0
C_2025_06188,Nov-2025,Healthcare,104270.03,35256.75,85291.58,36342.76,52297.03,2,0.4,0.446,0.355,0.593,43.18,0
C_2025_06189,Nov-2025,Marketplace,107048.12,72194.49,152568.31,70335.38,98366.06,1,0.2,0.39,0.386,0.581,73.79,0
C_2025_06190,Nov-2025,Token,64745.95,58262.75,84479.81,73087.66,71943.41,2,0.4,0.149,0.365,0.614,48.6,0
C_2025_06191,Nov-2025,Healthcare,106385.9,57868.1,198581.58375834118,59151.3,62637.11,6,0.6,0.14216098143034533,0.376,0.634,57.38,1
C_2025_06192,Nov-2025,Token,71235.0,32004.87,75316.42,36257.03,47859.44,0,0.0,0.407,0.354,0.56,92.26,0
C_2025_06193,Nov-2025,Healthcare,116467.09,55228.6,101911.9,64563.11,73901.2,0,0.0,0.273,0.381,0.631,43.42,0
C_2025_06194,Nov-2025,DeFi,120479.93,47344.21,72829.36,57239.6,59137.72,2,0.4,0.177,0.391,0.637,72.87,0
C_2025_06195,Nov-2025,DeFi,118861.88,46270.99,257264.20271574587,43560.57,58551.99,9,0.8,0.6314466571931077,0.394,0.555,79.89,1
C_2025_06196,Nov-2025,NFT,171057.42,53245.4,92734.83,60961.41,68980.54,3,0.6,0.248,0.364,0.586,49.93,0
C_2025_06197,Nov-2025,Token,67669.48,66306.92,507822.1947478165,62172.32,91573.14,6,0.2,0.8138188904089875,0.377,0.597,64.73,1
C_2025_06198,Nov-2025,Healthcare,123646.28,42606.89,77801.8,41792.99,54067.22,2,0.4,0.31,0.36,0.574,53.64,0
C_2025_06199,Nov-2025,DeFi,118060.67,42717.88,188289.5952122182,53552.31,54040.58,6,0.2,0.28020525158655046,0.363,0.647,69.45,1
C_2025_06200,Nov-2025,DAO,127560.89,55495.81,90670.62,71451.52,72539.32,0,0.0,0.198,0.373,0.565,83.47,0
C_2025_06201,Nov-2025,DeFi,131966.14,42360.45,56604.07,45794.39,48252.97,2,0.4,0.126,0.382,0.62,88.89,0
C_2025_06202,Nov-2025,DAO,99692.33,42489.91,72933.11,47377.56,54266.86,2,0.4,0.246,0.351,0.622,88.57,0
C_2025_06203,Nov-2025,DeFi,124197.36,52235.11,126172.15,57916.47,78774.58,1,0.2,0.426,0.377,0.583,93.61,0
C_2025_06204,Nov-2025,Token,77991.5,48688.34,311203.33719598973,45656.0,63650.6,5,0.4,0.7005911684264363,0.366,0.636,74.24,1
C_2025_06205,Nov-2025,DAO,113320.6,54919.08,93032.73,62402.33,70118.04,0,0.0,0.235,0.38,0.6,41.44,0
C_2025_06206,Nov-2025,Wallet,97906.02,45348.9,77449.0,45200.74,55999.55,3,0.6,0.271,0.35,0.572,81.54,0
C_2025_06207,Nov-2025,DeFi,142972.38,68442.73,107090.7,63672.06,79735.16,1,0.2,0.244,0.353,0.579,71.51,0
C_2025_06208,Nov-2025,Wallet,138970.97,44907.5,101941.68,52804.28,66551.15,2,0.4,0.379,0.381,0.64,70.3,0
C_2025_06209,Nov-2025,Token,51935.69,58514.19,115563.05,67356.01,80477.75,2,0.4,0.312,0.379,0.58,44.8,0
C_2025_06210,Nov-2025,Wallet,109232.6,49246.16,107802.09,46230.21,67759.49,1,0.2,0.418,0.394,0.557,90.71,0
C_2025_06211,Nov-2025,DeFi,131802.4,58857.66,130153.89,54734.72,81248.76,0,0.0,0.426,0.368,0.604,87.75,0
C_2025_06212,Nov-2025,NFT,215156.63,54149.76,112839.96,67742.82,78244.18,2,0.4,0.321,0.36,0.643,83.57,0
C_2025_06213,Nov-2025,Marketplace,116680.65,54873.68,81624.54,64075.92,66858.04,3,0.6,0.166,0.386,0.57,43.95,0
C_2025_06214,Nov-2025,Token,77818.51,52663.71,100628.14,67021.88,73437.91,1,0.2,0.274,0.397,0.565,81.7,0
C_2025_06215,Nov-2025,NFT,173986.6,33289.19,60149.86,31317.1,41585.38,1,0.2,0.316,0.39,0.646,84.44,0
C_2025_06216,Nov-2025,DeFi,129911.36,45587.79,94974.58,55972.95,65511.77,3,0.6,0.325,0.362,0.584,77.57,0
C_2025_06217,Nov-2025,Marketplace,90087.92,60350.97,81206.84,62586.73,68048.18,0,0.0,0.137,0.379,0.582,60.89,0
C_2025_06218,Nov-2025,NFT,211083.53,63332.62,124438.86,69452.86,85741.45,2,0.4,0.32,0.377,0.649,49.96,0
C_2025_06219,Nov-2025,NFT,170831.64,64079.91,146083.23,68028.06,92730.4,1,0.2,0.407,0.394,0.622,44.23,0
C_2025_06220,Nov-2025,Energy,114303.49,40156.95,72385.45,49641.76,54061.39,3,0.6,0.25,0.392,0.637,93.33,0
C_2025_06221,Nov-2025,DeFi,130753.98,43848.51,76255.3,55597.83,58567.22,2,0.4,0.229,0.351,0.609,68.49,0
C_2025_06222,Nov-2025,DeFi,119028.92,51296.55,65260.79,49809.86,55455.73,2,0.4,0.126,0.37,0.621,54.27,0
C_2025_06223,Nov-2025,Marketplace,107849.89,44921.68,96410.29,56870.27,66067.41,0,0.0,0.333,0.391,0.557,58.19,0
C_2025_06224,Nov-2025,Token,57767.71,61428.28,103856.39,71007.23,78763.97,0,0.0,0.231,0.357,0.635,51.13,0
C_2025_06225,Nov-2025,Token,57805.44,55947.42,73547.93,70494.48,66663.28,3,0.6,0.115,0.37,0.626,81.5,0
C_2025_06226,Nov-2025,Marketplace,111150.18,60668.63,136003.56,58380.66,85017.62,0,0.0,0.424,0.382,0.561,70.29,0
C_2025_06227,Nov-2025,DeFi,120039.51,62642.51,227197.80322695957,78607.11,73331.14,4,0.0,0.19604017739339488,0.395,0.555,80.43,1
C_2025_06228,Nov-2025,Wallet,144579.17,54159.64,108624.35,68153.38,76979.12,5,1.0,0.3,0.36,0.648,70.42,0
C_2025_06229,Nov-2025,DeFi,147825.61,49549.16,114195.87,48094.36,70613.13,0,0.0,0.437,0.39,0.629,52.39,0
C_2025_06230,Nov-2025,Wallet,109137.8,59840.16,108369.67,77449.76,81886.53,1,0.2,0.245,0.364,0.583,92.72,0
C_2025_06231,Nov-2025,DAO,104282.09,37075.95,231710.5401697196,37433.31,51710.63,6,0.2,0.7082849761744096,0.362,0.649,60.29,1
C_2025_06232,Nov-2025,Marketplace,118840.05,53980.51,89116.86,56294.54,66463.97,2,0.4,0.241,0.387,0.636,52.93,0
C_2025_06233,Nov-2025,DeFi,138937.28,52002.91,120749.91,51424.03,74725.62,6,1.0,0.436,0.356,0.622,86.27,0
C_2025_06234,Nov-2025,NFT,164149.11,45233.63,341301.8961530189,46933.13,64221.83,6,0.2,0.6859702027413603,0.361,0.644,84.32,1
C_2025_06235,Nov-2025,DeFi,123300.77,47737.31,80408.4,50893.86,59679.85,0,0.0,0.247,0.394,0.635,86.76,0
C_2025_06236,Nov-2025,Token,69970.69,56520.3,292286.7946251387,72578.61,81181.86,8,0.6,0.4892456411421522,0.398,0.552,75.66,1
C_2025_06237,Nov-2025,DAO,108989.73,53446.39,123691.74,55278.99,77472.38,0,0.0,0.422,0.364,0.58,74.69,0
C_2025_06238,Nov-2025,Marketplace,102827.05,54804.1,72049.21,54182.66,60345.33,1,0.2,0.137,0.361,0.597,87.08,0
C_2025_06239,Nov-2025,DeFi,161974.22,49682.09,112280.39,50761.72,70908.06,1,0.2,0.413,0.376,0.575,62.44,0
C_2025_06240,Nov-2025,Marketplace,120104.46,49168.98,87228.53,57979.04,64792.18,2,0.4,0.251,0.399,0.633,91.69,0
C_2025_06241,Nov-2025,Token,77787.05,43306.05,66019.8,53973.58,54433.14,2,0.4,0.17,0.36,0.613,54.97,0
C_2025_06242,Nov-2025,Marketplace,93324.85,60285.63,144196.37,65171.13,89884.38,1,0.2,0.428,0.354,0.599,82.59,0
C_2025_06243,Nov-2025,DeFi,120205.48,56669.27,339128.37221166346,58755.0,81348.12,3,0.0,0.6169633355033015,0.381,0.639,49.99,1
C_2025_06244,Nov-2025,Marketplace,121254.39,54808.29,70033.44,68849.19,64563.64,2,0.4,0.107,0.394,0.617,70.48,0
C_2025_06245,Nov-2025,Token,66371.21,46810.86,249116.50105333075,55729.06,65029.99,6,0.4,0.589955003831529,0.396,0.643,51.66,1
C_2025_06246,Nov-2025,NFT,150931.66,54233.32,125799.16,50940.56,76991.01,2,0.4,0.449,0.394,0.618,78.35,0
C_2025_06247,Nov-2025,Marketplace,99200.37,40075.52,95730.09,46246.47,60684.03,0,0.0,0.41,0.366,0.61,48.14,0
C_2025_06248,Nov-2025,Token,53340.11,58486.75,98595.93,54042.71,70375.13,5,1.0,0.285,0.375,0.576,42.94,0
C_2025_06249,Nov-2025,DeFi,145223.31,40795.33,98108.1,40896.73,59933.39,2,0.4,0.45,0.35,0.562,51.94,0
C_2025_06250,Nov-2025,Marketplace,118894.36,50963.28,104357.04,55741.68,70354.0,2,0.4,0.343,0.385,0.612,71.21,0
C_2025_06251,Nov-2025,NFT,191200.16,68251.03,146134.12,83373.16,99252.77,1,0.2,0.34,0.357,0.593,91.61,0
C_2025_06252,Nov-2025,NFT,156903.59,46363.59,194373.7519916087,49029.1,53279.2,6,0.2,0.2924426474441682,0.386,0.639,46.06,1
C_2025_06253,Nov-2025,DeFi,124831.71,51865.85,87822.61,67353.99,69014.15,0,0.0,0.213,0.351,0.583,92.31,0
C_2025_06254,Nov-2025,DAO,93249.54,54326.86,68992.39,50033.84,57784.36,2,0.4,0.14,0.357,0.6,73.05,0
C_2025_06255,Nov-2025,Token,67037.74,38050.38,80693.81,49326.08,56023.42,5,1.0,0.322,0.365,0.628,68.65,0
C_2025_06256,Nov-2025,DeFi,141655.46,40132.62,95455.29,41861.37,59149.76,2,0.4,0.434,0.355,0.639,91.34,0
C_2025_06257,Nov-2025,DeFi,126839.26,56593.85,89073.4,72262.92,72643.39,3,0.6,0.183,0.388,0.608,73.11,0
C_2025_06258,Nov-2025,DAO,119480.16,56079.93,84789.11,59235.54,66701.53,1,0.2,0.193,0.396,0.634,89.25,0
C_2025_06259,Nov-2025,DAO,102632.15,47478.64,63183.05,53288.27,54649.99,1,0.2,0.119,0.361,0.606,70.15,0
C_2025_06260,Nov-2025,DeFi,113891.84,48154.07,115927.72,51581.41,71887.73,0,0.0,0.434,0.352,0.565,56.34,0
C_2025_06261,Nov-2025,Healthcare,113517.27,50647.75,78690.8,61583.7,63640.75,2,0.4,0.181,0.375,0.64,40.6,0
C_2025_06262,Nov-2025,DAO,129499.11,49325.36,97736.71,54205.41,67089.16,3,0.6,0.324,0.376,0.577,94.12,0
C_2025_06263,Nov-2025,DAO,105465.35,47293.89,73280.42,59969.68,60181.33,4,0.8,0.176,0.378,0.641,57.57,0
C_2025_06264,Nov-2025,DeFi,149963.6,46640.19,98328.26,42883.79,62617.41,0,0.0,0.404,0.392,0.553,90.6,0
C_2025_06265,Nov-2025,Wallet,117942.17,37715.7,72940.48,39922.13,50192.77,0,0.0,0.321,0.36,0.611,64.55,0
C_2025_06266,Nov-2025,Token,58091.42,48520.34,80119.97,53885.34,60841.88,0,0.0,0.227,0.353,0.599,70.87,0
C_2025_06267,Nov-2025,Marketplace,99937.86,40669.06,90933.23,50742.56,60781.62,1,0.2,0.357,0.392,0.647,57.63,0
C_2025_06268,Nov-2025,NFT,172924.99,61800.69,95348.97,72474.53,76541.4,1,0.2,0.183,0.355,0.637,88.33,0
C_2025_06269,Nov-2025,DeFi,133291.84,45433.05,64121.97,52635.46,54063.49,2,0.4,0.142,0.39,0.624,62.48,0
C_2025_06270,Nov-2025,Wallet,103378.16,49546.07,92268.25,59250.8,67021.71,0,0.0,0.273,0.355,0.579,40.64,0
C_2025_06271,Nov-2025,Wallet,101114.58,53606.27,114757.28,53274.94,73879.49,2,0.4,0.391,0.389,0.591,73.4,0
C_2025_06272,Nov-2025,Wallet,110293.06,55104.65,123747.93,56268.31,78373.63,1,0.2,0.409,0.395,0.57,56.61,0
C_2025_06273,Nov-2025,Wallet,116052.59,37640.55,265964.46444085473,44286.66,58361.3,5,0.0,0.7607063024048081,0.387,0.593,94.58,1
C_2025_06274,Nov-2025,DeFi,138327.18,67888.83,130648.29,78521.9,92353.01,1,0.2,0.297,0.357,0.58,66.29,0
C_2025_06275,Nov-2025,DeFi,114624.91,44586.08,107119.79,40708.89,64138.25,3,0.6,0.475,0.361,0.648,89.83,0
C_2025_06276,Nov-2025,Token,65902.46,44445.98,101531.45,45685.29,63887.57,1,0.2,0.417,0.352,0.557,41.18,0
C_2025_06277,Nov-2025,Marketplace,137817.76,54266.51,86827.07,66772.74,69288.77,1,0.2,0.194,0.353,0.582,79.21,0
C_2025_06278,Nov-2025,NFT,110834.3,65998.63,92274.89,68676.96,75650.16,2,0.4,0.156,0.353,0.556,63.33,0
C_2025_06279,Nov-2025,Healthcare,90402.19,60655.34,86901.97,72445.7,73334.34,0,0.0,0.146,0.383,0.646,65.88,0
C_2025_06280,Nov-2025,Token,68711.85,46748.53,86817.58,59337.38,64301.16,2,0.4,0.26,0.358,0.589,72.66,0
C_2025_06281,Nov-2025,Marketplace,129640.04,63517.69,137617.23,59850.26,86995.06,0,0.0,0.412,0.357,0.629,43.57,0
C_2025_06282,Nov-2025,Marketplace,101163.33,43399.22,88596.34,46031.46,59342.34,0,0.0,0.349,0.372,0.619,83.23,0
C_2025_06283,Nov-2025,DAO,114509.93,44733.31,53942.98,53220.53,50632.27,2,0.4,0.083,0.388,0.557,89.26,0
C_2025_06284,Nov-2025,DAO,118921.4,56749.71,123754.8,52608.64,77704.38,5,1.0,0.42,0.363,0.587,83.98,0
C_2025_06285,Nov-2025,Wallet,111578.71,62517.97,107222.5,80484.2,83408.22,2,0.4,0.22,0.365,0.614,84.42,0
C_2025_06286,Nov-2025,Token,65544.89,58489.04,78379.12,71225.11,69364.42,2,0.4,0.119,0.386,0.58,54.15,0
C_2025_06287,Nov-2025,Token,64791.48,44816.38,237133.95729739254,41440.64,54282.04,5,0.2,0.47823195198643803,0.39,0.643,68.34,1
C_2025_06288,Nov-2025,DeFi,137914.26,49102.51,387715.7820757956,47932.15,72473.44,7,0.8,0.7873759177119187,0.37,0.631,52.41,1
C_2025_06289,Nov-2025,Marketplace,130919.35,35072.34,80011.2,36809.83,50631.12,1,0.2,0.411,0.392,0.629,85.11,0
C_2025_06290,Nov-2025,DAO,109752.25,44421.31,61150.19,51950.91,52507.47,2,0.4,0.13,0.376,0.562,70.68,0
C_2025_06291,Nov-2025,DeFi,117862.84,68356.24,106877.75,62404.54,79212.84,5,1.0,0.249,0.385,0.59,90.57,0
C_2025_06292,Nov-2025,Wallet,128820.47,53129.8,64758.52,60048.35,59312.23,1,0.2,0.081,0.351,0.624,58.59,0
C_2025_06293,Nov-2025,DAO,130354.29,34427.82,46247.81,32411.08,37695.57,2,0.4,0.162,0.352,0.567,63.7,0
C_2025_06294,Nov-2025,DAO,99403.36,35207.01,74465.73,40724.5,50132.41,3,0.6,0.346,0.356,0.591,74.9,0
C_2025_06295,Nov-2025,DAO,107771.33,40607.39,58946.69,36713.72,45422.6,3,0.6,0.213,0.362,0.584,68.63,0
C_2025_06296,Nov-2025,Token,68642.54,46622.42,66127.11,47367.88,53372.47,1,0.2,0.169,0.381,0.644,78.03,0
C_2025_06297,Nov-2025,Energy,106893.23,60532.9,101387.31,62436.12,74785.45,2,0.4,0.252,0.355,0.617,79.9,0
C_2025_06298,Nov-2025,Energy,117380.01,44244.61,103674.5,42910.61,63609.91,2,0.4,0.445,0.391,0.572,43.52,0
C_2025_06299,Nov-2025,DeFi,132091.07,48975.26,243679.63287990395,44863.07,57570.13,5,0.2,0.5066656670369892,0.355,0.642,89.49,1
C_2025_06300,Nov-2025,Token,68651.79,44596.4,80225.38,57656.49,60826.09,0,0.0,0.242,0.374,0.579,79.95,0
C_2025_06301,Nov-2025,DeFi,134196.47,43206.34,105098.42,46729.91,65011.56,2,0.4,0.437,0.372,0.596,94.89,0
C_2025_06302,Nov-2025,DeFi,124740.64,44988.35,66313.88,50282.36,53861.53,0,0.0,0.168,0.396,0.603,89.28,0
C_2025_06303,Nov-2025,DeFi,115828.07,46652.64,67645.42,50771.74,55023.27,0,0.0,0.165,0.389,0.629,78.61,0
C_2025_06304,Nov-2025,DeFi,131761.21,57524.39,104873.59,63948.15,75448.71,0,0.0,0.278,0.376,0.604,82.05,0
C_2025_06305,Nov-2025,NFT,161038.09,47917.14,94717.87,58228.11,66954.37,1,0.2,0.3,0.387,0.61,40.84,0
C_2025_06306,Nov-2025,Token,70596.61,57213.32,119821.62,54238.14,77091.02,4,0.8,0.392,0.356,0.555,43.23,0
C_2025_06307,Nov-2025,Marketplace,88051.52,55634.25,108677.18,63259.8,75857.08,4,0.8,0.309,0.351,0.596,75.95,0
C_2025_06308,Nov-2025,Energy,106960.38,61301.01,148484.37,75154.67,94980.02,0,0.0,0.403,0.372,0.649,62.55,0
C_2025_06309,Nov-2025,DeFi,107196.75,43283.03,79313.37,51590.9,58062.43,0,0.0,0.265,0.392,0.642,82.96,0
C_2025_06310,Nov-2025,DAO,100874.46,49292.4,112775.43,63144.49,75070.77,1,0.2,0.363,0.365,0.588,66.21,0
C_2025_06311,Nov-2025,Token,61312.96,53037.38,74473.52,52016.13,59842.34,0,0.0,0.173,0.382,0.569,64.06,0
C_2025_06312,Nov-2025,DAO,103780.59,65072.63,154731.16,78586.09,99463.29,1,0.2,0.397,0.395,0.59,61.04,0
C_2025_06313,Nov-2025,DeFi,156514.49,46774.34,107734.98,58658.93,71056.08,2,0.4,0.371,0.365,0.551,49.1,0
C_2025_06314,Nov-2025,Healthcare,79549.77,55441.33,75385.36,65102.19,65309.63,3,0.6,0.125,0.4,0.557,75.62,0
C_2025_06315,Nov-2025,NFT,186275.15,36829.38,81600.47,37992.41,52140.75,1,0.2,0.4,0.394,0.575,73.96,0
C_2025_06316,Nov-2025,Marketplace,93376.27,41154.56,68324.56,45256.86,51578.66,3,0.6,0.232,0.393,0.637,64.95,0
C_2025_06317,Nov-2025,DeFi,115546.36,61547.65,85786.78,63307.49,70213.97,3,0.6,0.157,0.374,0.577,77.62,0
C_2025_06318,Nov-2025,Energy,114842.98,37594.53,265272.36433450325,45415.17,54306.27,4,0.2,0.6047314973029064,0.361,0.61,42.22,1
C_2025_06319,Nov-2025,DeFi,128935.38,30766.42,37359.95,34974.13,34366.83,1,0.2,0.079,0.376,0.647,54.75,0
C_2025_06320,Nov-2025,Token,49387.87,59283.51,103663.14,54672.66,72539.77,1,0.2,0.304,0.373,0.593,65.75,0
C_2025_06321,Nov-2025,Token,54235.62,44799.71,79892.59,41147.99,55280.1,1,0.2,0.316,0.392,0.622,74.79,0
C_2025_06322,Nov-2025,Energy,106806.24,51780.75,97494.36,49011.84,66095.65,4,0.8,0.336,0.375,0.553,68.79,0
C_2025_06323,Nov-2025,Token,56106.51,55925.72,478511.0193560758,72140.35,88966.94,5,0.2,0.6205920544787724,0.352,0.617,74.32,1
C_2025_06324,Nov-2025,DAO,103377.64,57270.2,134093.2,71197.74,87520.38,2,0.4,0.382,0.386,0.648,46.7,0
C_2025_06325,Nov-2025,DeFi,145668.97,44435.27,76958.96,51944.48,57779.57,0,0.0,0.241,0.385,0.617,72.22,0
C_2025_06326,Nov-2025,Wallet,115418.52,52520.65,119646.95,49948.7,74038.77,2,0.4,0.436,0.394,0.606,67.57,0
C_2025_06327,Nov-2025,NFT,180443.07,61623.61,142683.91,57997.7,87435.08,1,0.2,0.447,0.361,0.568,53.11,0
C_2025_06328,Nov-2025,NFT,192003.17,60150.81,90148.96,60636.22,70312.0,0,0.0,0.2,0.371,0.588,48.02,0
C_2025_06329,Nov-2025,Energy,112922.6,51849.1,201225.49031345028,52188.52,57868.91,6,0.4,0.22291632299557188,0.395,0.556,74.86,1
C_2025_06330,Nov-2025,Marketplace,125997.0,39514.06,56900.59,40640.29,45684.98,6,1.0,0.174,0.359,0.555,67.56,0
C_2025_06331,Nov-2025,Token,65753.19,54189.04,104152.71,66689.07,75010.27,3,0.6,0.283,0.375,0.586,58.29,0
C_2025_06332,Nov-2025,Marketplace,113188.87,48458.16,86521.08,53890.4,62956.55,2,0.4,0.267,0.35,0.577,94.96,0
C_2025_06333,Nov-2025,DeFi,130610.91,53467.12,103370.78,67402.54,74746.81,4,0.8,0.281,0.382,0.558,73.64,0
C_2025_06334,Nov-2025,Healthcare,105892.49,62080.96,115046.56,65640.12,80922.55,2,0.4,0.299,0.351,0.627,70.12,0
C_2025_06335,Nov-2025,Marketplace,111178.47,49487.13,348635.32900700346,56749.5,69965.85,8,0.6,0.6108470889827684,0.379,0.625,71.11,1
C_2025_06336,Nov-2025,DeFi,146298.21,60224.84,82276.19,54300.71,65600.58,1,0.2,0.183,0.391,0.568,55.13,0
C_2025_06337,Nov-2025,NFT,171509.06,44118.03,67623.53,44345.61,52029.05,1,0.2,0.212,0.366,0.604,64.07,0
C_2025_06338,Nov-2025,Token,64066.28,44502.06,102361.94,41844.47,62902.83,2,0.4,0.444,0.363,0.557,71.15,0
C_2025_06339,Nov-2025,Wallet,121920.37,45243.53,97382.75,49199.56,63941.95,2,0.4,0.371,0.357,0.588,45.22,0
C_2025_06340,Nov-2025,NFT,185681.83,34961.84,66502.54,33152.41,44872.26,0,0.0,0.341,0.354,0.554,62.03,0
C_2025_06341,Nov-2025,DeFi,109048.69,45232.17,66947.13,47881.32,53353.54,0,0.0,0.181,0.361,0.591,45.22,0
C_2025_06342,Nov-2025,Token,68779.92,57318.82,97330.51,55035.2,69894.84,0,0.0,0.278,0.356,0.566,63.24,0
C_2025_06343,Nov-2025,DAO,115699.24,47487.26,322544.09564381355,55870.95,73221.45,6,0.2,0.7893926191752735,0.383,0.556,92.81,1
C_2025_06344,Nov-2025,Token,55243.06,59067.49,413016.4133243284,53534.03,80947.54,5,0.4,0.7243315137946691,0.383,0.586,61.58,1
C_2025_06345,Nov-2025,DeFi,135422.06,51733.74,73292.96,52290.23,59105.64,2,0.4,0.17,0.39,0.627,62.29,0
C_2025_06346,Nov-2025,Token,71319.71,49807.13,96518.26,55393.39,67239.59,1,0.2,0.31,0.357,0.585,94.72,0
C_2025_06347,Nov-2025,DAO,114422.11,56153.35,95938.07,62996.73,71696.05,1,0.2,0.242,0.371,0.562,51.83,0
C_2025_06348,Nov-2025,DeFi,153542.64,57014.4,75534.28,69747.79,67432.16,3,0.6,0.115,0.396,0.577,50.04,0
C_2025_06349,Nov-2025,Wallet,93649.64,61111.86,147459.04,66251.36,91607.42,0,0.0,0.432,0.398,0.602,68.52,0
C_2025_06350,Nov-2025,Healthcare,123305.43,46985.17,73951.69,42544.32,54493.73,2,0.4,0.255,0.363,0.624,82.65,0
C_2025_06351,Nov-2025,NFT,199407.57,48114.26,68491.28,50366.5,55657.35,1,0.2,0.164,0.361,0.584,40.99,0
C_2025_06352,Nov-2025,Energy,122478.93,59196.21,105682.02,60922.74,75266.99,3,0.6,0.286,0.361,0.559,44.58,0
C_2025_06353,Nov-2025,Marketplace,131657.39,48135.56,106204.2,57192.93,70510.9,1,0.2,0.362,0.393,0.616,49.65,0
C_2025_06354,Nov-2025,Healthcare,111549.23,66018.15,110036.0,65964.23,80672.79,1,0.2,0.257,0.354,0.635,72.61,0
C_2025_06355,Nov-2025,NFT,158852.25,33485.17,77828.75,34420.65,48578.19,2,0.4,0.426,0.383,0.593,67.51,0
C_2025_06356,Nov-2025,Marketplace,106069.91,52558.75,78413.31,55921.04,62297.7,3,0.6,0.184,0.363,0.572,80.93,0
C_2025_06357,Nov-2025,NFT,168341.63,49806.54,109846.72,52033.95,70562.4,1,0.2,0.394,0.397,0.644,44.21,0
C_2025_06358,Nov-2025,Token,70404.4,40116.08,251293.72608936168,42806.62,55341.75,8,0.8,0.6312037983624303,0.386,0.557,67.64,1
C_2025_06359,Nov-2025,Token,77143.2,51173.68,62177.37,63962.03,59104.36,1,0.2,0.096,0.358,0.554,82.13,0
C_2025_06360,Nov-2025,Token,66445.16,41215.74,76007.28,41154.04,52792.35,3,0.6,0.311,0.376,0.626,63.54,0
C_2025_06361,Nov-2025,Marketplace,83031.83,59555.59,130526.02,66843.62,85641.74,1,0.2,0.372,0.395,0.632,85.02,0
C_2025_06362,Nov-2025,Token,61598.9,44827.88,110919.43,57384.62,71043.98,1,0.2,0.403,0.358,0.576,50.16,0
C_2025_06363,Nov-2025,DeFi,132228.47,43733.39,66169.56,56717.67,55540.21,1,0.2,0.166,0.396,0.612,46.99,0
C_2025_06364,Nov-2025,Energy,74933.64,49135.24,107835.72,57857.29,71609.42,1,0.2,0.361,0.376,0.592,45.92,0
C_2025_06365,Nov-2025,NFT,180568.74,55233.71,100008.16,62294.5,72512.12,0,0.0,0.271,0.377,0.625,69.35,0
C_2025_06366,Nov-2025,NFT,119089.06,38504.2,84328.41,46256.47,56363.03,1,0.2,0.355,0.381,0.628,70.9,0
C_2025_06367,Nov-2025,NFT,185090.54,53177.21,75833.73,54375.63,61128.86,1,0.2,0.17,0.397,0.569,59.63,0
C_2025_06368,Nov-2025,NFT,137381.64,45864.21,103320.09,46857.58,65347.29,0,0.0,0.411,0.397,0.582,80.8,0
C_2025_06369,Nov-2025,Token,58100.07,45504.09,102071.85,41965.36,63180.44,2,0.4,0.436,0.384,0.557,81.24,0
C_2025_06370,Nov-2025,Healthcare,115312.22,46236.47,89394.84,55283.31,63638.21,0,0.0,0.292,0.37,0.63,90.09,0
C_2025_06371,Nov-2025,Token,70496.57,44877.48,60186.17,48032.35,51032.0,3,0.6,0.129,0.357,0.598,45.06,0
C_2025_06372,Nov-2025,Energy,115373.0,47846.9,85218.77,44473.61,59179.76,3,0.6,0.312,0.396,0.592,76.55,0
C_2025_06373,Nov-2025,Token,69216.59,49458.97,91743.53,62034.47,67745.66,2,0.4,0.262,0.396,0.615,41.1,0
C_2025_06374,Nov-2025,Token,67742.26,45106.63,73010.57,50319.5,56145.57,0,0.0,0.216,0.362,0.594,76.6,0
C_2025_06375,Nov-2025,NFT,165320.04,43905.35,64499.21,54665.23,54356.6,3,0.6,0.155,0.397,0.61,47.59,0
C_2025_06376,Nov-2025,DAO,97456.89,54914.21,90595.22,60616.89,68708.77,0,0.0,0.228,0.351,0.583,85.34,0
C_2025_06377,Nov-2025,Wallet,102742.35,57647.23,139487.71,60650.51,85928.48,1,0.2,0.441,0.353,0.638,91.0,0
C_2025_06378,Nov-2025,Healthcare,121763.62,56042.94,67770.82,67337.24,63717.0,1,0.2,0.085,0.377,0.577,78.3,0
C_2025_06379,Nov-2025,Wallet,116116.12,35778.59,49303.09,41862.03,42314.57,0,0.0,0.131,0.359,0.552,46.7,0
C_2025_06380,Nov-2025,Energy,101185.39,44340.73,72096.83,40871.8,52436.45,1,0.2,0.266,0.385,0.604,70.4,0
C_2025_06381,Nov-2025,Token,62854.91,46704.64,103396.86,50696.7,66932.73,2,0.4,0.386,0.39,0.625,57.44,0
C_2025_06382,Nov-2025,NFT,176631.31,60944.6,122867.85,75965.64,86592.7,3,0.6,0.305,0.389,0.561,71.97,0
C_2025_06383,Nov-2025,Token,51973.74,56694.38,87378.37,72701.21,72257.99,1,0.2,0.173,0.377,0.556,77.09,0
C_2025_06384,Nov-2025,Token,45958.33,52071.65,66954.87,52967.58,57331.37,1,0.2,0.119,0.361,0.571,88.99,0
C_2025_06385,Nov-2025,NFT,188649.6,52859.67,126222.03,67194.52,82092.07,2,0.4,0.387,0.367,0.552,58.24,0
C_2025_06386,Nov-2025,NFT,161966.43,52996.73,117664.14,64984.04,78548.3,0,0.0,0.358,0.355,0.57,59.6,0
C_2025_06387,Nov-2025,DAO,94253.31,73767.48,170337.9,70587.57,104897.65,3,0.6,0.441,0.374,0.553,46.39,0
C_2025_06388,Nov-2025,NFT,168043.82,31444.85,41239.0,38677.01,37120.29,2,0.4,0.112,0.387,0.572,80.35,0
C_2025_06389,Nov-2025,DeFi,120506.15,49255.59,76955.64,52743.48,59651.57,1,0.2,0.207,0.364,0.558,73.87,0
C_2025_06390,Nov-2025,DAO,119319.98,49627.37,107330.05,60106.44,72354.62,0,0.0,0.347,0.363,0.601,40.74,0
C_2025_06391,Nov-2025,DAO,114008.26,53561.05,68307.56,66395.0,62754.54,0,0.0,0.104,0.356,0.556,66.35,0
C_2025_06392,Nov-2025,DeFi,121200.64,54146.83,119281.81,52737.38,75388.67,4,0.8,0.412,0.356,0.596,62.15,0
C_2025_06393,Nov-2025,Token,57350.97,54045.37,104349.02,63629.78,74008.06,2,0.4,0.295,0.358,0.569,55.34,0
C_2025_06394,Nov-2025,DeFi,133273.91,40512.64,98603.04,50982.29,63365.99,3,0.6,0.399,0.395,0.65,83.87,0
C_2025_06395,Nov-2025,Token,77195.29,37665.94,63031.79,48904.87,49867.53,0,0.0,0.208,0.395,0.557,42.32,0
C_2025_06396,Nov-2025,Wallet,114870.85,49017.47,113740.81,61800.89,74853.05,4,0.8,0.374,0.377,0.637,71.89,0
C_2025_06397,Nov-2025,NFT,162922.29,57968.84,78507.73,58496.28,64990.95,1,0.2,0.147,0.359,0.583,88.14,0
C_2025_06398,Nov-2025,Energy,94523.37,51658.05,78255.73,50299.16,60070.98,1,0.2,0.214,0.397,0.562,92.34,0
C_2025_06399,Nov-2025,NFT,186843.11,54016.77,76955.03,63083.96,64685.26,3,0.6,0.146,0.371,0.565,93.51,0
C_2025_06400,Nov-2025,Token,62686.94,50946.83,92712.96,58853.05,67504.28,0,0.0,0.268,0.383,0.568,62.43,0
C_2025_06401,Nov-2025,NFT,145745.35,60887.45,103213.32,75344.93,79815.23,1,0.2,0.22,0.392,0.565,42.53,0
C_2025_06402,Nov-2025,Token,66603.09,60206.41,137030.49,59316.21,85517.7,1,0.2,0.426,0.394,0.632,71.2,0
C_2025_06403,Nov-2025,DAO,90601.88,59088.6,86393.5,63944.22,69808.77,4,0.8,0.17,0.355,0.592,63.37,0
C_2025_06404,Nov-2025,NFT,153465.22,58102.46,135354.77,63516.4,85657.88,2,0.4,0.411,0.387,0.621,79.78,0
C_2025_06405,Nov-2025,Token,65520.28,50533.3,104300.27,64823.35,73218.97,0,0.0,0.311,0.397,0.565,51.64,0
C_2025_06406,Nov-2025,DeFi,124267.89,59745.73,104728.51,60014.04,74829.42,1,0.2,0.283,0.36,0.607,78.86,0
C_2025_06407,Nov-2025,NFT,160084.21,60971.86,146243.52,62891.94,90035.77,0,0.0,0.442,0.397,0.604,93.43,0
C_2025_06408,Nov-2025,Marketplace,126968.88,45326.58,60869.87,56278.92,54158.46,0,0.0,0.12,0.353,0.56,70.66,0
C_2025_06409,Nov-2025,Token,67803.69,53260.04,119969.84,66909.04,80046.3,4,0.8,0.359,0.382,0.562,51.61,0
C_2025_06410,Nov-2025,DeFi,139917.28,59667.67,122086.48,76389.86,86048.0,2,0.4,0.307,0.367,0.578,41.92,0
C_2025_06411,Nov-2025,Energy,118634.06,45907.84,98550.24,52735.95,65731.34,2,0.4,0.356,0.352,0.639,64.63,0
C_2025_06412,Nov-2025,DeFi,121821.81,44610.21,102724.41,42090.74,63141.79,2,0.4,0.444,0.367,0.591,70.15,0
C_2025_06413,Nov-2025,Wallet,94376.02,67327.96,119862.16,68278.63,85156.25,1,0.2,0.288,0.38,0.563,82.02,0
C_2025_06414,Nov-2025,DeFi,112492.23,58378.78,104915.25,74653.12,79315.72,0,0.0,0.243,0.391,0.601,74.03,0
C_2025_06415,Nov-2025,Token,61348.25,65322.18,94679.12,82556.54,80852.61,2,0.4,0.149,0.375,0.632,40.69,0
C_2025_06416,Nov-2025,Wallet,91294.95,58661.68,122116.45,54802.75,78526.96,3,0.6,0.393,0.352,0.612,43.82,0
C_2025_06417,Nov-2025,DeFi,128084.05,44124.57,64967.28,43316.13,50802.66,1,0.2,0.197,0.361,0.601,56.0,0
C_2025_06418,Nov-2025,DAO,112843.48,45645.39,89523.87,44953.72,60040.99,4,0.8,0.347,0.373,0.553,62.84,0
C_2025_06419,Nov-2025,Wallet,109156.22,57074.13,109333.12,54974.64,73793.96,0,0.0,0.341,0.4,0.584,55.36,0
C_2025_06420,Nov-2025,NFT,206476.75,53658.45,81927.34,59542.08,65042.62,1,0.2,0.187,0.358,0.601,42.6,0
C_2025_06421,Nov-2025,DeFi,135962.8,58469.75,141727.02,66649.24,88948.67,0,0.0,0.421,0.374,0.616,60.58,0
C_2025_06422,Nov-2025,Wallet,95352.31,51524.2,113881.95,65116.9,76841.02,2,0.4,0.348,0.362,0.596,61.25,0
C_2025_06423,Nov-2025,NFT,196312.1,66191.01,86938.81,63058.7,72062.84,0,0.0,0.147,0.398,0.615,87.06,0
C_2025_06424,Nov-2025,Healthcare,93495.69,51482.95,103716.57,56741.19,70646.9,1,0.2,0.332,0.383,0.612,48.34,0
C_2025_06425,Nov-2025,Marketplace,115795.92,58978.28,111855.31,70748.4,80527.33,0,0.0,0.281,0.396,0.577,54.45,0
C_2025_06426,Nov-2025,DeFi,121845.59,58249.67,132804.62,60067.29,83707.19,1,0.2,0.415,0.387,0.567,89.47,0
C_2025_06427,Nov-2025,NFT,165003.28,31944.53,132332.3292232432,41218.54,37498.02,9,0.8,0.17442652371072342,0.362,0.599,57.86,1
C_2025_06428,Nov-2025,Token,71866.73,49131.8,76959.32,60706.61,62265.91,4,0.8,0.183,0.352,0.624,69.09,0
C_2025_06429,Nov-2025,Token,76156.5,45700.76,70658.93,57501.31,57953.67,2,0.4,0.176,0.361,0.612,79.87,0
C_2025_06430,Nov-2025,DeFi,136413.13,58600.95,117193.2,58099.62,77964.59,2,0.4,0.356,0.359,0.558,67.81,0
C_2025_06431,Nov-2025,Marketplace,99184.04,53929.73,94262.53,60803.47,69665.24,0,0.0,0.253,0.363,0.611,79.88,0
C_2025_06432,Nov-2025,NFT,202830.43,57086.42,111658.52,70463.66,79736.2,4,0.8,0.291,0.36,0.631,85.45,0
C_2025_06433,Nov-2025,Token,66690.62,51445.85,89998.88,65476.86,68973.86,0,0.0,0.231,0.397,0.606,49.01,0
C_2025_06434,Nov-2025,Healthcare,99223.29,58309.25,86682.23,56491.76,67161.08,0,0.0,0.206,0.388,0.599,93.83,0
C_2025_06435,Nov-2025,Wallet,124188.86,48326.94,118812.9,43928.46,70356.1,0,0.0,0.488,0.367,0.637,86.09,0
C_2025_06436,Nov-2025,DAO,95776.16,45789.04,102705.6,52142.99,66879.21,0,0.0,0.381,0.39,0.646,42.31,0
C_2025_06437,Nov-2025,DAO,120212.92,45436.42,89057.41,58873.9,64455.91,1,0.2,0.283,0.384,0.615,46.1,0
C_2025_06438,Nov-2025,DAO,111713.37,43248.22,74554.1,48359.23,55387.19,1,0.2,0.248,0.369,0.639,56.83,0
C_2025_06439,Nov-2025,Token,62694.61,57771.46,112747.68,58612.08,76377.07,4,0.8,0.337,0.382,0.646,75.66,0
C_2025_06440,Nov-2025,NFT,173674.9,51237.88,117836.95,60839.22,76638.02,3,0.6,0.384,0.397,0.592,92.35,0
C_2025_06441,Nov-2025,NFT,199022.01,49829.14,75849.22,58667.31,61448.56,1,0.2,0.176,0.364,0.557,69.49,0
C_2025_06442,Nov-2025,Marketplace,88627.53,46626.37,114773.71,57228.74,72876.28,2,0.4,0.411,0.382,0.645,89.41,0
C_2025_06443,Nov-2025,Token,58747.43,50741.18,116516.31,48059.3,71772.26,1,0.2,0.441,0.358,0.601,42.51,0
C_2025_06444,Nov-2025,DeFi,124721.32,47644.66,59686.72,61385.31,56238.9,2,0.4,0.109,0.352,0.62,42.13,0
C_2025_06445,Nov-2025,DAO,96662.15,51300.5,310586.7691983248,64488.91,74029.08,7,0.6,0.5958016114049877,0.388,0.646,64.1,1
C_2025_06446,Nov-2025,Marketplace,117227.44,54757.32,121638.52,65898.92,80764.92,0,0.0,0.362,0.388,0.564,79.19,0
C_2025_06447,Nov-2025,Healthcare,116278.51,57489.71,76047.85,70712.08,68083.21,3,0.6,0.115,0.385,0.602,48.01,0
C_2025_06448,Nov-2025,Wallet,123233.52,54665.95,77307.1,66550.13,66174.39,0,0.0,0.14,0.38,0.63,48.03,0
C_2025_06449,Nov-2025,Token,50466.69,63836.32,126999.67,68284.99,86373.66,1,0.2,0.333,0.393,0.566,46.77,0
C_2025_06450,Nov-2025,Wallet,102604.7,43421.31,193599.14988625093,40714.52,47747.71,7,0.6,0.2972252830325157,0.372,0.613,89.6,1
C_2025_06451,Nov-2025,DeFi,121386.53,51332.93,99665.17,56963.42,69320.51,2,0.4,0.311,0.352,0.598,84.95,0
C_2025_06452,Nov-2025,Token,58958.01,50430.31,111329.5,64375.94,75378.58,2,0.4,0.346,0.38,0.622,76.63,0
C_2025_06453,Nov-2025,DeFi,136818.11,46810.05,107847.42,49700.14,68119.2,0,0.0,0.413,0.38,0.586,80.78,0
C_2025_06454,Nov-2025,DeFi,113089.27,42984.84,100069.71,49274.73,64109.76,0,0.0,0.399,0.384,0.625,52.94,0
C_2025_06455,Nov-2025,DeFi,128609.37,52728.03,127746.64,53647.97,78040.88,3,0.6,0.45,0.359,0.633,42.31,0
C_2025_06456,Nov-2025,DeFi,155383.93,54568.14,89340.07,67549.72,70485.98,2,0.4,0.204,0.356,0.614,60.02,0
C_2025_06457,Nov-2025,Marketplace,113967.8,48945.09,76091.85,61212.01,62082.98,2,0.4,0.179,0.393,0.571,59.43,0
C_2025_06458,Nov-2025,NFT,148816.27,58567.49,98408.46,66711.31,74562.42,2,0.4,0.23,0.351,0.57,54.43,0
C_2025_06459,Nov-2025,DeFi,131520.7,44426.48,188396.90520040673,49065.96,51375.14,3,0.0,0.23425475386614406,0.397,0.581,45.11,1
C_2025_06460,Nov-2025,DeFi,124989.94,59168.87,134085.95,60647.84,84634.22,1,0.2,0.413,0.378,0.59,67.32,0
C_2025_06461,Nov-2025,Wallet,100092.08,63883.58,133499.19,75748.09,91043.62,2,0.4,0.334,0.388,0.641,75.89,0
C_2025_06462,Nov-2025,Token,86175.27,58722.58,119386.25,76304.7,84804.51,0,0.0,0.301,0.351,0.646,64.23,0
C_2025_06463,Nov-2025,DeFi,151062.01,54979.77,119016.09,63714.83,79236.89,2,0.4,0.358,0.393,0.563,55.29,0
C_2025_06464,Nov-2025,NFT,208041.09,41822.08,71698.63,41636.14,51718.95,0,0.0,0.273,0.392,0.592,58.11,0
C_2025_06465,Nov-2025,DeFi,114211.65,50688.37,87009.93,60862.25,66186.85,3,0.6,0.231,0.392,0.567,79.88,0
C_2025_06466,Nov-2025,Token,62312.38,54875.69,79961.23,60638.17,65158.37,0,0.0,0.165,0.394,0.574,57.27,0
C_2025_06467,Nov-2025,Healthcare,107681.17,52039.73,122304.77,51202.99,75182.5,2,0.4,0.443,0.374,0.587,51.1,0
C_2025_06468,Nov-2025,Token,75081.72,42357.19,96636.7,52027.54,63673.81,1,0.2,0.371,0.371,0.567,44.04,0
C_2025_06469,Nov-2025,DeFi,142453.12,55338.18,125009.05,69511.64,83286.29,4,0.8,0.361,0.357,0.609,46.83,0
C_2025_06470,Nov-2025,Token,60373.98,55228.28,108355.11,71394.56,78325.98,2,0.4,0.284,0.391,0.605,48.99,0
C_2025_06471,Nov-2025,NFT,198718.05,39905.69,55832.31,47068.22,47602.07,1,0.2,0.137,0.37,0.644,81.2,0
C_2025_06472,Nov-2025,Wallet,111004.92,61854.67,91364.41,70297.98,74505.69,1,0.2,0.167,0.356,0.597,64.05,0
C_2025_06473,Nov-2025,Energy,121949.29,45542.68,90910.29,51219.38,62557.45,1,0.2,0.323,0.397,0.569,44.5,0
C_2025_06474,Nov-2025,Energy,125247.27,41910.25,62904.27,38555.1,47789.87,0,0.0,0.225,0.363,0.564,60.48,0
C_2025_06475,Nov-2025,DeFi,122673.09,41794.19,74303.1,50028.3,55375.2,1,0.2,0.249,0.391,0.649,70.65,0
C_2025_06476,Nov-2025,NFT,214252.22,41921.2,76807.36,40491.8,53073.45,3,0.6,0.316,0.397,0.589,61.46,0
C_2025_06477,Nov-2025,Token,74308.87,65736.57,283614.8601408671,71444.62,80295.02,7,0.4,0.40621568013062,0.388,0.566,56.83,1
C_2025_06478,Nov-2025,Wallet,126760.76,53616.07,103049.63,69339.69,75335.13,0,0.0,0.274,0.38,0.63,74.57,0
C_2025_06479,Nov-2025,Energy,112637.14,56929.44,129478.62,55239.71,80549.26,1,0.2,0.43,0.393,0.593,74.51,0
C_2025_06480,Nov-2025,NFT,200028.8,46588.11,68036.06,52994.34,55872.84,2,0.4,0.161,0.351,0.634,59.14,0
C_2025_06481,Nov-2025,DeFi,120153.32,57893.83,83614.8,61124.06,67544.23,3,0.6,0.169,0.37,0.585,47.96,0
C_2025_06482,Nov-2025,DAO,107574.71,45371.02,59871.72,49230.0,51490.91,2,0.4,0.119,0.363,0.567,52.23,0
C_2025_06483,Nov-2025,Marketplace,133433.88,61571.19,91509.82,65238.88,72773.3,2,0.4,0.183,0.364,0.623,68.26,0
C_2025_06484,Nov-2025,Marketplace,105587.64,53631.16,118107.93,51744.07,74494.39,1,0.2,0.414,0.355,0.612,67.87,0
C_2025_06485,Nov-2025,Token,85478.88,46896.76,78982.04,54778.56,60219.12,0,0.0,0.227,0.386,0.608,66.76,0
C_2025_06486,Nov-2025,Wallet,105356.2,44801.26,70960.07,44511.18,53424.17,3,0.6,0.232,0.396,0.625,42.13,0
C_2025_06487,Nov-2025,Token,84888.77,48239.68,62056.26,44377.24,51557.73,1,0.2,0.147,0.352,0.567,90.05,0
C_2025_06488,Nov-2025,Token,62707.21,62315.59,113599.29,73184.04,83032.97,1,0.2,0.266,0.387,0.556,66.74,0
C_2025_06489,Nov-2025,NFT,173012.17,50362.15,125450.98,59066.47,78293.2,2,0.4,0.428,0.396,0.613,71.68,0
C_2025_06490,Nov-2025,Wallet,89728.78,45552.62,86053.02,47667.32,59757.65,1,0.2,0.311,0.377,0.634,41.52,0
C_2025_06491,Nov-2025,DeFi,128531.56,49619.84,97924.99,50944.41,66163.08,4,0.8,0.34,0.378,0.604,44.52,0
C_2025_06492,Nov-2025,NFT,178714.09,53205.66,125274.73,68795.71,82425.37,2,0.4,0.376,0.399,0.575,40.76,0
C_2025_06493,Nov-2025,DAO,107003.35,48313.35,85419.83,44977.99,59570.39,0,0.0,0.308,0.355,0.599,54.67,0
C_2025_06494,Nov-2025,DAO,99475.36,49505.18,92670.33,47130.3,63101.94,0,0.0,0.332,0.366,0.637,83.37,0
C_2025_06495,Nov-2025,NFT,174013.81,54550.31,87617.27,70280.58,70816.05,1,0.2,0.191,0.391,0.567,79.49,0
C_2025_06496,Nov-2025,Marketplace,100860.64,49768.24,117215.15,59719.28,75567.55,1,0.2,0.393,0.386,0.626,61.76,0
C_2025_06497,Nov-2025,Wallet,117350.59,52685.17,300130.3551703036,61350.78,68783.3,5,0.2,0.41458616239948404,0.379,0.598,78.1,1
C_2025_06498,Nov-2025,Energy,128457.19,52427.31,121419.91,63974.03,79273.75,2,0.4,0.381,0.366,0.554,94.35,0
C_2025_06499,Nov-2025,Wallet,93346.39,54034.84,99340.94,57223.77,70199.85,3,0.6,0.294,0.37,0.57,82.26,0
C_2025_06500,Nov-2025,DeFi,127139.51,58836.35,92718.64,53874.8,68476.6,0,0.0,0.252,0.367,0.557,50.38,0
C_2025_06501,Nov-2025,DeFi,143208.23,58928.55,129689.4,56931.06,81849.67,0,0.0,0.413,0.373,0.584,82.72,0
C_2025_06502,Nov-2025,DAO,119072.04,50544.61,64675.28,52842.9,56020.93,1,0.2,0.111,0.379,0.554,79.2,0
C_2025_06503,Nov-2025,NFT,173536.23,44165.49,61920.06,42100.7,49395.41,3,0.6,0.18,0.4,0.584,53.49,0
C_2025_06504,Nov-2025,DeFi,109893.57,53384.64,80613.39,59169.08,64389.04,1,0.2,0.182,0.384,0.56,86.43,0
C_2025_06505,Nov-2025,DeFi,134091.55,50143.12,109255.7,55101.85,71500.22,0,0.0,0.374,0.377,0.561,89.78,0
C_2025_06506,Nov-2025,DAO,115978.68,47055.31,75056.67,46526.38,56212.79,1,0.2,0.237,0.376,0.561,47.54,0
C_2025_06507,Nov-2025,Marketplace,91744.14,40843.58,94236.6,46108.37,60396.18,0,0.0,0.398,0.351,0.56,78.52,0
C_2025_06508,Nov-2025,Token,68362.36,54130.66,120540.21,54367.99,76346.28,1,0.2,0.409,0.391,0.56,54.71,0
C_2025_06509,Nov-2025,DeFi,119926.63,49944.84,85526.68,51944.92,62472.15,2,0.4,0.261,0.352,0.628,69.04,0
C_2025_06510,Nov-2025,Healthcare,114588.41,50220.4,88843.11,49139.51,62734.34,3,0.6,0.294,0.376,0.591,41.89,0
C_2025_06511,Nov-2025,NFT,173385.97,39589.25,67914.85,48977.98,52160.69,0,0.0,0.226,0.353,0.559,77.3,0
C_2025_06512,Nov-2025,Energy,130701.96,59861.25,84045.07,66238.93,70048.42,3,0.6,0.146,0.394,0.603,88.93,0
C_2025_06513,Nov-2025,Token,52769.63,47149.21,75421.62,50320.46,57630.43,2,0.4,0.219,0.359,0.57,91.4,0
C_2025_06514,Nov-2025,Wallet,104500.17,42012.35,76950.99,47158.08,55373.81,1,0.2,0.278,0.355,0.582,62.73,0
C_2025_06515,Nov-2025,DeFi,109519.65,37245.58,85921.51,45985.9,56384.33,2,0.4,0.376,0.357,0.623,72.72,0
C_2025_06516,Nov-2025,NFT,198904.83,57667.15,137523.13,66551.19,87247.16,1,0.2,0.41,0.372,0.621,55.5,0
C_2025_06517,Nov-2025,Token,53827.85,46805.09,66178.78,58277.63,57087.17,4,0.8,0.139,0.371,0.552,63.02,0
C_2025_06518,Nov-2025,NFT,185563.24,48911.62,81472.19,60352.82,63578.88,1,0.2,0.212,0.398,0.613,72.81,0
C_2025_06519,Nov-2025,Token,63052.83,43582.99,97382.92,51556.61,64174.18,0,0.0,0.369,0.39,0.596,41.79,0
C_2025_06520,Nov-2025,DeFi,140351.03,44653.9,96152.79,43552.76,61453.15,0,0.0,0.399,0.365,0.629,91.61,0
C_2025_06521,Nov-2025,NFT,158039.11,51209.31,94876.1,66547.35,70877.59,5,1.0,0.255,0.357,0.628,90.56,0
C_2025_06522,Nov-2025,NFT,181044.06,54658.19,103772.18,66174.66,74868.34,1,0.2,0.28,0.363,0.604,65.08,0
C_2025_06523,Nov-2025,NFT,140962.87,51393.63,101130.23,59864.83,70796.23,3,0.6,0.307,0.356,0.568,86.54,0
C_2025_06524,Nov-2025,DAO,89177.62,67443.29,147755.25,64046.25,93081.6,0,0.0,0.416,0.366,0.575,56.9,0
C_2025_06525,Nov-2025,Token,65476.25,53329.19,104836.94,61982.79,73382.97,4,0.8,0.307,0.394,0.56,74.64,0
C_2025_06526,Nov-2025,DAO,103352.21,49588.49,117776.59,63693.3,77019.46,1,0.2,0.382,0.367,0.646,45.85,0
C_2025_06527,Nov-2025,Token,61347.8,71015.02,99241.23,89097.64,86451.3,0,0.0,0.135,0.38,0.582,62.99,0
C_2025_06528,Nov-2025,NFT,185802.65,39995.66,99400.44,49331.33,62909.14,3,0.6,0.415,0.378,0.64,78.28,0
C_2025_06529,Nov-2025,Token,67853.05,46285.11,162128.8789422447,57347.75,53513.75,5,0.4,0.1797402996489913,0.399,0.611,84.0,1
C_2025_06530,Nov-2025,DeFi,101498.59,56313.54,89256.55,52257.47,65942.52,1,0.2,0.251,0.378,0.612,64.31,0
C_2025_06531,Nov-2025,Energy,107248.01,40630.07,95166.73,44011.26,59936.02,1,0.2,0.416,0.381,0.559,53.01,0
C_2025_06532,Nov-2025,NFT,129112.12,49231.66,79555.61,53085.79,60624.35,1,0.2,0.222,0.389,0.601,88.01,0
C_2025_06533,Nov-2025,Wallet,107799.41,36674.08,69518.21,45508.0,50566.77,1,0.2,0.274,0.377,0.554,85.88,0
C_2025_06534,Nov-2025,DeFi,158930.18,56712.05,82868.82,63702.02,67760.96,3,0.6,0.163,0.377,0.639,59.71,0
C_2025_06535,Nov-2025,DAO,136329.23,49125.0,87098.47,51314.37,62512.62,0,0.0,0.278,0.382,0.569,47.6,0
C_2025_06536,Nov-2025,Marketplace,116731.39,42432.27,58550.89,54758.61,51913.93,2,0.4,0.133,0.35,0.634,54.92,0
C_2025_06537,Nov-2025,Token,65111.5,49815.06,257064.7831298963,56142.39,62359.7,6,0.4,0.35204390231465116,0.393,0.589,67.5,1
C_2025_06538,Nov-2025,Marketplace,101961.9,51404.68,257693.61696791134,58136.99,70377.81,7,0.4,0.5284748230641769,0.374,0.619,70.9,1
C_2025_06539,Nov-2025,Marketplace,105422.76,42741.94,54834.56,51107.85,49561.45,1,0.2,0.102,0.376,0.607,64.14,0
C_2025_06540,Nov-2025,Marketplace,132328.68,50193.45,91795.96,63638.31,68542.57,1,0.2,0.253,0.398,0.565,83.15,0
C_2025_06541,Nov-2025,NFT,208826.31,51511.25,96195.13,47575.17,65093.85,2,0.4,0.339,0.399,0.611,55.75,0
C_2025_06542,Nov-2025,Marketplace,113077.42,57028.22,104195.7,70965.61,77396.51,1,0.2,0.256,0.375,0.555,77.87,0
C_2025_06543,Nov-2025,Marketplace,103321.46,41689.12,72490.74,48167.79,54115.89,0,0.0,0.245,0.367,0.577,40.08,0
C_2025_06544,Nov-2025,DeFi,114137.62,56140.06,79515.09,68445.18,68033.44,0,0.0,0.14,0.395,0.619,49.45,0
C_2025_06545,Nov-2025,DAO,115231.26,48838.25,321012.27852640575,55845.91,67526.78,5,0.4,0.5382952787717622,0.358,0.619,88.62,1
C_2025_06546,Nov-2025,DeFi,130489.39,34678.93,86347.38,34778.27,51934.86,1,0.2,0.469,0.352,0.601,51.48,0
C_2025_06547,Nov-2025,DeFi,135880.66,44464.07,97620.35,55827.15,65970.52,2,0.4,0.346,0.361,0.562,59.44,0
C_2025_06548,Nov-2025,Wallet,114135.72,43237.82,92171.37,41674.24,59027.81,1,0.2,0.397,0.372,0.579,94.92,0
C_2025_06549,Nov-2025,Marketplace,108154.74,56322.36,109808.46,62715.27,76282.03,2,0.4,0.313,0.371,0.604,70.52,0
C_2025_06550,Nov-2025,Token,62751.7,44220.3,86999.19,46401.7,59207.06,1,0.2,0.332,0.386,0.586,63.64,0
C_2025_06551,Nov-2025,Token,68554.96,50575.12,102887.29,47478.33,66980.25,1,0.2,0.38,0.387,0.595,76.25,0
C_2025_06552,Nov-2025,DeFi,141579.15,56682.5,446562.0047740609,72691.14,85931.66,4,0.2,0.6368341166522993,0.363,0.583,58.14,1
C_2025_06553,Nov-2025,DeFi,137054.1,39883.13,87533.62,47020.24,58145.66,0,0.0,0.361,0.373,0.568,94.35,0
C_2025_06554,Nov-2025,Token,73248.19,54418.95,88279.18,64075.85,68924.66,0,0.0,0.207,0.356,0.643,75.34,0
C_2025_06555,Nov-2025,Token,66102.65,60683.22,85025.87,63757.56,69822.22,1,0.2,0.155,0.36,0.575,54.46,0
C_2025_06556,Nov-2025,NFT,181437.86,47340.41,78659.89,51266.21,59088.84,3,0.6,0.236,0.389,0.551,67.76,0
C_2025_06557,Nov-2025,DeFi,105967.97,51181.36,98436.21,55627.13,68414.9,1,0.2,0.311,0.372,0.627,62.55,0
C_2025_06558,Nov-2025,Token,69134.07,49889.45,116408.04,63433.45,76576.98,0,0.0,0.375,0.381,0.572,62.23,0
C_2025_06559,Nov-2025,Energy,119328.52,64165.5,119184.34,78652.75,87334.19,4,0.8,0.267,0.361,0.577,61.81,0
C_2025_06560,Nov-2025,Healthcare,116922.62,55618.9,102852.79,58948.62,72473.44,0,0.0,0.297,0.364,0.561,85.04,0
C_2025_06561,Nov-2025,DAO,90226.95,50486.12,61770.58,56017.8,56091.5,2,0.4,0.082,0.4,0.607,58.26,0
C_2025_06562,Nov-2025,DeFi,115662.12,47817.45,88049.26,57443.97,64436.9,2,0.4,0.266,0.395,0.62,43.03,0
C_2025_06563,Nov-2025,DeFi,113218.08,45876.24,106658.43,59332.78,70622.48,2,0.4,0.369,0.355,0.617,62.53,0
C_2025_06564,Nov-2025,DAO,131691.87,42603.44,77062.66,38794.66,52820.25,2,0.4,0.326,0.395,0.568,63.26,0
C_2025_06565,Nov-2025,DeFi,100649.56,52286.38,274944.31129893725,62081.85,70376.37,8,1.0,0.42934403416345607,0.362,0.574,48.3,1
C_2025_06566,Nov-2025,NFT,192443.48,60253.64,95199.69,75730.08,77061.14,1,0.2,0.186,0.353,0.564,51.62,0
C_2025_06567,Nov-2025,Token,67021.02,52812.08,77224.01,52780.23,60938.78,2,0.4,0.189,0.376,0.639,82.38,0
C_2025_06568,Nov-2025,Token,62439.85,54516.46,114387.23,51551.04,73484.91,1,0.2,0.394,0.385,0.564,76.61,0
C_2025_06569,Nov-2025,NFT,190048.48,53514.31,112016.13,59355.17,74961.87,1,0.2,0.351,0.384,0.622,61.59,0
C_2025_06570,Nov-2025,DAO,107023.06,45803.96,60885.75,47440.15,51376.62,0,0.0,0.132,0.372,0.628,43.71,0
C_2025_06571,Nov-2025,Token,60454.38,50628.85,118977.39,64225.38,77943.88,3,0.6,0.379,0.362,0.626,63.65,0
C_2025_06572,Nov-2025,Token,67390.28,38663.51,73383.91,48222.66,53423.36,3,0.6,0.274,0.398,0.556,41.6,0
C_2025_06573,Nov-2025,Marketplace,96389.04,47782.62,91180.73,43176.56,60713.3,1,0.2,0.356,0.36,0.594,87.0,0
C_2025_06574,Nov-2025,Healthcare,98231.23,53585.27,99054.25,68196.29,73611.94,1,0.2,0.257,0.397,0.564,80.43,0
C_2025_06575,Nov-2025,Healthcare,118940.72,46728.28,158544.54298208153,60567.36,55557.31,6,0.2,0.21987836805464184,0.388,0.642,46.21,1
C_2025_06576,Nov-2025,Token,63112.65,55582.42,67165.64,52523.63,58423.9,5,1.0,0.108,0.356,0.584,94.91,0
C_2025_06577,Nov-2025,DeFi,107657.35,59379.79,119438.45,63634.6,80817.61,0,0.0,0.339,0.36,0.552,54.01,0
C_2025_06578,Nov-2025,DeFi,118164.44,54930.87,103625.62,64853.66,74470.05,1,0.2,0.282,0.368,0.594,58.85,0
C_2025_06579,Nov-2025,DeFi,142554.03,73549.18,106181.87,88317.09,89349.38,0,0.0,0.149,0.373,0.626,78.35,0
C_2025_06580,Nov-2025,Healthcare,126875.36,47359.39,100775.36,49908.01,66014.25,1,0.2,0.373,0.368,0.62,88.01,0
C_2025_06581,Nov-2025,Wallet,117751.49,35029.21,42574.21,36722.42,38108.61,2,0.4,0.085,0.353,0.594,62.41,0
C_2025_06582,Nov-2025,DeFi,122482.29,44266.11,109180.28,48926.14,67457.51,0,0.0,0.438,0.352,0.554,61.4,0
C_2025_06583,Nov-2025,NFT,177837.75,51246.6,86004.72,61996.57,66415.96,2,0.4,0.219,0.359,0.578,58.63,0
C_2025_06584,Nov-2025,DeFi,133379.15,60643.12,279067.63475627796,56903.32,68719.17,8,0.6,0.38401374464972077,0.391,0.595,87.61,1
C_2025_06585,Nov-2025,Wallet,95101.32,48342.24,82983.91,50083.04,60469.73,2,0.4,0.264,0.361,0.582,72.74,0
C_2025_06586,Nov-2025,DAO,112985.41,45612.86,198514.84329681515,56572.92,55842.98,6,0.2,0.2702290649516795,0.383,0.605,49.46,1
C_2025_06587,Nov-2025,DeFi,127271.46,60192.31,84143.93,73342.69,72559.64,0,0.0,0.135,0.398,0.594,80.05,0
C_2025_06588,Nov-2025,Wallet,93937.24,48353.74,105679.43,49114.96,67716.04,1,0.2,0.396,0.362,0.596,84.89,0
C_2025_06589,Nov-2025,DeFi,120569.71,51312.83,110529.07,58081.42,73307.78,1,0.2,0.361,0.378,0.587,44.48,0
C_2025_06590,Nov-2025,DeFi,136946.84,57168.06,118427.69,55880.15,77158.64,1,0.2,0.378,0.384,0.583,48.66,0
C_2025_06591,Nov-2025,Token,62070.79,51925.63,355064.19956006896,49025.8,69827.67,5,0.2,0.6177257282304608,0.393,0.59,40.85,1
C_2025_06592,Nov-2025,Energy,99326.44,66623.11,154409.8,71503.77,97512.22,1,0.2,0.413,0.393,0.609,76.81,0
C_2025_06593,Nov-2025,DAO,113062.05,51028.4,116792.61,64852.69,77557.9,1,0.2,0.365,0.36,0.636,85.68,0
C_2025_06594,Nov-2025,Healthcare,103638.58,51459.5,83027.99,61426.21,65304.57,1,0.2,0.202,0.377,0.576,91.39,0
C_2025_06595,Nov-2025,Token,68738.61,47696.36,90776.26,44678.67,61050.43,6,1.0,0.345,0.354,0.563,87.85,0
C_2025_06596,Nov-2025,DeFi,111016.21,51967.03,71934.1,56029.26,59976.8,4,0.8,0.144,0.386,0.602,79.95,0
C_2025_06597,Nov-2025,Marketplace,79489.02,30578.32,127724.94201655585,38592.59,36959.65,5,0.2,0.20867486978430272,0.36,0.587,87.88,1
C_2025_06598,Nov-2025,DAO,102543.78,45088.28,69375.03,50943.64,55135.65,1,0.2,0.188,0.385,0.641,50.94,0
C_2025_06599,Nov-2025,Token,71969.11,63953.11,104091.4,73362.67,80469.06,0,0.0,0.213,0.392,0.552,71.19,0
C_2025_06600,Nov-2025,Token,70941.99,47176.41,87237.49,57602.17,64005.36,3,0.6,0.265,0.355,0.56,84.95,0
C_2025_06601,Nov-2025,Wallet,103981.23,23785.73,56101.51,30006.21,36631.15,0,0.0,0.382,0.369,0.64,85.09,0
C_2025_06602,Nov-2025,DeFi,121971.15,52377.62,105150.85,59330.26,72286.24,0,0.0,0.324,0.389,0.581,74.13,0
C_2025_06603,Nov-2025,Wallet,101711.21,48162.97,90653.95,49254.21,62690.38,0,0.0,0.315,0.36,0.612,45.58,0
C_2025_06604,Nov-2025,DeFi,126014.79,43269.43,59427.72,55199.15,52632.1,1,0.2,0.13,0.388,0.628,89.57,0
C_2025_06605,Nov-2025,DeFi,126224.04,50930.1,97551.77,53660.76,67380.88,3,0.6,0.317,0.372,0.593,93.95,0
C_2025_06606,Nov-2025,NFT,199268.06,41692.21,86802.35,47994.08,58829.55,1,0.2,0.339,0.382,0.614,75.99,0
C_2025_06607,Nov-2025,Marketplace,93440.71,53744.38,128373.2,69351.84,83823.14,2,0.4,0.383,0.355,0.586,93.69,0
C_2025_06608,Nov-2025,Marketplace,135780.27,63528.43,155020.4,79699.06,99415.96,1,0.2,0.401,0.356,0.636,90.61,0
C_2025_06609,Nov-2025,DeFi,116269.76,49896.78,99199.4,52241.16,67112.45,0,0.0,0.338,0.396,0.574,79.11,0
C_2025_06610,Nov-2025,Wallet,124823.25,47871.74,101061.34,45442.92,64792.0,1,0.2,0.396,0.386,0.604,58.71,0
C_2025_06611,Nov-2025,DAO,100932.64,47325.91,69946.2,56099.49,57790.53,1,0.2,0.161,0.392,0.598,83.69,0
C_2025_06612,Nov-2025,NFT,185373.22,53352.59,122961.89,62509.23,79607.9,2,0.4,0.388,0.365,0.56,50.42,0
C_2025_06613,Nov-2025,Healthcare,118932.03,52678.28,84989.54,65232.48,67633.43,4,0.8,0.197,0.37,0.561,88.09,0
C_2025_06614,Nov-2025,DeFi,146496.09,51748.84,88142.12,47173.19,62354.72,0,0.0,0.294,0.384,0.561,81.0,0
C_2025_06615,Nov-2025,Wallet,128641.5,34136.06,76518.62,34178.0,48277.56,3,0.6,0.414,0.381,0.645,75.69,0
C_2025_06616,Nov-2025,Wallet,99176.35,50932.2,75864.43,51049.7,59282.11,0,0.0,0.198,0.355,0.579,44.99,0
C_2025_06617,Nov-2025,NFT,199774.7,47425.83,106988.73,59849.32,71421.29,1,0.2,0.359,0.385,0.625,69.87,0
C_2025_06618,Nov-2025,Marketplace,103619.85,70050.26,406310.0798488957,66630.7,98022.72,3,0.0,0.7830490084777207,0.378,0.645,44.58,1
C_2025_06619,Nov-2025,Marketplace,100406.16,55283.81,73919.07,58485.09,62562.66,3,0.6,0.13,0.364,0.579,82.38,0
C_2025_06620,Nov-2025,Token,67148.33,42544.18,64281.91,38728.1,48518.06,2,0.4,0.232,0.395,0.604,80.54,0
C_2025_06621,Nov-2025,Marketplace,94652.42,47516.23,85778.45,48232.25,60508.98,1,0.2,0.295,0.355,0.59,70.07,0
C_2025_06622,Nov-2025,DeFi,143424.81,61306.0,144199.09,79511.04,95005.38,3,0.6,0.374,0.377,0.616,62.71,0
C_2025_06623,Nov-2025,NFT,191413.57,32214.38,76626.16,32355.2,47065.25,2,0.4,0.444,0.392,0.617,59.37,0
C_2025_06624,Nov-2025,NFT,155716.59,57766.27,127478.56,53623.0,79622.61,1,0.2,0.426,0.391,0.625,86.3,0
C_2025_06625,Nov-2025,Token,74110.75,54675.75,245303.16023840773,64037.49,71837.51,4,0.0,0.43268604410764744,0.394,0.618,87.64,1
C_2025_06626,Nov-2025,Token,58963.53,57653.81,89636.93,70329.32,72540.02,0,0.0,0.181,0.356,0.552,56.41,0
C_2025_06627,Nov-2025,Wallet,89940.42,49164.81,97479.71,45631.88,64092.13,2,0.4,0.369,0.366,0.625,50.35,0
C_2025_06628,Nov-2025,DAO,93778.86,42167.51,58145.32,54811.33,51708.06,0,0.0,0.133,0.366,0.638,47.94,0
C_2025_06629,Nov-2025,DAO,115236.1,49776.39,75733.53,58797.03,61435.65,0,0.0,0.175,0.38,0.584,78.48,0
C_2025_06630,Nov-2025,DeFi,103634.89,45305.21,86524.35,43306.1,58378.55,3,0.6,0.341,0.396,0.613,55.66,0
C_2025_06631,Nov-2025,DeFi,137646.0,59263.22,80901.19,56044.83,65403.08,2,0.4,0.169,0.352,0.606,52.71,0
C_2025_06632,Nov-2025,DeFi,135735.93,45969.18,103541.24,54523.35,68011.26,0,0.0,0.373,0.364,0.586,78.0,0
C_2025_06633,Nov-2025,NFT,188387.7,60703.2,135114.08,65008.27,86941.85,1,0.2,0.392,0.371,0.593,73.63,0
C_2025_06634,Nov-2025,DeFi,109850.87,44983.08,67873.85,42893.58,51916.84,3,0.6,0.218,0.368,0.627,90.71,0
C_2025_06635,Nov-2025,Wallet,85274.21,39118.97,55218.22,45702.05,46679.74,3,0.6,0.142,0.378,0.648,79.78,0
C_2025_06636,Nov-2025,DeFi,124585.93,43161.8,68553.48,53638.44,55117.91,2,0.4,0.189,0.395,0.556,60.62,0
C_2025_06637,Nov-2025,DeFi,119294.65,62898.25,81100.72,76359.45,73452.8,1,0.2,0.105,0.368,0.601,70.32,0
C_2025_06638,Nov-2025,DeFi,138227.6,55137.34,121146.46,65708.23,80664.01,4,0.8,0.359,0.385,0.567,82.73,0
C_2025_06639,Nov-2025,DeFi,127527.59,52822.82,105347.64,48229.83,68800.1,3,0.6,0.377,0.39,0.576,77.66,0
C_2025_06640,Nov-2025,Wallet,130761.07,58382.44,73871.8,69868.62,67374.29,2,0.4,0.097,0.367,0.643,81.53,0
C_2025_06641,Nov-2025,Token,68626.95,51692.6,85468.54,59552.72,65571.29,3,0.6,0.22,0.354,0.56,68.15,0
C_2025_06642,Nov-2025,Energy,122839.93,44840.36,104671.46,48692.09,66067.97,1,0.2,0.414,0.357,0.63,61.14,0
C_2025_06643,Nov-2025,DeFi,135671.74,65127.79,111568.4,61840.55,79512.25,3,0.6,0.286,0.357,0.626,58.47,0
C_2025_06644,Nov-2025,DeFi,142928.16,65796.59,134730.85,60630.15,87052.53,1,0.2,0.388,0.35,0.573,94.64,0
C_2025_06645,Nov-2025,DeFi,137979.91,53424.74,119128.5,53233.03,75262.09,1,0.2,0.412,0.367,0.596,43.73,0
C_2025_06646,Nov-2025,DAO,128198.39,66312.39,165107.07,76170.77,102530.08,2,0.4,0.433,0.377,0.556,57.75,0
C_2025_06647,Nov-2025,DeFi,158115.06,52083.27,228581.68996770444,63482.98,61590.51,7,0.4,0.20653536385055035,0.359,0.602,83.87,1
C_2025_06648,Nov-2025,Wallet,106228.03,49397.44,93951.83,61148.1,68165.79,0,0.0,0.277,0.351,0.631,54.69,0
C_2025_06649,Nov-2025,Healthcare,101471.7,48132.58,63804.77,55151.14,55696.17,1,0.2,0.115,0.373,0.589,78.23,0
C_2025_06650,Nov-2025,NFT,182769.6,54244.83,65404.62,50980.45,56876.63,2,0.4,0.109,0.394,0.561,43.99,0
C_2025_06651,Nov-2025,Wallet,86106.26,46684.59,220325.67034568655,53820.06,55162.07,8,0.6,0.22375902418899266,0.357,0.608,65.82,1
C_2025_06652,Nov-2025,Marketplace,125900.2,43804.69,59313.01,48759.71,50625.8,1,0.2,0.128,0.363,0.616,82.49,0
C_2025_06653,Nov-2025,DeFi,116750.07,39071.63,241838.73505964578,39623.69,54387.91,4,0.2,0.6335966754361549,0.371,0.619,65.29,1
C_2025_06654,Nov-2025,Token,64560.79,47744.55,75189.83,44904.36,55946.25,0,0.0,0.244,0.352,0.645,81.24,0
C_2025_06655,Nov-2025,NFT,158829.84,51094.43,63093.87,55514.73,56567.68,1,0.2,0.088,0.368,0.559,59.92,0
C_2025_06656,Nov-2025,Token,48396.76,47117.7,91838.23,53423.75,64126.56,1,0.2,0.308,0.372,0.588,81.84,0
C_2025_06657,Nov-2025,Wallet,124576.79,42677.83,100246.32,53559.87,65494.68,1,0.2,0.381,0.38,0.568,83.48,0
C_2025_06658,Nov-2025,NFT,193380.66,55255.92,97429.16,62050.82,71578.63,0,0.0,0.258,0.384,0.599,68.01,0
C_2025_06659,Nov-2025,NFT,183743.42,54456.35,103235.65,56745.84,71479.28,1,0.2,0.314,0.358,0.615,78.03,0
C_2025_06660,Nov-2025,NFT,174122.79,53732.64,134142.47,52380.7,80085.27,3,0.6,0.477,0.376,0.635,91.65,0
C_2025_06661,Nov-2025,Wallet,128227.91,47944.41,115727.97,48560.41,70744.26,2,0.4,0.45,0.381,0.616,48.48,0
C_2025_06662,Nov-2025,DAO,105599.67,60327.02,344519.9849046906,69806.62,80588.0,6,0.2,0.4591877998985144,0.377,0.585,63.88,1
C_2025_06663,Nov-2025,Token,58756.33,48678.69,108408.95,44192.96,67093.53,2,0.4,0.436,0.357,0.561,94.63,0
C_2025_06664,Nov-2025,DAO,100393.6,58722.56,96083.32,68085.86,74297.25,1,0.2,0.214,0.353,0.628,88.85,0
C_2025_06665,Nov-2025,DeFi,126735.11,42254.81,67149.34,39270.9,49558.35,1,0.2,0.252,0.353,0.616,71.49,0
C_2025_06666,Nov-2025,NFT,164227.19,57113.59,78620.83,59630.26,65121.56,1,0.2,0.147,0.363,0.565,94.26,0
C_2025_06667,Nov-2025,DAO,110892.15,51758.54,76564.51,62453.02,63592.02,3,0.6,0.16,0.396,0.64,70.09,0
C_2025_06668,Nov-2025,Token,58438.27,63613.45,130511.49,71220.56,88448.5,1,0.2,0.338,0.383,0.646,51.09,0
C_2025_06669,Nov-2025,Token,74940.88,46505.57,63243.61,60348.73,56699.3,4,0.8,0.129,0.37,0.57,87.92,0
C_2025_06670,Nov-2025,DeFi,119600.71,52544.8,231638.9130599438,48747.03,62969.69,5,0.4,0.4980697300594251,0.376,0.554,54.15,1
C_2025_06671,Nov-2025,NFT,199922.3,35497.06,65805.32,41307.29,47536.55,1,0.2,0.276,0.354,0.569,66.56,0
C_2025_06672,Nov-2025,Token,61972.83,37892.21,46914.1,43614.71,42807.01,1,0.2,0.087,0.361,0.582,55.8,0
C_2025_06673,Nov-2025,NFT,180024.99,53922.4,131892.55,58030.47,81281.81,3,0.6,0.441,0.383,0.607,69.99,0
C_2025_06674,Nov-2025,DeFi,151718.49,50171.57,123345.5,61789.68,78435.58,3,0.6,0.409,0.368,0.64,89.79,0
C_2025_06675,Nov-2025,Energy,120860.64,53905.23,89939.41,57867.49,67237.38,2,0.4,0.24,0.368,0.59,48.5,0
C_2025_06676,Nov-2025,DeFi,137988.61,48471.25,112263.92,52269.92,71001.7,1,0.2,0.412,0.388,0.598,79.74,0
C_2025_06677,Nov-2025,DeFi,111345.14,55362.03,126507.73,62496.57,81455.44,1,0.2,0.393,0.381,0.579,87.35,0
C_2025_06678,Nov-2025,Token,60771.56,52388.7,121267.24,49759.3,74471.74,0,0.0,0.445,0.363,0.623,56.09,0
C_2025_06679,Nov-2025,Token,76454.9,65298.88,112506.05,72860.21,83555.05,0,0.0,0.248,0.394,0.571,88.41,0
C_2025_06680,Nov-2025,Token,84113.36,53143.31,81547.67,52555.1,62415.36,1,0.2,0.217,0.371,0.594,54.9,0
C_2025_06681,Nov-2025,DeFi,147795.06,52500.98,66123.14,47291.3,55305.14,3,0.6,0.144,0.357,0.648,69.13,0
C_2025_06682,Nov-2025,DeFi,127120.15,42886.34,55476.16,45770.71,48044.4,2,0.4,0.112,0.376,0.6,65.69,0
C_2025_06683,Nov-2025,DeFi,120513.03,50188.54,91169.83,65084.71,68814.36,1,0.2,0.246,0.384,0.583,50.53,0
C_2025_06684,Nov-2025,Token,59466.35,55212.36,127883.62,58092.45,80396.14,1,0.2,0.418,0.383,0.571,41.2,0
C_2025_06685,Nov-2025,Token,67703.97,52388.46,409060.9711288153,47910.24,74378.78,5,0.4,0.8376060565937027,0.374,0.591,64.21,1
C_2025_06686,Nov-2025,DAO,106779.68,59062.73,94091.23,56236.77,69796.91,1,0.2,0.247,0.353,0.618,78.19,0
C_2025_06687,Nov-2025,DAO,118012.57,58246.72,127015.82,62018.48,82427.01,2,0.4,0.383,0.39,0.595,65.52,0
C_2025_06688,Nov-2025,Marketplace,121876.05,37111.49,77131.6,35786.66,50009.92,2,0.4,0.384,0.377,0.593,69.09,0
C_2025_06689,Nov-2025,DAO,118933.46,49870.91,80065.46,45628.87,58521.75,3,0.6,0.262,0.376,0.565,65.06,0
C_2025_06690,Nov-2025,Marketplace,114866.97,52717.91,120408.68,58989.34,77371.98,2,0.4,0.395,0.394,0.571,64.13,0
C_2025_06691,Nov-2025,Marketplace,126503.02,54563.42,119518.8,51666.07,75249.43,0,0.0,0.416,0.396,0.586,40.15,0
C_2025_06692,Nov-2025,Token,72403.97,37612.71,80665.9,43579.33,53952.65,1,0.2,0.353,0.392,0.616,41.29,0
C_2025_06693,Nov-2025,Wallet,102146.28,42734.55,185868.5925957949,48322.42,54214.34,6,0.4,0.43301709846739583,0.375,0.593,57.08,1
C_2025_06694,Nov-2025,Healthcare,99051.29,56067.39,117536.14,62340.35,78647.96,0,0.0,0.351,0.351,0.567,81.86,0
C_2025_06695,Nov-2025,DeFi,148350.2,46295.49,85761.36,42272.35,58109.73,2,0.4,0.338,0.36,0.622,94.84,0
C_2025_06696,Nov-2025,Healthcare,129430.31,58408.41,117989.75,65839.36,80745.84,1,0.2,0.328,0.386,0.608,67.34,0
C_2025_06697,Nov-2025,Wallet,112832.97,38134.97,52120.04,35430.68,41895.23,4,0.8,0.175,0.37,0.591,65.59,0
C_2025_06698,Nov-2025,NFT,205583.94,50565.13,74988.81,54288.43,59947.46,1,0.2,0.179,0.385,0.556,72.23,0
C_2025_06699,Nov-2025,DeFi,119617.19,35602.96,80551.39,37850.87,51335.07,2,0.4,0.403,0.358,0.574,59.78,0
C_2025_06700,Nov-2025,Token,57017.74,51772.63,97935.88,58622.63,69443.71,3,0.6,0.293,0.396,0.62,63.99,0
C_2025_06701,Nov-2025,Energy,118441.82,43406.84,73872.91,44701.05,53993.6,0,0.0,0.261,0.377,0.611,88.28,0
C_2025_06702,Nov-2025,Wallet,107007.83,50011.52,165081.31434008008,50431.72,54900.38,5,0.0,0.19345028284710156,0.389,0.561,48.84,1
C_2025_06703,Nov-2025,DeFi,112487.63,55982.92,470966.5101383546,69714.13,87801.38,7,0.4,0.7191837919916507,0.367,0.588,47.01,1
C_2025_06704,Nov-2025,Healthcare,114198.86,43683.14,65617.46,51161.88,53487.49,3,0.6,0.17,0.381,0.615,87.41,0
C_2025_06705,Nov-2025,NFT,156052.8,52973.38,81366.27,61186.36,65175.34,4,0.8,0.183,0.373,0.585,77.3,0
C_2025_06706,Nov-2025,DeFi,104934.84,60622.87,132866.51,63759.39,85749.59,2,0.4,0.389,0.358,0.616,84.62,0
C_2025_06707,Nov-2025,Marketplace,85948.91,47100.75,77124.96,53650.53,59292.08,1,0.2,0.217,0.389,0.564,77.11,0
C_2025_06708,Nov-2025,Token,72355.28,35310.1,81624.68,33958.04,50297.6,1,0.2,0.441,0.396,0.57,83.69,0
C_2025_06709,Nov-2025,Token,63425.75,46060.73,93209.03,53593.03,64287.6,2,0.4,0.322,0.371,0.607,70.1,0
C_2025_06710,Nov-2025,DeFi,134394.18,47756.09,111141.97,46872.13,68590.06,1,0.2,0.439,0.377,0.552,81.73,0
C_2025_06711,Nov-2025,DeFi,103958.51,52605.32,231649.84554348557,57637.02,62519.43,8,0.8,0.29989779665950367,0.395,0.6,42.14,1
C_2025_06712,Nov-2025,DeFi,106406.33,58704.68,225548.71609008193,72805.43,71545.06,4,0.2,0.24684074867798786,0.354,0.6,58.57,1
C_2025_06713,Nov-2025,DeFi,139562.69,59325.86,76474.8,66323.54,67374.73,2,0.4,0.104,0.396,0.553,45.68,0
C_2025_06714,Nov-2025,Wallet,120673.46,47908.63,266590.8260076857,58911.15,66076.25,5,0.2,0.439415561631722,0.362,0.615,87.93,1
C_2025_06715,Nov-2025,NFT,147607.2,48390.66,98179.59,47363.5,64644.58,1,0.2,0.367,0.391,0.631,69.77,0
C_2025_06716,Nov-2025,Marketplace,110880.8,40944.71,189645.84030753354,51094.51,48862.66,5,0.2,0.19747184971742643,0.385,0.62,61.82,1
C_2025_06717,Nov-2025,DeFi,117398.04,55751.96,110639.21,69486.61,78625.93,3,0.6,0.297,0.393,0.581,93.44,0
C_2025_06718,Nov-2025,Marketplace,117464.42,49755.52,71582.15,45006.82,55448.16,0,0.0,0.209,0.355,0.623,54.55,0
C_2025_06719,Nov-2025,DAO,126811.1,59268.18,124150.17,73080.22,85499.52,0,0.0,0.326,0.353,0.553,45.71,0
C_2025_06720,Nov-2025,NFT,182258.93,49249.44,81714.31,53246.98,61403.57,5,1.0,0.235,0.38,0.57,43.06,0
C_2025_06721,Nov-2025,DeFi,129544.82,56693.38,105490.07,64839.52,75674.32,1,0.2,0.282,0.396,0.632,51.69,0
C_2025_06722,Nov-2025,Energy,121750.46,39844.9,77395.51,48071.43,55103.95,4,0.8,0.292,0.394,0.584,90.1,0
C_2025_06723,Nov-2025,DAO,110007.89,62511.29,470687.0706119682,67722.7,94884.09,3,0.0,0.7064541684547281,0.365,0.593,72.56,1
C_2025_06724,Nov-2025,DeFi,130781.56,40385.45,73845.39,49862.5,54697.78,1,0.2,0.257,0.369,0.613,85.99,0
C_2025_06725,Nov-2025,Marketplace,105253.16,65901.48,133725.87,67805.87,89144.41,0,0.0,0.354,0.366,0.594,64.16,0
C_2025_06726,Nov-2025,Healthcare,111677.86,50609.09,86321.26,47298.22,61409.52,0,0.0,0.288,0.35,0.644,94.76,0
C_2025_06727,Nov-2025,NFT,172026.77,46237.18,95717.83,44923.03,62292.68,4,0.8,0.38,0.367,0.647,50.6,0
C_2025_06728,Nov-2025,Healthcare,86119.46,45576.53,66869.87,46917.14,53121.18,0,0.0,0.183,0.394,0.567,74.29,0
C_2025_06729,Nov-2025,DAO,91707.39,55345.54,84250.7,66358.66,68651.64,1,0.2,0.174,0.389,0.562,56.4,0
C_2025_06730,Nov-2025,DeFi,103703.96,54607.89,111691.68,58259.98,74853.19,0,0.0,0.349,0.377,0.552,80.76,0
C_2025_06731,Nov-2025,DeFi,140004.0,50266.22,67036.36,59963.43,59088.67,1,0.2,0.116,0.367,0.586,63.7,0
C_2025_06732,Nov-2025,NFT,183952.98,59756.27,95505.98,68453.98,74572.08,2,0.4,0.204,0.389,0.555,58.94,0
C_2025_06733,Nov-2025,Token,81525.26,61102.62,282808.33303145465,56813.94,68235.75,3,0.0,0.36950999431334913,0.371,0.583,71.23,1
C_2025_06734,Nov-2025,DeFi,97395.24,41712.63,95785.42,47911.4,61803.15,2,0.4,0.391,0.358,0.59,42.59,0
C_2025_06735,Nov-2025,DAO,131675.86,45711.22,73435.33,41626.66,53591.07,1,0.2,0.264,0.386,0.551,57.18,0
C_2025_06736,Nov-2025,NFT,193909.07,52470.54,114405.04,56660.21,74511.93,5,1.0,0.379,0.367,0.569,74.69,0
C_2025_06737,Nov-2025,Token,56260.44,54839.91,95861.17,62564.66,71088.58,1,0.2,0.25,0.396,0.553,93.51,0
C_2025_06738,Nov-2025,NFT,152111.5,40843.61,72694.85,48113.1,53883.85,0,0.0,0.253,0.363,0.646,88.23,0
C_2025_06739,Nov-2025,Healthcare,114265.64,38797.8,56826.45,43454.48,46359.58,1,0.2,0.165,0.382,0.575,62.23,0
C_2025_06740,Nov-2025,DeFi,131377.08,51223.06,86990.51,50818.64,63010.74,4,0.8,0.269,0.386,0.568,86.87,0
C_2025_06741,Nov-2025,DeFi,132557.44,44358.65,87235.8,45435.72,59010.06,0,0.0,0.338,0.386,0.552,49.88,0
C_2025_06742,Nov-2025,Healthcare,118369.55,50561.0,65006.96,57210.51,57592.82,1,0.2,0.103,0.398,0.577,92.58,0
C_2025_06743,Nov-2025,DeFi,134239.68,57828.13,126395.38,72051.26,85424.92,2,0.4,0.346,0.366,0.637,54.05,0
C_2025_06744,Nov-2025,DAO,131163.35,55284.58,96943.1,67070.65,73099.44,1,0.2,0.24,0.352,0.613,73.12,0
C_2025_06745,Nov-2025,DAO,123688.59,44926.8,102162.88,46400.14,64496.6,2,0.4,0.413,0.398,0.585,74.12,0
C_2025_06746,Nov-2025,Healthcare,107973.31,47938.8,373309.14793226385,51621.75,69233.93,5,0.4,0.7140103635299131,0.393,0.588,58.56,1
C_2025_06747,Nov-2025,Token,71461.86,52034.79,86018.54,62679.2,66910.84,0,0.0,0.212,0.381,0.613,70.58,0
C_2025_06748,Nov-2025,DeFi,121561.62,33710.61,75177.63,41719.05,50202.43,1,0.2,0.358,0.391,0.588,62.29,0
C_2025_06749,Nov-2025,Token,66041.33,41163.22,66864.81,46771.41,51599.81,2,0.4,0.214,0.359,0.62,61.13,0
C_2025_06750,Nov-2025,Token,70373.04,50774.81,92883.47,48792.4,64150.23,1,0.2,0.317,0.388,0.57,59.08,0
C_2025_06751,Nov-2025,DAO,111148.06,48294.89,104660.43,52297.4,68417.57,2,0.4,0.375,0.38,0.646,76.19,0
C_2025_06752,Nov-2025,NFT,170658.95,46507.21,87194.72,43208.37,58970.1,3,0.6,0.339,0.385,0.568,40.16,0
C_2025_06753,Nov-2025,Wallet,96904.27,30090.74,61319.35,28776.04,40062.05,0,0.0,0.375,0.39,0.608,41.61,0
C_2025_06754,Nov-2025,NFT,182601.06,58160.65,83904.35,58208.71,66757.91,3,0.6,0.182,0.377,0.608,70.73,0
C_2025_06755,Nov-2025,NFT,171993.74,44212.97,72533.56,57349.13,58031.89,1,0.2,0.199,0.374,0.642,73.63,0
C_2025_06756,Nov-2025,Healthcare,119193.48,48353.19,116472.95,48630.01,71152.05,2,0.4,0.45,0.372,0.57,61.14,0
C_2025_06757,Nov-2025,NFT,167148.31,50893.49,204527.5054409986,45913.59,54463.65,3,0.0,0.25112449366136447,0.359,0.635,50.19,1
C_2025_06758,Nov-2025,Healthcare,100412.13,52699.54,103903.87,56612.38,71071.93,2,0.4,0.327,0.38,0.632,79.26,0
C_2025_06759,Nov-2025,DeFi,133994.91,57218.27,222024.11599819973,62150.35,62738.45,5,0.2,0.11976494607511574,0.384,0.564,84.19,1
C_2025_06760,Nov-2025,Marketplace,104207.58,50567.2,66654.57,62983.77,60068.51,0,0.0,0.115,0.365,0.607,51.74,0
C_2025_06761,Nov-2025,Marketplace,118455.22,44368.62,70026.68,40616.51,51670.6,4,0.8,0.253,0.396,0.627,71.39,0
C_2025_06762,Nov-2025,DAO,113043.13,57575.94,141956.71,71585.1,90372.58,2,0.4,0.409,0.385,0.567,89.25,0
C_2025_06763,Nov-2025,NFT,183557.16,45576.96,83837.8,57602.9,62339.22,2,0.4,0.256,0.355,0.635,52.42,0
C_2025_06764,Nov-2025,DeFi,136862.1,48364.91,110834.63,44577.79,67925.78,2,0.4,0.447,0.355,0.615,45.77,0
C_2025_06765,Nov-2025,Wallet,115463.06,26180.7,60695.51,33588.69,40154.97,2,0.4,0.369,0.36,0.644,40.07,0
C_2025_06766,Nov-2025,DeFi,113976.3,36703.92,54610.6,39020.71,43445.08,2,0.4,0.183,0.353,0.601,80.16,0
C_2025_06767,Nov-2025,Energy,120358.12,53119.52,72946.07,60678.49,62248.03,2,0.4,0.131,0.362,0.585,69.74,0
C_2025_06768,Nov-2025,DeFi,145779.23,47870.27,116596.9,44425.12,69630.76,1,0.2,0.477,0.395,0.564,94.53,0
C_2025_06769,Nov-2025,Wallet,86800.38,40535.19,79536.71,42875.8,54315.9,1,0.2,0.329,0.386,0.645,62.5,0
C_2025_06770,Nov-2025,Marketplace,120078.56,54144.43,123492.56,49472.2,75703.06,1,0.2,0.447,0.378,0.637,84.82,0
C_2025_06771,Nov-2025,Healthcare,103709.3,58809.96,74113.99,56984.92,63302.96,1,0.2,0.121,0.356,0.585,45.2,0
C_2025_06772,Nov-2025,Energy,110650.62,49842.81,61104.12,61417.16,57454.7,3,0.6,0.094,0.399,0.636,88.66,0
C_2025_06773,Nov-2025,Token,75953.75,42388.71,51552.67,54268.5,49403.29,1,0.2,0.103,0.378,0.622,55.03,0
C_2025_06774,Nov-2025,DeFi,125806.34,35319.6,242182.19268857708,41767.13,50076.82,4,0.2,0.5544039624590136,0.374,0.604,75.72,1
C_2025_06775,Nov-2025,DeFi,107324.91,61166.34,97006.92,62583.47,73585.57,2,0.4,0.225,0.35,0.553,87.71,0
C_2025_06776,Nov-2025,DeFi,160681.25,45616.47,109832.99,43359.0,66269.49,2,0.4,0.465,0.4,0.621,75.3,0
C_2025_06777,Nov-2025,DAO,128077.3,50615.18,72678.05,60767.62,61353.61,0,0.0,0.147,0.379,0.635,63.72,0
C_2025_06778,Nov-2025,Marketplace,112579.39,63545.38,129726.51,70323.58,87865.16,2,0.4,0.338,0.379,0.561,70.95,0
C_2025_06779,Nov-2025,Marketplace,125964.44,47251.13,243926.1926661341,52360.21,59673.85,4,0.0,0.38507845496727405,0.361,0.619,85.57,1
C_2025_06780,Nov-2025,Marketplace,122219.69,53541.19,106405.34,65538.88,75161.8,1,0.2,0.301,0.374,0.569,65.59,0
C_2025_06781,Nov-2025,NFT,222517.75,49935.57,88440.27,51427.9,63267.91,0,0.0,0.282,0.352,0.568,64.69,0
C_2025_06782,Nov-2025,Wallet,94514.44,47246.92,369960.4995422801,55439.41,69963.85,8,0.6,0.6675116925095818,0.368,0.649,47.58,1
C_2025_06783,Nov-2025,NFT,175809.2,43480.32,209263.49693696175,40493.9,54209.43,4,0.2,0.5209583389769321,0.391,0.621,90.3,1
C_2025_06784,Nov-2025,Token,55101.68,41302.3,74432.37,37296.44,51010.37,0,0.0,0.326,0.361,0.556,65.03,0
C_2025_06785,Nov-2025,NFT,192849.42,52417.01,70227.13,66407.28,63017.14,1,0.2,0.121,0.395,0.63,46.13,0
C_2025_06786,Nov-2025,NFT,178224.41,60108.25,436241.26674264437,68948.13,88315.33,7,0.4,0.575396077455166,0.388,0.633,76.48,1
C_2025_06787,Nov-2025,DeFi,126028.02,54820.69,88321.37,57284.0,66808.68,2,0.4,0.228,0.375,0.566,84.6,0
C_2025_06788,Nov-2025,Marketplace,109441.26,46106.53,78988.01,43195.93,56096.82,2,0.4,0.289,0.399,0.556,55.9,0
C_2025_06789,Nov-2025,DeFi,120443.36,59833.93,109164.58,58317.94,75772.15,1,0.2,0.312,0.392,0.604,70.15,0
C_2025_06790,Nov-2025,Token,70028.97,53415.09,241722.3723562787,63586.27,62491.75,4,0.2,0.2039432181292525,0.351,0.639,80.65,1
C_2025_06791,Nov-2025,DAO,105109.22,43165.19,78729.54,47376.58,56423.77,2,0.4,0.281,0.394,0.59,88.22,0
C_2025_06792,Nov-2025,DAO,105297.04,47678.12,72052.21,46850.29,55526.87,3,0.6,0.211,0.372,0.572,64.1,0
C_2025_06793,Nov-2025,Token,69918.82,49715.72,96409.26,64031.31,70052.1,1,0.2,0.279,0.369,0.629,63.19,0
C_2025_06794,Nov-2025,Token,67996.96,37834.12,216280.03745057658,42127.73,55397.82,7,0.6,0.7246182299270592,0.394,0.578,53.91,1
C_2025_06795,Nov-2025,Token,61663.39,48001.22,88718.27,49489.84,62069.78,2,0.4,0.304,0.365,0.632,69.38,0
C_2025_06796,Nov-2025,Marketplace,111641.08,49206.11,66048.95,58721.28,57992.11,1,0.2,0.119,0.395,0.582,80.75,0
C_2025_06797,Nov-2025,DeFi,133072.74,35775.65,88152.41,40938.46,54955.51,1,0.2,0.429,0.384,0.595,90.09,0
C_2025_06798,Nov-2025,Marketplace,96836.44,43862.18,53181.38,41505.16,46182.91,2,0.4,0.109,0.363,0.566,67.98,0
C_2025_06799,Nov-2025,DAO,114707.82,63790.35,79488.22,77912.76,73730.44,2,0.4,0.096,0.361,0.58,75.44,0
C_2025_06800,Nov-2025,DeFi,119352.38,59143.21,97087.98,63900.72,73377.31,0,0.0,0.23,0.396,0.621,63.85,0
C_2025_06801,Nov-2025,Marketplace,127276.81,49368.18,61385.0,49835.29,53529.49,2,0.4,0.104,0.36,0.58,80.83,0
C_2025_06802,Nov-2025,NFT,182334.3,40108.92,70222.1,48339.88,52890.3,0,0.0,0.24,0.364,0.59,49.16,0
C_2025_06803,Nov-2025,NFT,127832.77,41278.84,102665.07,46956.56,63633.49,0,0.0,0.435,0.373,0.638,87.67,0
C_2025_06804,Nov-2025,NFT,205272.62,56953.56,78059.17,55058.95,63357.23,2,0.4,0.165,0.362,0.639,63.92,0
C_2025_06805,Nov-2025,Wallet,104638.06,60243.79,129963.8,63781.93,84663.17,2,0.4,0.379,0.376,0.615,56.87,0
C_2025_06806,Nov-2025,Token,57446.67,53001.86,125174.37,50758.26,76311.5,2,0.4,0.453,0.366,0.647,50.72,0
C_2025_06807,Nov-2025,Marketplace,100071.0,54665.69,129941.25,65422.56,83343.17,3,0.6,0.399,0.361,0.57,52.14,0
C_2025_06808,Nov-2025,NFT,197046.69,49434.48,60806.83,49206.69,53149.33,2,0.4,0.102,0.369,0.587,56.15,0
C_2025_06809,Nov-2025,DeFi,145295.82,60406.34,138708.5,76536.7,91883.84,2,0.4,0.367,0.361,0.609,90.51,0
C_2025_06810,Nov-2025,NFT,189669.68,50409.81,77677.74,47109.92,58399.16,3,0.6,0.235,0.352,0.556,64.15,0
C_2025_06811,Nov-2025,NFT,170509.2,37489.55,68794.69,40610.08,48964.77,2,0.4,0.288,0.367,0.587,43.86,0
C_2025_06812,Nov-2025,Energy,97634.29,45099.95,71171.89,53477.67,56583.17,6,1.0,0.192,0.38,0.581,40.18,0
C_2025_06813,Nov-2025,DeFi,113227.65,36240.75,78027.06,45072.2,53113.33,4,0.8,0.339,0.38,0.587,41.87,0
C_2025_06814,Nov-2025,DeFi,166769.9,57283.85,87523.99,73091.44,72633.09,1,0.2,0.17,0.386,0.6,66.03,0
C_2025_06815,Nov-2025,Healthcare,107873.85,51310.54,94323.28,62204.03,69279.28,1,0.2,0.264,0.389,0.644,78.76,0
C_2025_06816,Nov-2025,NFT,168469.85,57054.3,295809.9889715224,58671.55,70065.15,6,0.6,0.48252334704381483,0.381,0.65,56.25,1
C_2025_06817,Nov-2025,Healthcare,118957.23,51979.39,123160.61,53465.48,76201.83,0,0.0,0.436,0.382,0.645,67.94,0
C_2025_06818,Nov-2025,Wallet,123292.34,48970.24,85794.67,57411.32,64058.74,1,0.2,0.246,0.359,0.559,88.68,0
C_2025_06819,Nov-2025,DeFi,148902.53,68039.9,131867.02,73975.84,91294.25,0,0.0,0.315,0.351,0.555,91.87,0
C_2025_06820,Nov-2025,DeFi,94304.67,56047.38,97190.72,65064.18,72767.43,2,0.4,0.243,0.368,0.643,54.32,0
C_2025_06821,Nov-2025,Token,55449.3,61395.02,300351.72726218315,56365.25,76347.4,4,0.0,0.4936396065408373,0.355,0.634,92.89,1
C_2025_06822,Nov-2025,Wallet,112780.47,73966.47,151316.44,88369.39,104550.76,1,0.2,0.321,0.352,0.639,65.82,0
C_2025_06823,Nov-2025,Token,65264.57,53804.7,100240.08,61831.92,71958.9,0,0.0,0.282,0.363,0.641,51.68,0
C_2025_06824,Nov-2025,Marketplace,110709.81,37344.04,214732.82041294224,33623.14,48968.72,6,0.2,0.597733442224197,0.393,0.634,89.83,1
C_2025_06825,Nov-2025,DAO,115195.68,54132.35,125408.75,52504.19,77348.43,2,0.4,0.439,0.383,0.571,91.96,0
C_2025_06826,Nov-2025,Token,71387.2,57679.08,320968.69297517574,67118.71,83729.19,4,0.0,0.651938828876959,0.363,0.646,55.87,1
C_2025_06827,Nov-2025,Token,61756.0,61668.46,441322.71247289074,69257.85,92561.35,4,0.2,0.7057720588833046,0.353,0.626,43.72,1
C_2025_06828,Nov-2025,Healthcare,115152.8,63730.07,144414.3,62602.63,90249.0,2,0.4,0.424,0.387,0.589,47.09,0
C_2025_06829,Nov-2025,NFT,158623.41,48158.33,113383.71,52141.21,71227.75,0,0.0,0.419,0.363,0.622,83.23,0
C_2025_06830,Nov-2025,Energy,107078.61,54807.22,79542.87,52024.28,62124.79,2,0.4,0.199,0.351,0.598,57.14,0
C_2025_06831,Nov-2025,NFT,180094.67,65851.09,161660.36,75021.89,100844.45,2,0.4,0.428,0.382,0.583,79.45,0
C_2025_06832,Nov-2025,Token,59770.94,39602.09,77570.32,45597.72,54256.71,2,0.4,0.307,0.395,0.553,50.36,0
C_2025_06833,Nov-2025,Marketplace,112472.58,45869.26,71361.78,44936.34,54055.79,2,0.4,0.226,0.378,0.649,87.31,0
C_2025_06834,Nov-2025,DeFi,141710.59,43695.85,84773.72,40558.82,56342.8,0,0.0,0.358,0.39,0.604,71.42,0
C_2025_06835,Nov-2025,Token,69293.2,48366.6,280753.24936586746,61479.22,70912.87,4,0.0,0.5729469056377574,0.379,0.614,46.93,1
C_2025_06836,Nov-2025,DeFi,112605.24,44999.11,111588.65,50280.48,68956.08,1,0.2,0.438,0.383,0.585,94.67,0
C_2025_06837,Nov-2025,Marketplace,105157.15,60006.87,123498.76,71061.08,84855.57,0,0.0,0.326,0.394,0.633,81.56,0
C_2025_06838,Nov-2025,DeFi,122881.48,47105.51,67582.86,44147.63,52945.33,2,0.4,0.197,0.384,0.575,40.95,0
C_2025_06839,Nov-2025,Wallet,103899.72,35921.1,44041.05,36980.34,38980.83,1,0.2,0.092,0.374,0.639,41.56,0
C_2025_06840,Nov-2025,Marketplace,103716.31,60305.75,114791.68,59844.33,78313.92,2,0.4,0.329,0.367,0.607,62.92,0
C_2025_06841,Nov-2025,DeFi,123686.76,35584.15,56154.5,36322.5,42687.05,2,0.4,0.223,0.392,0.644,48.32,0
C_2025_06842,Nov-2025,Marketplace,124369.66,64670.89,150491.03,81379.0,98846.98,2,0.4,0.376,0.364,0.61,47.66,0
C_2025_06843,Nov-2025,Token,43960.98,60597.62,145097.34,54720.46,86805.14,2,0.4,0.476,0.366,0.602,84.46,0
C_2025_06844,Nov-2025,Energy,116333.32,41790.13,299215.9656499238,52673.14,64471.84,8,0.6,0.7425561422657214,0.373,0.578,55.69,1
C_2025_06845,Nov-2025,Energy,110450.53,45589.18,73006.01,44452.85,54349.34,0,0.0,0.243,0.367,0.64,68.4,0
C_2025_06846,Nov-2025,DAO,102215.23,50663.02,95033.7,59126.01,68274.24,0,0.0,0.282,0.399,0.642,94.62,0
C_2025_06847,Nov-2025,Marketplace,123084.59,46219.47,75215.54,55447.27,58960.76,1,0.2,0.205,0.357,0.56,83.91,0
C_2025_06848,Nov-2025,NFT,180542.88,66556.1,146828.52,82527.52,98637.38,1,0.2,0.352,0.372,0.642,65.37,0
C_2025_06849,Nov-2025,Token,70584.15,49844.19,107418.18,55866.33,71042.9,2,0.4,0.364,0.366,0.645,67.4,0
C_2025_06850,Nov-2025,DeFi,138915.79,68056.99,116824.51,79362.14,88081.21,2,0.4,0.237,0.354,0.605,81.13,0
C_2025_06851,Nov-2025,DeFi,144743.74,51771.18,81386.95,56777.58,63311.9,0,0.0,0.204,0.385,0.594,69.17,0
C_2025_06852,Nov-2025,Healthcare,103910.64,61108.76,118608.91,70121.5,83279.72,4,0.8,0.303,0.379,0.62,54.91,0
C_2025_06853,Nov-2025,NFT,149205.12,48123.3,112487.44,47576.65,69395.8,0,0.0,0.439,0.352,0.591,68.75,0
C_2025_06854,Nov-2025,DAO,113418.72,44555.29,70832.19,50125.99,55171.16,0,0.0,0.205,0.395,0.58,82.8,0
C_2025_06855,Nov-2025,DeFi,124195.79,63045.94,88164.46,57948.6,69719.67,3,0.6,0.189,0.394,0.625,44.7,0
C_2025_06856,Nov-2025,NFT,158355.91,57198.99,126122.23,73180.73,85500.65,1,0.2,0.345,0.353,0.628,79.05,0
C_2025_06857,Nov-2025,DAO,116441.04,42466.03,51814.26,48940.61,47740.3,2,0.4,0.082,0.4,0.586,60.93,0
C_2025_06858,Nov-2025,DeFi,142682.12,44827.18,94104.51,50809.79,63247.16,3,0.6,0.347,0.387,0.614,40.74,0
C_2025_06859,Nov-2025,DeFi,149277.24,57276.49,142144.07,64992.11,88137.56,2,0.4,0.435,0.387,0.605,45.5,0
C_2025_06860,Nov-2025,Healthcare,96267.87,55857.79,106088.86,56549.53,72832.06,0,0.0,0.323,0.363,0.594,67.18,0
C_2025_06861,Nov-2025,Token,61464.82,43058.47,99775.43,54432.49,65755.46,2,0.4,0.373,0.361,0.649,80.99,0
C_2025_06862,Nov-2025,NFT,159088.24,42702.31,87238.08,43946.59,57962.33,2,0.4,0.357,0.385,0.643,46.83,0
C_2025_06863,Nov-2025,Token,61791.2,55431.71,88017.8,54919.99,66123.17,3,0.6,0.234,0.357,0.643,81.23,0
C_2025_06864,Nov-2025,Energy,110890.41,49706.69,120078.84,57849.02,75878.18,1,0.2,0.414,0.387,0.565,78.04,0
C_2025_06865,Nov-2025,Marketplace,110850.2,56592.48,124049.97,54173.08,78271.84,1,0.2,0.414,0.352,0.613,71.5,0
C_2025_06866,Nov-2025,Marketplace,111875.88,33484.73,69971.1,38771.67,47409.16,0,0.0,0.34,0.384,0.616,76.83,0
C_2025_06867,Nov-2025,Token,67013.05,59116.23,143018.18,76378.38,92837.6,2,0.4,0.39,0.391,0.565,48.04,0
C_2025_06868,Nov-2025,Token,65923.53,56463.67,89287.86,72566.75,72772.76,2,0.4,0.184,0.384,0.623,79.17,0
C_2025_06869,Nov-2025,DeFi,139228.29,42397.88,82925.21,52574.67,59299.26,1,0.2,0.29,0.366,0.624,80.7,0
C_2025_06870,Nov-2025,Marketplace,102374.27,40305.34,49169.11,41622.59,43699.01,0,0.0,0.089,0.394,0.617,93.3,0
C_2025_06871,Nov-2025,NFT,179677.51,57086.63,352830.312247004,71557.51,78157.25,6,0.2,0.45109327285390777,0.371,0.555,56.61,1
C_2025_06872,Nov-2025,NFT,210736.82,53525.51,101574.12,49684.04,68261.22,1,0.2,0.346,0.383,0.633,46.42,0
C_2025_06873,Nov-2025,NFT,172053.82,44572.44,71071.45,44763.03,53468.97,0,0.0,0.233,0.366,0.647,87.17,0
C_2025_06874,Nov-2025,Token,75230.51,53450.99,168298.29705565257,50488.85,56368.32,4,0.2,0.18978658357152423,0.394,0.573,47.66,1
C_2025_06875,Nov-2025,Token,62678.7,58888.26,124216.59,65908.41,83004.42,0,0.0,0.353,0.385,0.592,55.83,0
C_2025_06876,Nov-2025,DeFi,105533.1,43777.29,153162.690890634,40807.84,46739.44,3,0.0,0.2582096425767952,0.375,0.578,86.08,1
C_2025_06877,Nov-2025,NFT,191008.31,42439.33,218167.306054884,38917.76,47963.67,5,0.2,0.34610905401692305,0.354,0.584,40.44,1
C_2025_06878,Nov-2025,Token,69343.83,51277.81,87155.66,57983.26,65472.24,3,0.6,0.238,0.355,0.597,74.75,0
C_2025_06879,Nov-2025,Marketplace,121957.29,40432.78,78823.01,43426.3,54227.36,2,0.4,0.322,0.39,0.551,44.66,0
C_2025_06880,Nov-2025,Healthcare,111284.55,51947.59,105106.21,53694.18,70249.33,0,0.0,0.351,0.369,0.61,74.89,0
C_2025_06881,Nov-2025,NFT,170879.61,40006.39,77483.82,51367.58,56285.93,3,0.6,0.279,0.369,0.609,83.08,0
C_2025_06882,Nov-2025,Marketplace,96490.07,53947.97,92629.23,59614.6,68730.6,1,0.2,0.248,0.376,0.617,65.74,0
C_2025_06883,Nov-2025,Wallet,126631.48,48211.29,105288.13,51536.04,68345.15,1,0.2,0.383,0.366,0.554,86.17,0
C_2025_06884,Nov-2025,Token,71351.03,58838.99,87011.91,69611.67,71820.85,2,0.4,0.162,0.361,0.646,68.44,0
C_2025_06885,Nov-2025,Energy,85752.36,44153.98,262157.7739926205,45967.96,63606.16,6,0.2,0.6908855417473504,0.376,0.642,92.66,1
C_2025_06886,Nov-2025,Token,64924.63,51386.8,320453.53073031,57605.32,74141.68,7,0.6,0.7311026461501625,0.397,0.632,79.66,1
C_2025_06887,Nov-2025,NFT,177474.26,59349.91,130880.95,67626.83,85952.56,1,0.2,0.372,0.392,0.638,93.42,0
C_2025_06888,Nov-2025,Token,62079.41,44681.36,241882.83297461638,55498.35,64536.55,8,0.6,0.5520597092833142,0.383,0.551,42.62,1
C_2025_06889,Nov-2025,Wallet,108310.18,62955.64,80420.56,68794.43,70723.55,0,0.0,0.103,0.367,0.566,52.07,0
C_2025_06890,Nov-2025,DeFi,122500.68,40505.75,54289.09,45005.72,46600.19,4,0.8,0.123,0.365,0.592,77.81,0
C_2025_06891,Nov-2025,DeFi,164072.07,54354.41,114243.89,68885.8,79161.37,2,0.4,0.322,0.399,0.62,78.14,0
C_2025_06892,Nov-2025,Token,64851.29,46557.38,251249.0137497252,47088.31,62477.73,3,0.0,0.6506233225690962,0.377,0.595,42.42,1
C_2025_06893,Nov-2025,NFT,155371.02,50388.66,88276.69,50800.09,63155.14,1,0.2,0.281,0.378,0.565,57.56,0
C_2025_06894,Nov-2025,DeFi,130663.43,45999.06,91559.08,55606.75,64388.3,1,0.2,0.305,0.38,0.647,86.66,0
C_2025_06895,Nov-2025,Energy,94202.04,28321.0,38878.53,31945.24,33048.25,1,0.2,0.133,0.374,0.555,46.61,0
C_2025_06896,Nov-2025,Wallet,112216.21,60914.53,91514.03,67466.98,73298.51,1,0.2,0.179,0.399,0.613,94.35,0
C_2025_06897,Nov-2025,Token,83152.35,45453.48,81811.67,41080.56,56115.24,2,0.4,0.325,0.368,0.593,79.91,0
C_2025_06898,Nov-2025,DAO,121143.02,54832.93,135276.53,57929.13,82679.53,1,0.2,0.45,0.358,0.626,71.96,0
C_2025_06899,Nov-2025,Wallet,115096.53,47305.83,94837.84,43219.35,61787.67,0,0.0,0.379,0.395,0.588,94.14,0
C_2025_06900,Nov-2025,DeFi,108222.91,51183.07,269180.3791753598,48160.22,66759.84,8,0.8,0.6315358887170516,0.374,0.603,90.42,1
C_2025_06901,Nov-2025,NFT,214271.78,38655.55,55731.37,38572.46,44319.8,2,0.4,0.182,0.372,0.576,78.4,0
C_2025_06902,Nov-2025,DeFi,130080.0,48347.6,58241.17,54989.94,53859.57,0,0.0,0.076,0.397,0.598,77.62,0
C_2025_06903,Nov-2025,Token,61622.59,54513.79,330175.31963953533,67890.37,75364.4,4,0.2,0.4205688985333002,0.368,0.588,73.85,1
C_2025_06904,Nov-2025,Healthcare,108767.13,45586.87,87926.41,55367.64,62960.31,2,0.4,0.287,0.383,0.552,53.11,0
C_2025_06905,Nov-2025,NFT,181871.21,60056.59,145939.0,72137.0,92710.86,2,0.4,0.409,0.367,0.555,87.61,0
C_2025_06906,Nov-2025,DAO,130923.16,43893.93,61406.61,54059.1,53119.88,3,0.6,0.135,0.378,0.639,93.18,0
C_2025_06907,Nov-2025,DAO,92638.13,40885.64,65210.54,49402.27,51832.82,1,0.2,0.194,0.354,0.615,55.12,0
C_2025_06908,Nov-2025,NFT,171485.71,43350.16,101470.93,45367.02,63396.04,2,0.4,0.425,0.38,0.641,50.64,0
C_2025_06909,Nov-2025,DeFi,138202.47,46342.05,83799.49,54140.09,61427.21,2,0.4,0.263,0.368,0.616,59.29,0
C_2025_06910,Nov-2025,Token,65776.77,55016.73,100279.85,66207.13,73834.57,1,0.2,0.261,0.369,0.592,86.52,0
C_2025_06911,Nov-2025,NFT,181616.64,42190.15,69876.33,52915.13,54993.87,2,0.4,0.207,0.362,0.596,54.1,0
C_2025_06912,Nov-2025,NFT,190577.88,54702.68,115245.44,70465.77,80137.97,2,0.4,0.32,0.392,0.554,69.26,0
C_2025_06913,Nov-2025,Token,74291.67,49595.05,104692.77,53385.23,69224.35,2,0.4,0.363,0.394,0.603,86.14,0
C_2025_06914,Nov-2025,Token,62191.94,47435.23,101457.5,47916.37,65603.03,3,0.6,0.386,0.381,0.588,44.98,0
C_2025_06915,Nov-2025,DeFi,131881.42,51030.5,61613.35,63091.37,58578.41,0,0.0,0.092,0.367,0.591,77.38,0
C_2025_06916,Nov-2025,DeFi,154845.85,53960.76,130033.32,62831.81,82275.29,2,0.4,0.413,0.397,0.639,71.74,0
C_2025_06917,Nov-2025,NFT,162792.09,40792.87,68138.36,41432.08,50121.11,2,0.4,0.254,0.392,0.623,64.26,0
C_2025_06918,Nov-2025,Token,73158.26,56017.5,108076.84,60344.6,74812.98,0,0.0,0.315,0.35,0.644,54.71,0
C_2025_06919,Nov-2025,Marketplace,115370.81,51316.24,116168.61,48700.81,72061.89,2,0.4,0.433,0.384,0.633,56.03,0
C_2025_06920,Nov-2025,DeFi,106446.9,51292.72,110095.4,49751.19,70379.77,1,0.2,0.399,0.391,0.563,79.77,0
C_2025_06921,Nov-2025,Wallet,100940.04,53499.87,103568.6,58783.08,71950.52,2,0.4,0.312,0.391,0.636,46.95,0
C_2025_06922,Nov-2025,Wallet,125568.81,58016.19,111000.42,63885.8,77634.14,1,0.2,0.305,0.364,0.596,87.16,0
C_2025_06923,Nov-2025,Healthcare,110730.68,42952.37,78684.29,45159.8,55598.82,1,0.2,0.294,0.375,0.599,68.39,0
C_2025_06924,Nov-2025,Marketplace,102382.27,45005.64,91872.87,42174.38,59684.3,2,0.4,0.382,0.373,0.617,47.79,0
C_2025_06925,Nov-2025,DeFi,138667.32,35245.74,57288.3,33271.11,41935.05,1,0.2,0.26,0.399,0.574,69.18,0
C_2025_06926,Nov-2025,DeFi,156558.56,35435.14,65467.07,42198.45,47700.22,2,0.4,0.27,0.399,0.637,60.02,0
C_2025_06927,Nov-2025,Token,67463.27,55702.06,314592.5135056959,69592.41,74603.91,6,0.6,0.43873587188729885,0.368,0.624,63.95,1
C_2025_06928,Nov-2025,DeFi,149663.16,46648.3,63560.53,59303.21,56504.01,2,0.4,0.127,0.382,0.621,87.77,0
C_2025_06929,Nov-2025,Wallet,105359.62,57710.36,115455.86,69958.29,81041.5,6,1.0,0.307,0.368,0.628,92.21,0
C_2025_06930,Nov-2025,DAO,116938.05,53120.21,124342.59,56663.3,78042.03,1,0.2,0.42,0.357,0.571,47.41,0
C_2025_06931,Nov-2025,Healthcare,95779.94,47340.57,81635.07,58724.83,62566.82,3,0.6,0.228,0.39,0.57,59.03,0
C_2025_06932,Nov-2025,DeFi,120234.86,47464.84,67676.45,60875.5,58672.26,2,0.4,0.143,0.391,0.561,80.75,0
C_2025_06933,Nov-2025,Wallet,111652.11,55574.28,321816.84502392204,69365.76,78666.64,7,0.4,0.5015942484802133,0.392,0.611,60.12,1
C_2025_06934,Nov-2025,DeFi,121077.25,45207.67,56703.21,57362.89,53091.26,1,0.2,0.105,0.382,0.562,81.33,0
C_2025_06935,Nov-2025,Wallet,102977.41,49050.06,111747.3,55375.82,72057.73,3,0.6,0.391,0.351,0.584,82.78,0
C_2025_06936,Nov-2025,DeFi,136353.78,52301.01,104307.0,66782.05,74463.36,2,0.4,0.294,0.389,0.619,65.34,0
C_2025_06937,Nov-2025,DeFi,125773.92,43014.75,60507.6,53524.84,52349.06,5,1.0,0.137,0.353,0.597,70.45,0
C_2025_06938,Nov-2025,DAO,95507.07,51401.2,114030.32,61310.67,75580.73,1,0.2,0.364,0.39,0.551,55.13,0
C_2025_06939,Nov-2025,DeFi,148132.01,49216.29,110178.41,47267.18,68887.29,1,0.2,0.424,0.37,0.604,67.46,0
C_2025_06940,Nov-2025,Marketplace,108774.94,46638.97,65134.16,52529.73,54767.62,1,0.2,0.141,0.4,0.584,75.26,0
C_2025_06941,Nov-2025,DAO,114176.32,49474.49,105971.14,56069.95,70505.19,2,0.4,0.358,0.379,0.583,82.28,0
C_2025_06942,Nov-2025,NFT,190484.17,44805.74,62629.66,44221.31,50552.23,1,0.2,0.169,0.39,0.628,54.15,0
C_2025_06943,Nov-2025,DeFi,139481.41,53680.08,91147.28,51838.18,65555.18,0,0.0,0.276,0.361,0.648,49.37,0
C_2025_06944,Nov-2025,DeFi,140335.5,68269.8,121671.01,80608.65,90183.15,2,0.4,0.253,0.392,0.566,69.37,0
C_2025_06945,Nov-2025,NFT,195179.79,61198.76,122668.78,71296.7,85054.75,2,0.4,0.316,0.385,0.609,89.67,0
C_2025_06946,Nov-2025,DAO,99129.62,64842.6,149090.21,71056.29,94996.36,2,0.4,0.404,0.386,0.56,87.79,0
C_2025_06947,Nov-2025,Token,59180.76,60119.79,89837.67,63435.95,71131.14,1,0.2,0.187,0.373,0.575,88.12,0
C_2025_06948,Nov-2025,DeFi,155210.91,44146.13,238602.91612265923,45553.51,54404.81,6,0.2,0.3844612441316212,0.398,0.571,75.41,1
C_2025_06949,Nov-2025,DeFi,135295.99,36574.74,69641.18,39501.39,48572.44,2,0.4,0.308,0.392,0.596,58.35,0
C_2025_06950,Nov-2025,DeFi,136731.28,46318.21,91230.89,55181.21,64243.44,1,0.2,0.302,0.396,0.646,80.69,0
C_2025_06951,Nov-2025,DeFi,142482.4,58541.65,114939.08,66622.23,80034.32,3,0.6,0.311,0.399,0.602,91.9,0
C_2025_06952,Nov-2025,NFT,194365.52,50769.24,64340.62,63293.56,59467.8,1,0.2,0.104,0.369,0.553,40.09,0
C_2025_06953,Nov-2025,Wallet,113283.51,53490.96,84318.52,50574.86,62794.78,0,0.0,0.243,0.396,0.613,48.83,0
C_2025_06954,Nov-2025,Token,62864.79,61502.25,138898.5,73662.64,91354.46,0,0.0,0.372,0.396,0.638,72.48,0
C_2025_06955,Nov-2025,NFT,143839.4,50373.08,115092.17,54037.95,73167.73,1,0.2,0.406,0.361,0.649,67.17,0
C_2025_06956,Nov-2025,NFT,183713.4,53337.51,132061.73,68974.02,84791.09,2,0.4,0.401,0.38,0.632,90.26,0
C_2025_06957,Nov-2025,DAO,79372.33,55925.94,120077.1,60532.62,78845.22,3,0.6,0.371,0.379,0.553,83.88,0
C_2025_06958,Nov-2025,Token,55634.39,47376.91,105866.52,46434.8,66559.41,2,0.4,0.418,0.359,0.591,47.93,0
C_2025_06959,Nov-2025,Marketplace,100301.14,54313.73,99236.47,61056.85,71535.68,1,0.2,0.277,0.397,0.571,86.25,0
C_2025_06960,Nov-2025,Token,66977.01,38357.06,72135.95,44176.12,51556.37,2,0.4,0.286,0.359,0.553,57.86,0
C_2025_06961,Nov-2025,Energy,132338.75,43154.17,97027.55,42982.64,61054.79,1,0.2,0.417,0.398,0.615,77.28,0
C_2025_06962,Nov-2025,DAO,88496.86,52051.66,76024.52,60518.29,62864.82,1,0.2,0.158,0.379,0.603,75.29,0
C_2025_06963,Nov-2025,Healthcare,91014.88,54890.44,115208.13,55387.97,75162.18,1,0.2,0.377,0.354,0.563,85.88,0
C_2025_06964,Nov-2025,DeFi,124704.08,43689.9,182793.1407319684,40332.07,50929.0,9,0.8,0.41197555935557656,0.363,0.591,88.13,1
C_2025_06965,Nov-2025,Marketplace,121611.67,34595.88,71180.01,35259.55,47011.81,1,0.2,0.364,0.374,0.588,59.57,0
C_2025_06966,Nov-2025,NFT,188359.61,45541.27,106862.59,57165.74,69856.54,1,0.2,0.381,0.355,0.617,58.16,0
C_2025_06967,Nov-2025,DeFi,117814.81,38710.54,74368.39,37346.77,50141.9,2,0.4,0.342,0.365,0.555,52.62,0
C_2025_06968,Nov-2025,Energy,122054.89,42131.92,89924.75,38682.58,56913.08,4,0.8,0.411,0.373,0.6,90.82,0
C_2025_06969,Nov-2025,Wallet,111466.68,49757.85,94841.64,49123.35,64574.28,0,0.0,0.331,0.359,0.554,78.08,0
C_2025_06970,Nov-2025,Wallet,130595.61,50975.53,113009.72,64868.67,76284.64,0,0.0,0.348,0.359,0.605,47.12,0
C_2025_06971,Nov-2025,Energy,113246.24,44701.05,95755.22,55311.29,65255.85,3,0.6,0.337,0.394,0.582,90.69,0
C_2025_06972,Nov-2025,NFT,189558.91,43296.79,75903.33,45573.59,54924.57,0,0.0,0.271,0.385,0.568,65.46,0
C_2025_06973,Nov-2025,Wallet,113623.23,41707.18,62576.6,47452.7,50578.83,2,0.4,0.174,0.355,0.554,85.57,0
C_2025_06974,Nov-2025,NFT,158225.28,42214.67,63073.74,52178.76,52489.06,4,0.8,0.162,0.386,0.554,43.38,0
C_2025_06975,Nov-2025,Wallet,96776.65,60009.83,110147.12,72779.74,80978.9,2,0.4,0.263,0.364,0.573,47.24,0
C_2025_06976,Nov-2025,NFT,156330.85,42282.49,71724.63,48060.27,54022.46,1,0.2,0.236,0.388,0.564,94.38,0
C_2025_06977,Nov-2025,Token,71373.67,45938.39,66500.66,58812.94,57084.0,2,0.4,0.149,0.35,0.575,55.91,0
C_2025_06978,Nov-2025,Healthcare,96593.91,48829.78,88987.23,57003.26,64940.09,1,0.2,0.267,0.377,0.553,58.75,0
C_2025_06979,Nov-2025,DAO,85178.38,52781.21,87039.43,65412.74,68411.13,2,0.4,0.207,0.364,0.621,93.59,0
C_2025_06980,Nov-2025,Token,68083.63,48004.3,103723.82,62087.81,71271.98,0,0.0,0.332,0.37,0.598,76.96,0
C_2025_06981,Nov-2025,DeFi,140508.78,52123.72,119377.66,48065.84,73189.07,1,0.2,0.447,0.4,0.593,77.54,0
C_2025_06982,Nov-2025,Token,71359.99,38039.44,55865.59,43419.83,45774.95,1,0.2,0.163,0.375,0.648,48.76,0
C_2025_06983,Nov-2025,Token,64011.99,39279.21,91610.56,44193.19,58360.99,1,0.2,0.404,0.398,0.585,53.85,0
C_2025_06984,Nov-2025,Token,51794.68,36419.5,65412.8,42808.03,48213.44,1,0.2,0.258,0.375,0.591,40.6,0
C_2025_06985,Nov-2025,Token,60829.86,46134.44,76224.51,53687.03,58681.99,0,0.0,0.218,0.393,0.583,73.36,0
C_2025_06986,Nov-2025,Energy,129293.33,30883.2,43199.65,37000.75,37027.87,0,0.0,0.136,0.356,0.583,70.33,0
C_2025_06987,Nov-2025,Energy,109630.48,51481.7,292631.1742142507,47555.37,63108.48,4,0.2,0.6085066031337175,0.387,0.641,82.25,1
C_2025_06988,Nov-2025,Energy,124439.83,63196.54,113104.28,60530.72,78943.85,3,0.6,0.306,0.36,0.631,58.83,0
C_2025_06989,Nov-2025,NFT,172744.23,50800.7,117426.55,56274.13,74833.79,1,0.2,0.404,0.364,0.564,41.41,0
C_2025_06990,Nov-2025,DeFi,118140.06,54923.43,67888.51,60090.71,60967.55,4,0.8,0.087,0.358,0.575,47.62,0
C_2025_06991,Nov-2025,NFT,189533.62,47028.58,59798.99,55067.77,53965.11,1,0.2,0.098,0.388,0.571,62.89,0
C_2025_06992,Nov-2025,DeFi,115405.14,60097.78,138944.17,74892.1,91311.35,0,0.0,0.375,0.372,0.593,62.55,0
C_2025_06993,Nov-2025,NFT,158949.34,50029.75,350017.48283182905,50828.52,72493.62,4,0.0,0.8246002020401436,0.384,0.615,94.07,1
C_2025_06994,Nov-2025,DeFi,115962.55,59811.63,145844.84,62571.24,89409.24,2,0.4,0.447,0.387,0.585,58.64,0
C_2025_06995,Nov-2025,NFT,155609.66,59407.48,80403.06,63079.1,67629.88,1,0.2,0.135,0.378,0.563,42.71,0
C_2025_06996,Nov-2025,Token,77175.52,40646.43,63306.15,43828.74,49260.44,3,0.6,0.203,0.371,0.616,86.88,0
C_2025_06997,Nov-2025,Energy,111661.01,46105.02,105793.74,46198.63,66032.46,0,0.0,0.426,0.373,0.646,78.11,0
C_2025_06998,Nov-2025,Token,62246.45,49566.02,95352.32,51524.64,65480.99,0,0.0,0.323,0.375,0.584,42.13,0
C_2025_06999,Nov-2025,Token,72567.55,57337.29,114931.51,70887.72,81052.17,0,0.0,0.303,0.364,0.596,43.31,0
C_2025_07000,Nov-2025,DAO,109698.3,58231.73,94455.48,63541.61,72076.27,1,0.2,0.222,0.372,0.598,63.83,0
C_2025_07001,Nov-2025,Wallet,127608.85,51985.58,66252.96,63661.93,60633.49,1,0.2,0.102,0.38,0.648,40.96,0
C_2025_07002,Nov-2025,Marketplace,124480.88,58488.78,113804.39,52866.61,75053.26,1,0.2,0.366,0.354,0.62,78.51,0
C_2025_07003,Nov-2025,DeFi,127891.62,31757.18,59978.14,33102.83,41612.72,2,0.4,0.312,0.39,0.567,57.65,0
C_2025_07004,Nov-2025,DeFi,153581.77,51007.1,89413.51,47391.04,62603.89,4,0.8,0.304,0.4,0.61,52.04,0
C_2025_07005,Nov-2025,NFT,175861.49,54237.62,66542.8,61252.74,60677.72,0,0.0,0.083,0.376,0.633,69.64,0
C_2025_07006,Nov-2025,Marketplace,120582.29,47666.63,335924.6824842969,49525.46,70623.89,7,0.4,0.7136650299593558,0.365,0.593,45.55,1
C_2025_07007,Nov-2025,Token,67694.99,36252.82,54272.19,42579.44,44368.15,1,0.2,0.168,0.388,0.607,85.37,0
C_2025_07008,Nov-2025,DAO,114159.24,49479.88,368917.84399468795,44850.98,69038.45,6,0.2,0.7456236225062524,0.374,0.601,43.28,1
C_2025_07009,Nov-2025,DeFi,126868.29,41875.12,85232.92,42116.61,56408.22,1,0.2,0.361,0.382,0.592,86.84,0
C_2025_07010,Nov-2025,Marketplace,108047.46,39926.4,71726.3,49356.48,53669.72,1,0.2,0.248,0.38,0.561,70.69,0
C_2025_07011,Nov-2025,DeFi,118533.4,44722.96,68220.86,42027.99,51657.27,0,0.0,0.228,0.382,0.644,77.84,0
C_2025_07012,Nov-2025,DAO,96835.63,39989.89,76132.99,49848.23,55323.7,0,0.0,0.276,0.373,0.6,91.22,0
C_2025_07013,Nov-2025,Token,76965.53,51540.23,67731.16,53126.1,57465.83,3,0.6,0.127,0.364,0.604,79.13,0
C_2025_07014,Nov-2025,DAO,116653.64,41476.93,60572.96,42602.98,48217.63,0,0.0,0.181,0.389,0.641,41.65,0
C_2025_07015,Nov-2025,DeFi,121304.6,55629.97,101973.07,66716.33,74773.12,1,0.2,0.264,0.395,0.609,91.22,0
C_2025_07016,Nov-2025,Token,61627.96,57317.36,135575.04,68902.18,87264.86,1,0.2,0.395,0.351,0.619,55.33,0
C_2025_07017,Nov-2025,Token,64040.19,48020.36,109932.17,52257.91,70070.15,2,0.4,0.403,0.351,0.582,92.62,0
C_2025_07018,Nov-2025,Token,86587.71,44521.71,97438.34,42116.35,61358.8,1,0.2,0.416,0.369,0.577,48.45,0
C_2025_07019,Nov-2025,Marketplace,101070.65,47965.5,110234.87,49038.9,69079.76,1,0.2,0.421,0.361,0.621,74.32,0
C_2025_07020,Nov-2025,NFT,185447.86,39490.45,47645.32,38335.98,41823.92,2,0.4,0.099,0.375,0.597,74.87,0
C_2025_07021,Nov-2025,DeFi,128927.02,44522.05,94547.69,46210.52,61760.09,3,0.6,0.376,0.352,0.63,50.69,0
C_2025_07022,Nov-2025,Healthcare,113785.25,53350.63,117415.93,65664.7,78810.42,0,0.0,0.352,0.399,0.573,48.25,0
C_2025_07023,Nov-2025,Token,67200.48,35161.56,47881.6,42033.83,41692.33,1,0.2,0.125,0.387,0.64,85.06,0
C_2025_07024,Nov-2025,Token,66948.09,50148.61,94713.72,55885.05,66915.79,0,0.0,0.296,0.357,0.567,72.55,0
C_2025_07025,Nov-2025,DAO,88401.24,39296.33,53671.94,41356.88,44775.05,2,0.4,0.142,0.371,0.577,47.23,0
C_2025_07026,Nov-2025,DAO,109045.28,49721.61,72833.36,51212.31,57922.43,0,0.0,0.182,0.383,0.578,73.85,0
C_2025_07027,Nov-2025,Wallet,101022.04,66337.91,118336.11,75133.34,86602.46,1,0.2,0.262,0.382,0.611,66.2,0
C_2025_07028,Nov-2025,DeFi,130367.75,58545.09,93352.67,69400.11,73765.96,3,0.6,0.197,0.356,0.565,78.66,0
C_2025_07029,Nov-2025,Wallet,104194.16,30847.16,47519.94,36845.16,38404.09,1,0.2,0.18,0.36,0.584,55.41,0
C_2025_07030,Nov-2025,Token,78045.49,51628.84,388927.7705577978,50770.76,72532.25,5,0.0,0.6697855636540374,0.368,0.565,45.05,1
C_2025_07031,Nov-2025,NFT,163340.51,38680.09,75975.21,46002.68,53552.66,0,0.0,0.301,0.391,0.553,64.42,0
C_2025_07032,Nov-2025,NFT,146720.2,57211.75,389108.7580485718,71332.83,82682.82,5,0.0,0.523946659870801,0.376,0.552,55.38,1
C_2025_07033,Nov-2025,NFT,181664.01,42212.64,64302.05,42759.69,49758.13,0,0.0,0.207,0.362,0.573,78.38,0
C_2025_07034,Nov-2025,Healthcare,109843.77,54859.87,108650.2,67326.36,76945.48,1,0.2,0.299,0.398,0.641,52.12,0
C_2025_07035,Nov-2025,Token,72798.2,60762.78,124230.88,74874.4,86622.69,3,0.6,0.314,0.384,0.62,87.87,0
C_2025_07036,Nov-2025,DeFi,167392.55,46912.81,96465.92,55600.77,66326.5,1,0.2,0.326,0.369,0.554,73.52,0
C_2025_07037,Nov-2025,DeFi,153749.54,50830.04,108071.61,50401.0,69767.55,0,0.0,0.388,0.387,0.578,70.22,0
C_2025_07038,Nov-2025,NFT,201759.11,50810.31,103553.41,62946.81,72436.84,3,0.6,0.311,0.398,0.584,73.43,0
C_2025_07039,Nov-2025,DeFi,134413.69,52609.0,81228.22,55914.94,63250.72,1,0.2,0.202,0.394,0.571,71.06,0
C_2025_07040,Nov-2025,DeFi,157070.74,59168.2,91750.77,56070.09,68996.35,2,0.4,0.234,0.385,0.589,91.87,0
C_2025_07041,Nov-2025,Wallet,113586.19,46819.91,112349.08,57541.23,72236.74,1,0.2,0.397,0.361,0.644,74.25,0
C_2025_07042,Nov-2025,Token,81926.04,46479.95,190209.20456582186,58432.16,57159.8,6,0.4,0.25955373643594537,0.391,0.581,47.54,1
C_2025_07043,Nov-2025,Marketplace,134404.39,50721.7,122451.34,60882.57,78018.54,4,0.8,0.406,0.365,0.584,94.86,0
C_2025_07044,Nov-2025,Energy,128984.41,48268.07,108986.22,56053.9,71102.73,0,0.0,0.379,0.351,0.632,80.66,0
C_2025_07045,Nov-2025,DAO,90433.92,51875.91,68098.95,50096.95,56690.61,4,0.8,0.143,0.392,0.631,81.38,0
C_2025_07046,Nov-2025,Token,48708.89,40769.52,62922.62,51974.53,51888.89,1,0.2,0.174,0.363,0.608,62.75,0
C_2025_07047,Nov-2025,NFT,187850.04,44949.21,54029.81,46626.29,48535.1,5,1.0,0.081,0.356,0.589,91.12,0
C_2025_07048,Nov-2025,Wallet,131675.98,50809.02,79196.0,60412.43,63472.48,1,0.2,0.186,0.37,0.645,89.79,0
C_2025_07049,Nov-2025,DeFi,137875.82,46425.8,88416.47,46239.39,60360.55,1,0.2,0.329,0.387,0.611,84.92,0
C_2025_07050,Nov-2025,DeFi,152039.72,45020.3,100424.35,41655.38,62366.68,3,0.6,0.432,0.359,0.56,52.61,0
C_2025_07051,Nov-2025,Token,59599.15,39338.96,56254.63,37703.2,44432.27,1,0.2,0.189,0.378,0.57,67.05,0
C_2025_07052,Nov-2025,Token,61478.89,48097.24,119128.62,52095.2,73107.02,1,0.2,0.446,0.375,0.614,56.76,0
C_2025_07053,Nov-2025,DeFi,106066.35,49049.32,92508.34,59589.32,67049.0,0,0.0,0.276,0.376,0.59,44.07,0
C_2025_07054,Nov-2025,Wallet,86041.37,58101.78,90201.41,64543.65,70948.95,3,0.6,0.195,0.389,0.602,93.58,0
C_2025_07055,Nov-2025,DeFi,100377.28,52311.7,284176.7725998555,57333.42,67591.37,6,0.2,0.4379038438907882,0.372,0.64,54.05,1
C_2025_07056,Nov-2025,DAO,125491.03,44462.86,58110.97,54690.58,52421.47,2,0.4,0.111,0.355,0.573,81.88,0
C_2025_07057,Nov-2025,Energy,111216.77,51478.19,97082.82,65906.14,71489.05,2,0.4,0.266,0.364,0.581,59.1,0
C_2025_07058,Nov-2025,Healthcare,117305.92,48773.79,105567.65,57395.73,70579.06,1,0.2,0.354,0.356,0.595,51.29,0
C_2025_07059,Nov-2025,DeFi,113643.41,47232.98,77801.91,43321.7,56118.86,0,0.0,0.275,0.393,0.614,72.32,0
C_2025_07060,Nov-2025,DeFi,156598.6,50863.06,349835.0857343922,64804.65,75126.7,6,0.2,0.5755624306604149,0.4,0.553,60.57,1
C_2025_07061,Nov-2025,Token,75184.86,47975.76,58428.07,54665.88,53689.9,1,0.2,0.081,0.356,0.65,85.43,0
C_2025_07062,Nov-2025,Marketplace,100142.45,62842.91,145176.67,79754.52,95924.7,2,0.4,0.37,0.355,0.566,83.07,0
C_2025_07063,Nov-2025,Healthcare,94509.73,50251.49,79488.57,53243.09,60994.38,1,0.2,0.215,0.374,0.587,44.46,0
C_2025_07064,Nov-2025,Wallet,105132.3,55449.18,110465.05,62542.25,76152.16,0,0.0,0.321,0.351,0.636,67.37,0
C_2025_07065,Nov-2025,Token,76711.58,46189.88,57418.95,55708.98,53105.93,2,0.4,0.093,0.377,0.556,80.07,0
C_2025_07066,Nov-2025,Wallet,107654.89,61747.71,109341.45,61795.27,77628.14,5,1.0,0.289,0.37,0.594,70.74,0
C_2025_07067,Nov-2025,DeFi,131679.95,45431.14,156743.4404580504,55545.38,53574.0,7,0.4,0.20825111159521026,0.391,0.581,48.68,1
C_2025_07068,Nov-2025,Energy,120573.0,58494.95,113534.55,74743.37,82257.62,3,0.6,0.281,0.392,0.615,61.79,0
C_2025_07069,Nov-2025,NFT,196772.49,47775.66,67469.81,61037.68,58761.05,2,0.4,0.14,0.379,0.625,63.93,0
C_2025_07070,Nov-2025,NFT,228039.59,46881.81,60122.6,58380.73,55128.38,2,0.4,0.107,0.387,0.598,59.13,0
C_2025_07071,Nov-2025,Energy,119664.19,31164.99,54111.04,33287.18,39521.07,0,0.0,0.262,0.385,0.611,94.55,0
C_2025_07072,Nov-2025,Marketplace,95588.48,50439.85,100567.35,49352.67,66786.63,2,0.4,0.358,0.366,0.628,87.01,0
C_2025_07073,Nov-2025,DeFi,142576.57,45249.64,77337.26,49550.6,57379.17,1,0.2,0.248,0.355,0.609,94.43,0
C_2025_07074,Nov-2025,Marketplace,115079.41,52172.71,94091.1,49921.05,65394.95,1,0.2,0.311,0.375,0.615,63.35,0
C_2025_07075,Nov-2025,DAO,87741.86,55230.87,72441.66,59251.65,62308.06,2,0.4,0.118,0.384,0.632,58.45,0
C_2025_07076,Nov-2025,DeFi,126925.57,54374.02,133800.64,48983.53,79052.73,2,0.4,0.49,0.356,0.552,44.09,0
C_2025_07077,Nov-2025,Token,74786.28,51241.7,216377.80399346328,48437.35,55124.83,5,0.0,0.2619583381408256,0.364,0.642,55.2,1
C_2025_07078,Nov-2025,Wallet,94589.26,48105.98,173080.309827927,46805.08,53303.47,4,0.0,0.2638146240631658,0.357,0.629,66.25,1
C_2025_07079,Nov-2025,NFT,130938.09,55591.78,81940.38,52120.67,63217.61,0,0.0,0.211,0.359,0.635,51.91,0
C_2025_07080,Nov-2025,NFT,194004.14,34830.42,64953.07,40623.71,46802.4,0,0.0,0.279,0.376,0.627,61.31,0
C_2025_07081,Nov-2025,Token,65549.41,53326.06,110772.87,57785.99,73961.64,3,0.6,0.353,0.393,0.614,83.95,0
C_2025_07082,Nov-2025,NFT,165837.51,57002.08,121212.19,73924.61,84046.29,0,0.0,0.323,0.371,0.567,48.49,0
C_2025_07083,Nov-2025,DeFi,112636.08,53992.16,98667.99,69713.42,74124.52,2,0.4,0.25,0.363,0.584,47.02,0
C_2025_07084,Nov-2025,DeFi,131529.46,66186.42,132239.11,67592.02,88672.52,1,0.2,0.347,0.383,0.558,62.02,0
C_2025_07085,Nov-2025,Wallet,122476.46,52569.21,118603.48,58392.83,76521.84,3,0.6,0.39,0.394,0.61,91.93,0
C_2025_07086,Nov-2025,Marketplace,111728.7,37856.13,84602.45,46208.47,56222.35,2,0.4,0.362,0.352,0.634,85.05,0
C_2025_07087,Nov-2025,Token,71083.13,53690.68,74030.17,50376.63,59365.83,5,1.0,0.176,0.368,0.565,77.76,0
C_2025_07088,Nov-2025,Marketplace,112221.37,60548.72,76662.54,58003.68,65071.65,0,0.0,0.127,0.383,0.606,65.66,0
C_2025_07089,Nov-2025,DeFi,103916.26,52695.31,118361.32,54350.89,75135.84,2,0.4,0.407,0.363,0.647,50.48,0
C_2025_07090,Nov-2025,DeFi,125301.03,45259.25,105965.65,46273.54,65832.81,1,0.2,0.431,0.399,0.65,66.55,0
C_2025_07091,Nov-2025,DeFi,120031.03,55409.57,93452.88,64925.38,71262.61,1,0.2,0.227,0.396,0.574,43.26,0
C_2025_07092,Nov-2025,Wallet,100128.59,56436.27,100752.25,53310.99,70166.5,0,0.0,0.309,0.373,0.584,67.83,0
C_2025_07093,Nov-2025,Wallet,108937.85,53561.32,106236.44,50296.13,70031.3,3,0.6,0.366,0.371,0.58,94.7,0
C_2025_07094,Nov-2025,Marketplace,77545.64,47451.04,67369.83,47244.32,54021.73,2,0.4,0.175,0.365,0.57,41.86,0
C_2025_07095,Nov-2025,Token,63821.4,55766.64,129947.29,55906.06,80540.0,1,0.2,0.434,0.389,0.6,69.5,0
C_2025_07096,Nov-2025,Healthcare,115092.74,55101.66,135337.71,58525.37,82988.25,2,0.4,0.446,0.371,0.584,85.75,0
C_2025_07097,Nov-2025,Wallet,137982.94,55816.91,81788.41,55856.57,64487.3,1,0.2,0.19,0.352,0.639,89.7,0
C_2025_07098,Nov-2025,Token,54847.01,58923.95,100224.55,70332.83,76493.78,1,0.2,0.228,0.395,0.591,72.29,0
C_2025_07099,Nov-2025,Marketplace,107499.46,54481.73,119180.51,65489.69,79717.31,4,0.8,0.355,0.384,0.578,64.2,0
C_2025_07100,Nov-2025,DAO,121955.77,59556.67,102530.31,57952.82,73346.6,1,0.2,0.281,0.363,0.583,78.84,0
C_2025_07101,Nov-2025,Token,46266.25,49599.09,117588.21,58661.46,75282.92,1,0.2,0.4,0.391,0.567,76.53,0
C_2025_07102,Nov-2025,DeFi,130371.38,56113.71,90323.58,68339.68,71592.32,1,0.2,0.198,0.352,0.635,70.62,0
C_2025_07103,Nov-2025,Marketplace,114244.82,55564.61,100669.81,53594.2,69942.87,2,0.4,0.311,0.386,0.575,65.49,0
C_2025_07104,Nov-2025,DeFi,128620.68,43223.1,264204.25866517494,48640.13,59386.24,5,0.2,0.6225964097584711,0.364,0.627,83.05,1
C_2025_07105,Nov-2025,Healthcare,81512.38,47255.27,300215.20073816227,53072.06,65397.24,5,0.2,0.5348131139170618,0.389,0.582,63.03,1
C_2025_07106,Nov-2025,DeFi,111263.73,55446.21,127927.34,65532.83,82968.79,2,0.4,0.386,0.355,0.623,81.64,0
C_2025_07107,Nov-2025,Wallet,112984.48,42471.39,63080.6,45010.19,50187.4,1,0.2,0.183,0.356,0.58,43.9,0
C_2025_07108,Nov-2025,DAO,87262.13,49391.02,97171.95,53469.66,66677.54,1,0.2,0.324,0.388,0.613,41.81,0
C_2025_07109,Nov-2025,DAO,115963.02,46581.3,335616.3718485335,52612.37,69502.48,6,0.2,0.6921792110753069,0.397,0.556,75.33,1
C_2025_07110,Nov-2025,Token,62422.57,49137.82,118327.54,46884.51,71449.96,2,0.4,0.464,0.363,0.608,83.98,0
C_2025_07111,Nov-2025,DeFi,103157.7,54897.58,82536.66,53246.38,63560.21,3,0.6,0.211,0.372,0.612,43.95,0
C_2025_07112,Nov-2025,Token,54763.99,44526.9,90855.77,50872.32,62085.0,1,0.2,0.33,0.359,0.566,71.26,0
C_2025_07113,Nov-2025,Marketplace,109178.33,39745.34,79446.46,49754.26,56315.35,1,0.2,0.299,0.359,0.586,75.7,0
C_2025_07114,Nov-2025,DeFi,113759.24,55150.28,75589.17,59533.14,63424.19,0,0.0,0.139,0.391,0.558,81.37,0
C_2025_07115,Nov-2025,Marketplace,92241.44,58474.81,100996.17,68383.18,75951.39,0,0.0,0.239,0.395,0.598,81.81,0
C_2025_07116,Nov-2025,Token,40764.78,53400.61,96681.81,55816.98,68633.13,3,0.6,0.289,0.388,0.57,40.67,0
C_2025_07117,Nov-2025,DAO,98577.6,41745.03,94040.1,49967.07,61917.4,0,0.0,0.371,0.366,0.575,72.75,0
C_2025_07118,Nov-2025,Token,80597.58,53619.01,127824.96,57288.12,79577.36,3,0.6,0.429,0.37,0.625,79.6,0
C_2025_07119,Nov-2025,DeFi,142651.19,56889.25,136340.58,68585.8,87271.88,5,1.0,0.401,0.384,0.586,70.15,0
C_2025_07120,Nov-2025,NFT,172664.92,45043.45,60604.39,53667.27,53105.04,1,0.2,0.12,0.362,0.636,72.22,0
C_2025_07121,Nov-2025,DeFi,151513.9,66115.17,98097.65,65938.06,76716.96,2,0.4,0.197,0.361,0.613,55.59,0
C_2025_07122,Nov-2025,Marketplace,100699.67,44828.5,64617.82,51343.53,53596.62,2,0.4,0.154,0.356,0.643,69.08,0
C_2025_07123,Nov-2025,Token,72855.65,49322.19,91702.12,53871.64,64965.32,2,0.4,0.292,0.379,0.648,93.01,0
C_2025_07124,Nov-2025,NFT,174919.45,62348.49,146263.33,66572.8,91728.2,1,0.2,0.421,0.383,0.578,82.45,0
C_2025_07125,Nov-2025,DeFi,103651.33,38109.47,82718.55,40781.99,53870.01,2,0.4,0.379,0.374,0.644,84.67,0
C_2025_07126,Nov-2025,DeFi,116007.92,45585.99,67180.27,44982.3,52582.85,0,0.0,0.196,0.395,0.6,45.57,0
C_2025_07127,Nov-2025,DeFi,118731.16,59053.08,76317.18,57630.06,64333.44,2,0.4,0.132,0.379,0.55,55.31,0
C_2025_07128,Nov-2025,Marketplace,137489.91,47747.26,60175.35,45606.1,51176.24,1,0.2,0.126,0.388,0.625,57.69,0
C_2025_07129,Nov-2025,DeFi,120279.93,44009.48,85187.78,46318.38,58505.21,2,0.4,0.323,0.4,0.617,51.4,0
C_2025_07130,Nov-2025,NFT,202336.98,49983.21,74164.69,59568.43,61238.78,0,0.0,0.162,0.397,0.616,48.94,0
C_2025_07131,Nov-2025,DeFi,152884.09,45154.56,312645.8079840349,46939.26,67101.98,4,0.2,0.6800993576061091,0.352,0.553,76.2,1
C_2025_07132,Nov-2025,NFT,220479.28,43976.02,61029.61,45861.17,50288.94,3,0.6,0.152,0.394,0.618,70.92,0
C_2025_07133,Nov-2025,NFT,178816.71,42175.63,83215.62,50759.29,58716.85,3,0.6,0.301,0.368,0.563,88.09,0
C_2025_07134,Nov-2025,Token,64405.55,53910.21,134096.39,55477.81,81161.47,0,0.0,0.461,0.379,0.637,73.96,0
C_2025_07135,Nov-2025,Token,70910.05,53839.44,82317.69,58580.14,64912.43,2,0.4,0.192,0.396,0.6,58.94,0
C_2025_07136,Nov-2025,Token,64241.46,42682.67,274003.22235477774,50658.94,62422.66,7,0.4,0.6365545458651731,0.387,0.559,50.96,1
C_2025_07137,Nov-2025,DeFi,124432.14,55435.85,81364.52,51865.84,62888.73,1,0.2,0.209,0.375,0.642,83.29,0
C_2025_07138,Nov-2025,Healthcare,99218.59,37334.42,68374.68,44725.58,50144.89,2,0.4,0.264,0.365,0.581,64.49,0
C_2025_07139,Nov-2025,Token,60194.72,55669.54,123463.8,54646.11,77926.48,4,0.8,0.413,0.389,0.582,48.14,0
C_2025_07140,Nov-2025,NFT,168784.69,59374.5,115310.26,75249.91,83311.56,0,0.0,0.283,0.378,0.606,87.4,0
C_2025_07141,Nov-2025,NFT,154039.12,36527.02,68491.13,35317.25,46778.47,1,0.2,0.328,0.36,0.633,63.71,0
C_2025_07142,Nov-2025,Token,58980.05,46841.47,207730.34232723236,60148.7,56221.67,10,1.0,0.18477559375532032,0.379,0.646,55.4,1
C_2025_07143,Nov-2025,Marketplace,124934.05,59977.18,107267.49,65742.88,77662.52,2,0.4,0.271,0.39,0.616,93.56,0
C_2025_07144,Nov-2025,Token,60188.27,46542.98,76578.1,51378.63,58166.57,0,0.0,0.226,0.373,0.614,43.09,0
C_2025_07145,Nov-2025,Energy,120512.73,44119.85,76914.78,51433.73,57489.45,1,0.2,0.245,0.389,0.561,94.27,0
C_2025_07146,Nov-2025,DeFi,112781.5,44581.29,61533.34,54606.42,53573.68,3,0.6,0.13,0.392,0.578,56.0,0
C_2025_07147,Nov-2025,Marketplace,99367.84,41648.59,69937.04,47090.8,52892.14,0,0.0,0.232,0.382,0.563,91.2,0
C_2025_07148,Nov-2025,DeFi,156868.8,53220.17,84505.41,51597.99,63107.85,2,0.4,0.24,0.399,0.584,45.51,0
C_2025_07149,Nov-2025,Token,75735.29,67024.1,147790.53,85926.99,100247.2,1,0.2,0.344,0.372,0.628,49.04,0
C_2025_07150,Nov-2025,DAO,100172.44,50013.27,96501.95,48392.31,64969.18,4,0.8,0.343,0.384,0.555,78.96,0
C_2025_07151,Nov-2025,DeFi,133039.03,47711.42,111639.93,48960.84,69437.4,3,0.6,0.43,0.374,0.641,92.1,0
C_2025_07152,Nov-2025,DAO,119106.14,27118.17,36637.39,27938.45,30564.67,1,0.2,0.141,0.379,0.619,75.75,0
C_2025_07153,Nov-2025,NFT,205211.05,47420.52,76602.12,51579.81,58534.15,1,0.2,0.22,0.372,0.572,56.95,0
C_2025_07154,Nov-2025,Token,68721.13,48002.91,90175.42,55734.37,64637.57,1,0.2,0.284,0.397,0.604,87.09,0
C_2025_07155,Nov-2025,Token,60786.68,43839.44,169565.43082029212,50913.75,52808.86,4,0.0,0.2868684048552715,0.39,0.575,54.05,1
C_2025_07156,Nov-2025,Energy,121584.13,43139.5,322456.11656222434,54485.36,67074.51,4,0.0,0.7040686683895034,0.363,0.617,74.02,1
C_2025_07157,Nov-2025,Energy,120906.17,46994.83,64364.41,54307.82,55222.35,1,0.2,0.129,0.369,0.648,66.77,0
C_2025_07158,Nov-2025,Token,71139.15,57578.29,422291.66110022145,67795.16,85971.72,8,0.6,0.6939990207354433,0.352,0.618,49.48,1
C_2025_07159,Nov-2025,Marketplace,96011.79,59277.34,74473.52,71601.53,68450.79,0,0.0,0.096,0.361,0.584,47.3,0
C_2025_07160,Nov-2025,Token,66740.43,55907.83,130713.33,65569.87,84063.68,2,0.4,0.395,0.358,0.609,59.13,0
C_2025_07161,Nov-2025,DAO,106505.95,46556.5,84590.46,51550.75,60899.24,1,0.2,0.277,0.368,0.601,46.23,0
C_2025_07162,Nov-2025,DeFi,132364.12,65756.7,118188.82,76437.7,86794.4,1,0.2,0.261,0.358,0.602,60.48,0
C_2025_07163,Nov-2025,Token,60408.53,47067.52,57902.13,46001.02,50323.56,1,0.2,0.107,0.362,0.632,66.08,0
C_2025_07164,Nov-2025,DeFi,111368.65,54212.37,94381.93,61862.33,70152.21,1,0.2,0.248,0.39,0.634,69.31,0
C_2025_07165,Nov-2025,DeFi,134341.98,53878.53,68527.67,60548.12,60984.77,3,0.6,0.098,0.353,0.613,80.19,0
C_2025_07166,Nov-2025,Token,70867.76,57938.64,112264.11,63879.07,78027.28,1,0.2,0.312,0.392,0.57,66.28,0
C_2025_07167,Nov-2025,Wallet,128398.44,49415.74,71696.72,50399.1,57170.52,2,0.4,0.18,0.381,0.559,83.44,0
C_2025_07168,Nov-2025,Token,53419.56,50974.92,88241.19,48550.08,62588.73,2,0.4,0.29,0.367,0.635,71.68,0
C_2025_07169,Nov-2025,DAO,100137.62,52948.21,112637.93,57069.92,74218.69,2,0.4,0.367,0.36,0.588,57.82,0
C_2025_07170,Nov-2025,NFT,124495.48,52177.98,116084.3,62989.27,77083.85,2,0.4,0.362,0.386,0.562,86.86,0
C_2025_07171,Nov-2025,DeFi,147722.68,51118.87,114081.16,53662.2,72954.08,0,0.0,0.399,0.396,0.584,60.56,0
C_2025_07172,Nov-2025,Marketplace,105245.54,48171.72,57875.45,51799.91,52615.69,1,0.2,0.076,0.363,0.586,54.47,0
C_2025_07173,Nov-2025,NFT,182538.32,57566.44,131115.11,71623.67,86768.41,1,0.2,0.367,0.399,0.632,83.88,0
C_2025_07174,Nov-2025,Energy,96867.3,68865.51,162728.78,84141.45,105245.24,1,0.2,0.391,0.357,0.605,56.28,0
C_2025_07175,Nov-2025,DeFi,122502.39,47608.31,59263.52,57765.14,54878.99,0,0.0,0.094,0.394,0.571,81.78,0
C_2025_07176,Nov-2025,DeFi,137466.15,54396.31,126999.75,56348.5,79248.19,3,0.6,0.426,0.353,0.628,83.31,0
C_2025_07177,Nov-2025,Energy,116094.44,46198.4,64901.97,44376.92,51825.76,2,0.4,0.179,0.398,0.606,64.64,0
C_2025_07178,Nov-2025,DeFi,161108.26,50400.06,116936.49,58919.26,75418.6,1,0.2,0.392,0.369,0.608,74.07,0
C_2025_07179,Nov-2025,Marketplace,118956.17,43630.96,54430.35,56508.48,51523.26,1,0.2,0.11,0.37,0.57,62.44,0
C_2025_07180,Nov-2025,Healthcare,125704.67,51066.11,63656.43,66118.3,60280.28,3,0.6,0.109,0.351,0.624,67.3,0
C_2025_07181,Nov-2025,DeFi,125156.54,35627.98,56304.25,42040.31,44657.51,2,0.4,0.194,0.394,0.618,79.37,0
C_2025_07182,Nov-2025,Wallet,101810.23,51524.52,65798.93,55217.21,57513.55,3,0.6,0.105,0.386,0.575,68.85,0
C_2025_07183,Nov-2025,Token,73277.83,41927.01,72162.92,45485.25,53191.72,1,0.2,0.254,0.359,0.605,47.97,0
C_2025_07184,Nov-2025,Marketplace,112726.42,36168.76,56324.91,41066.0,44519.89,0,0.0,0.193,0.399,0.623,67.71,0
C_2025_07185,Nov-2025,Energy,99679.64,47608.21,72740.68,46821.52,55723.47,3,0.6,0.216,0.388,0.582,73.12,0
C_2025_07186,Nov-2025,NFT,200641.88,55514.32,124315.16,56102.84,78644.11,1,0.2,0.411,0.387,0.577,61.51,0
C_2025_07187,Nov-2025,DeFi,121384.65,58691.55,274122.0186351313,68109.93,73157.51,6,0.2,0.31715925505230186,0.392,0.562,58.97,1
C_2025_07188,Nov-2025,Token,78027.4,45039.99,108300.27,42373.82,65238.03,2,0.4,0.467,0.364,0.619,49.06,0
C_2025_07189,Nov-2025,DeFi,141027.91,41069.64,94853.67,53284.69,63069.33,0,0.0,0.365,0.365,0.639,41.79,0
C_2025_07190,Nov-2025,Healthcare,103663.69,62808.63,131613.19,69715.07,88045.63,3,0.6,0.351,0.378,0.621,82.68,0
C_2025_07191,Nov-2025,Token,68768.02,53069.04,297027.7481820782,63593.13,67391.19,6,0.6,0.31123888348365736,0.359,0.595,84.36,1
C_2025_07192,Nov-2025,NFT,152917.32,41691.72,65079.84,41160.08,49310.55,1,0.2,0.226,0.397,0.585,69.83,0
C_2025_07193,Nov-2025,Marketplace,115700.55,49254.0,86254.34,55434.28,63647.54,1,0.2,0.254,0.352,0.595,70.29,0
C_2025_07194,Nov-2025,Wallet,106189.24,35572.26,71134.16,45863.64,50856.69,2,0.4,0.294,0.366,0.586,66.23,0
C_2025_07195,Nov-2025,Marketplace,118162.22,55565.42,127737.77,56454.3,79919.16,1,0.2,0.423,0.393,0.615,44.27,0
C_2025_07196,Nov-2025,Marketplace,100072.32,46258.04,113794.63,47638.44,69230.37,1,0.2,0.455,0.374,0.65,55.81,0
C_2025_07197,Nov-2025,Token,58267.06,38620.84,54845.91,46174.95,46547.23,1,0.2,0.142,0.383,0.554,75.42,0
C_2025_07198,Nov-2025,Wallet,99903.01,50528.78,68811.74,54385.11,57908.54,1,0.2,0.136,0.382,0.565,76.43,0
C_2025_07199,Nov-2025,Marketplace,93272.24,43475.71,76586.79,49828.01,56630.17,0,0.0,0.253,0.357,0.623,77.72,0
C_2025_07200,Nov-2025,Token,65862.03,24482.16,37967.42,25257.55,29235.71,2,0.4,0.211,0.386,0.609,70.01,0
C_2025_07201,Nov-2025,Energy,98674.08,37040.44,87179.03,41869.48,55362.98,1,0.2,0.408,0.384,0.619,77.99,0
C_2025_07202,Nov-2025,DeFi,125952.93,45578.33,76689.81,56088.63,59452.26,3,0.6,0.217,0.35,0.557,79.57,0
C_2025_07203,Nov-2025,DeFi,138231.4,44520.02,78419.31,55204.28,59381.2,4,0.8,0.238,0.359,0.588,92.93,0
C_2025_07204,Nov-2025,Wallet,101019.7,56885.09,89040.34,56980.23,67635.22,2,0.4,0.224,0.368,0.574,89.08,0
C_2025_07205,Nov-2025,DAO,108786.82,52096.35,104278.64,66859.07,74411.36,2,0.4,0.295,0.352,0.58,78.44,0
C_2025_07206,Nov-2025,DAO,110843.17,53816.35,77905.55,57622.53,63114.81,1,0.2,0.168,0.366,0.595,54.4,0
C_2025_07207,Nov-2025,Token,54396.54,43075.89,86008.25,48737.83,59273.99,1,0.2,0.321,0.359,0.561,43.48,0
C_2025_07208,Nov-2025,Wallet,101112.96,45089.82,96604.72,53131.8,64942.11,0,0.0,0.348,0.358,0.564,57.6,0
C_2025_07209,Nov-2025,Healthcare,120937.98,51243.4,254474.76852687393,47426.95,65353.04,8,0.6,0.6083486841313257,0.388,0.554,79.68,1
C_2025_07210,Nov-2025,DeFi,128267.54,47271.99,114989.66,55841.55,72701.07,3,0.6,0.414,0.374,0.608,42.14,0
C_2025_07211,Nov-2025,DAO,103474.68,45208.67,76750.92,48546.07,56835.22,1,0.2,0.249,0.378,0.577,68.36,0
C_2025_07212,Nov-2025,DeFi,147908.51,64667.33,95707.32,76551.97,78975.54,5,1.0,0.162,0.385,0.582,85.27,0
C_2025_07213,Nov-2025,NFT,227049.61,44881.42,69047.32,52072.59,55333.78,0,0.0,0.183,0.387,0.566,52.52,0
C_2025_07214,Nov-2025,DAO,93592.82,45404.73,68074.11,57082.48,56853.77,2,0.4,0.163,0.39,0.618,81.59,0
C_2025_07215,Nov-2025,Healthcare,122156.04,48709.06,82134.0,55545.76,62129.61,2,0.4,0.232,0.357,0.596,90.48,0
C_2025_07216,Nov-2025,NFT,155319.0,41265.23,50843.56,50766.24,47625.01,0,0.0,0.094,0.374,0.556,83.93,0
C_2025_07217,Nov-2025,NFT,192138.49,57630.74,124317.83,73542.34,85163.64,2,0.4,0.334,0.373,0.551,55.63,0
C_2025_07218,Nov-2025,DeFi,143178.5,49281.49,79443.59,57608.26,62111.12,2,0.4,0.205,0.38,0.578,75.88,0
C_2025_07219,Nov-2025,Wallet,119935.52,42162.8,79757.37,52178.0,58032.72,2,0.4,0.274,0.399,0.635,87.66,0
C_2025_07220,Nov-2025,Token,65701.4,50663.68,114484.64,63826.46,76324.93,2,0.4,0.36,0.386,0.621,85.15,0
C_2025_07221,Nov-2025,Marketplace,124800.8,50967.37,116126.49,63022.44,76705.44,1,0.2,0.369,0.375,0.602,57.86,0
C_2025_07222,Nov-2025,NFT,195548.08,48323.79,296850.47503512446,57113.77,65320.94,6,0.4,0.4775369870213109,0.397,0.594,81.16,1
C_2025_07223,Nov-2025,DAO,122876.0,54792.95,68235.57,69813.93,64280.81,4,0.8,0.105,0.375,0.628,74.53,0
C_2025_07224,Nov-2025,Token,63186.38,45865.72,92131.41,57860.54,65285.89,2,0.4,0.3,0.374,0.593,64.13,0
C_2025_07225,Nov-2025,Wallet,114294.07,41535.54,72078.19,42771.44,52128.39,1,0.2,0.271,0.388,0.567,43.09,0
C_2025_07226,Nov-2025,DeFi,111818.57,55424.06,355372.97455478436,51179.5,73155.64,6,0.2,0.5973442537666644,0.365,0.583,67.24,1
C_2025_07227,Nov-2025,Energy,137398.41,52827.44,86169.36,58786.83,65927.88,1,0.2,0.22,0.358,0.634,62.57,0
C_2025_07228,Nov-2025,Energy,107019.62,59151.78,222107.1000576779,62106.36,64635.93,5,0.4,0.17278541006368872,0.4,0.604,78.33,1
C_2025_07229,Nov-2025,Wallet,116326.66,50477.84,109843.31,52303.68,70874.94,1,0.2,0.389,0.382,0.56,55.95,0
C_2025_07230,Nov-2025,Healthcare,149032.25,48680.7,96856.57,59336.41,68291.23,0,0.0,0.303,0.361,0.637,85.71,0
C_2025_07231,Nov-2025,Token,60956.11,54462.82,69480.06,60419.2,61454.03,1,0.2,0.1,0.395,0.564,56.4,0
C_2025_07232,Nov-2025,Healthcare,100351.49,46281.23,108048.7,49291.17,67873.7,0,0.0,0.419,0.357,0.592,40.95,0
C_2025_07233,Nov-2025,DeFi,155472.72,46966.85,101364.09,58810.15,69047.03,0,0.0,0.338,0.376,0.582,70.17,0
C_2025_07234,Nov-2025,Token,56835.56,45667.19,94744.6,41802.45,60738.08,1,0.2,0.397,0.381,0.625,44.01,0
C_2025_07235,Nov-2025,Marketplace,106825.31,55934.79,139598.93,51880.23,82471.31,1,0.2,0.49,0.37,0.594,62.34,0
C_2025_07236,Nov-2025,Marketplace,124050.13,44306.29,100391.7,45823.59,63507.19,1,0.2,0.411,0.38,0.565,84.31,0
C_2025_07237,Nov-2025,Healthcare,114824.66,60566.2,131427.89,78457.58,90150.56,3,0.6,0.334,0.373,0.598,80.26,0
C_2025_07238,Nov-2025,Token,59343.66,44733.65,102114.09,47770.6,64872.78,2,0.4,0.406,0.375,0.617,41.07,0
C_2025_07239,Nov-2025,DeFi,111555.99,55789.13,129817.36,66981.64,84196.05,0,0.0,0.387,0.355,0.579,46.92,0
C_2025_07240,Nov-2025,Token,55119.5,56112.75,108497.03,68584.34,77731.37,1,0.2,0.287,0.376,0.595,62.8,0
C_2025_07241,Nov-2025,Token,44499.13,50815.35,83704.07,48067.41,60862.28,2,0.4,0.266,0.387,0.577,60.97,0
C_2025_07242,Nov-2025,DeFi,140823.68,62353.19,100954.33,72956.12,78754.55,2,0.4,0.207,0.389,0.635,85.16,0
C_2025_07243,Nov-2025,DeFi,104591.75,39892.44,92940.92,38186.64,57006.67,1,0.2,0.446,0.352,0.612,89.54,0
C_2025_07244,Nov-2025,NFT,180753.25,47116.0,79774.07,54054.09,60314.72,2,0.4,0.233,0.356,0.642,44.37,0
C_2025_07245,Nov-2025,DAO,106190.89,38401.16,87067.51,43817.66,56428.78,3,0.6,0.386,0.351,0.563,49.08,0
C_2025_07246,Nov-2025,DAO,114163.38,55071.88,79590.44,62923.92,65862.08,4,0.8,0.155,0.376,0.631,46.74,0
C_2025_07247,Nov-2025,Wallet,104836.54,42373.81,92005.44,39254.7,57877.99,1,0.2,0.418,0.374,0.596,79.29,0
C_2025_07248,Nov-2025,Token,71295.6,51962.61,74558.73,55747.18,60756.17,1,0.2,0.163,0.358,0.584,80.41,0
C_2025_07249,Nov-2025,DeFi,123081.86,44499.82,92530.54,50670.23,62566.86,0,0.0,0.341,0.397,0.565,43.38,0
C_2025_07250,Nov-2025,NFT,176473.06,46487.98,109750.5,49324.57,68521.02,2,0.4,0.426,0.374,0.575,60.99,0
C_2025_07251,Nov-2025,Token,74165.04,31887.01,57053.07,41300.68,43413.59,0,0.0,0.239,0.388,0.555,63.71,0
C_2025_07252,Nov-2025,Wallet,106473.3,64079.82,509955.51096127724,76160.0,98820.32,5,0.4,0.6794820041169902,0.381,0.648,51.78,1
C_2025_07253,Nov-2025,Token,60456.22,54217.75,96936.37,50632.09,67262.07,2,0.4,0.313,0.366,0.613,92.17,0
C_2025_07254,Nov-2025,DeFi,119740.99,45737.19,66994.54,45495.85,52742.53,3,0.6,0.191,0.387,0.566,41.65,0
C_2025_07255,Nov-2025,Energy,94311.18,53800.39,92483.32,53394.44,66559.38,2,0.4,0.275,0.362,0.558,68.19,0
C_2025_07256,Nov-2025,Healthcare,105708.58,57112.39,126518.75,52146.18,78592.44,1,0.2,0.432,0.37,0.639,60.54,0
C_2025_07257,Nov-2025,NFT,192106.41,51775.74,86347.57,54173.08,64098.8,0,0.0,0.246,0.367,0.625,86.45,0
C_2025_07258,Nov-2025,NFT,181895.19,45426.45,110164.4,53518.92,69703.26,1,0.2,0.413,0.394,0.56,48.31,0
C_2025_07259,Nov-2025,DeFi,111184.98,53129.91,79475.51,50840.19,61148.53,1,0.2,0.212,0.397,0.583,85.19,0
C_2025_07260,Nov-2025,Marketplace,110331.64,55166.29,121433.36,55519.59,77373.08,1,0.2,0.403,0.393,0.612,41.22,0
C_2025_07261,Nov-2025,Wallet,119199.96,46719.43,223528.4724961875,48923.24,55432.28,5,0.2,0.3731345718995173,0.367,0.632,86.7,1
C_2025_07262,Nov-2025,Wallet,131147.92,56381.03,355375.9163943004,51741.38,71653.78,5,0.4,0.6325487950937795,0.399,0.65,47.78,1
C_2025_07263,Nov-2025,Marketplace,112609.37,54223.13,97942.33,56276.25,69480.57,2,0.4,0.29,0.377,0.615,41.41,0
C_2025_07264,Nov-2025,Marketplace,99072.28,52139.73,125768.09,63714.9,80540.91,0,0.0,0.401,0.379,0.561,47.76,0
C_2025_07265,Nov-2025,Energy,104953.07,40033.99,93651.41,36528.22,56737.87,6,1.0,0.461,0.351,0.602,65.81,0
C_2025_07266,Nov-2025,Token,43830.07,57119.07,135859.12,71719.39,88232.52,0,0.0,0.388,0.377,0.646,72.93,0
C_2025_07267,Nov-2025,Marketplace,103950.06,59607.69,100762.26,61412.31,73927.42,0,0.0,0.257,0.396,0.585,60.19,0
C_2025_07268,Nov-2025,NFT,178324.55,62834.17,104974.2,78759.3,82189.22,4,0.8,0.211,0.355,0.561,75.53,0
C_2025_07269,Nov-2025,DeFi,115134.42,55903.48,87375.76,66189.14,69822.79,3,0.6,0.188,0.391,0.629,85.94,0
C_2025_07270,Nov-2025,DAO,115706.66,42935.49,105119.69,43039.59,63698.26,1,0.2,0.46,0.365,0.599,89.22,0
C_2025_07271,Nov-2025,Token,59865.24,59963.19,99563.38,65551.31,75025.96,1,0.2,0.233,0.377,0.556,46.36,0
C_2025_07272,Nov-2025,DeFi,114118.44,56078.38,70326.4,54154.61,60186.46,0,0.0,0.12,0.388,0.612,80.43,0
C_2025_07273,Nov-2025,DAO,99753.98,47701.53,107179.48,45610.43,66830.48,1,0.2,0.427,0.365,0.61,49.04,0
C_2025_07274,Nov-2025,DeFi,160760.74,43597.31,101563.74,45711.39,63624.15,1,0.2,0.422,0.375,0.581,53.77,0
C_2025_07275,Nov-2025,NFT,200696.77,45386.65,69380.72,56181.95,56983.11,1,0.2,0.172,0.399,0.645,63.9,0
C_2025_07276,Nov-2025,NFT,179297.76,50920.96,105152.25,66097.7,74056.97,1,0.2,0.308,0.37,0.585,62.04,0
C_2025_07277,Nov-2025,Wallet,112693.25,57512.74,371539.9697290331,58384.02,79723.33,7,0.4,0.7222565429589415,0.389,0.634,61.66,1
C_2025_07278,Nov-2025,DeFi,95144.01,58891.36,93171.93,72162.57,74741.95,2,0.4,0.189,0.359,0.614,90.8,0
C_2025_07279,Nov-2025,Healthcare,110624.67,64534.15,80684.21,82094.73,75771.03,1,0.2,0.105,0.373,0.593,92.93,0
C_2025_07280,Nov-2025,DAO,116041.31,42866.01,57388.68,43327.21,47860.63,3,0.6,0.141,0.397,0.644,58.84,0
C_2025_07281,Nov-2025,DAO,123450.49,42560.91,87263.61,44982.89,58269.14,1,0.2,0.352,0.372,0.563,75.16,0
C_2025_07282,Nov-2025,Token,57235.25,61305.27,139870.46,56981.36,86052.36,2,0.4,0.443,0.359,0.588,54.74,0
C_2025_07283,Nov-2025,Wallet,104058.24,48603.73,115177.05,52457.93,72079.57,3,0.6,0.423,0.383,0.632,53.09,0
C_2025_07284,Nov-2025,DeFi,138723.57,54799.57,134450.25,69547.5,86265.77,2,0.4,0.401,0.35,0.613,51.84,0
C_2025_07285,Nov-2025,DeFi,142201.18,55240.74,117488.61,71726.3,81485.22,2,0.4,0.323,0.399,0.642,94.27,0
C_2025_07286,Nov-2025,Token,69971.05,53006.59,116669.81,50665.47,73447.29,3,0.6,0.416,0.379,0.589,84.18,0
C_2025_07287,Nov-2025,Token,63239.19,52914.8,66114.99,51918.46,56982.75,3,0.6,0.114,0.393,0.571,53.3,0
C_2025_07288,Nov-2025,Token,57274.44,45920.69,112034.48,47491.56,68482.24,1,0.2,0.45,0.386,0.573,75.08,0
C_2025_07289,Nov-2025,Energy,126578.86,47811.93,102764.73,60921.68,70499.45,3,0.6,0.332,0.365,0.627,64.5,0
C_2025_07290,Nov-2025,DeFi,145098.56,32107.69,77578.27,29973.81,46553.26,1,0.2,0.472,0.394,0.564,44.93,0
C_2025_07291,Nov-2025,NFT,176390.8,54073.0,122943.66,58836.98,78617.88,5,1.0,0.399,0.377,0.644,51.55,0
C_2025_07292,Nov-2025,DeFi,124807.44,55590.41,68913.78,67533.18,64012.46,1,0.2,0.093,0.377,0.625,58.24,0
C_2025_07293,Nov-2025,Wallet,106141.41,41570.94,74559.19,49755.78,55295.3,0,0.0,0.254,0.391,0.6,89.71,0
C_2025_07294,Nov-2025,Marketplace,89895.07,66591.23,104736.79,62762.03,78030.01,1,0.2,0.243,0.378,0.636,65.51,0
C_2025_07295,Nov-2025,Token,71106.86,46961.52,291613.89631995244,48032.8,65384.61,4,0.0,0.724076895321296,0.365,0.562,89.69,1
C_2025_07296,Nov-2025,NFT,195001.62,52459.03,118896.77,50428.56,73928.12,2,0.4,0.43,0.353,0.585,68.1,0
C_2025_07297,Nov-2025,DAO,108732.79,44883.19,68645.98,44203.08,52577.42,1,0.2,0.216,0.354,0.61,92.13,0
C_2025_07298,Nov-2025,Marketplace,115628.17,53424.45,115162.07,68511.15,79032.55,3,0.6,0.333,0.355,0.559,80.49,0
C_2025_07299,Nov-2025,DeFi,112622.58,45981.12,257913.18955520564,54317.91,59946.72,4,0.2,0.4565320207642849,0.387,0.638,72.2,1
C_2025_07300,Nov-2025,Marketplace,129551.65,51219.98,110247.97,46226.62,69231.52,3,0.6,0.42,0.378,0.55,76.98,0
C_2025_07301,Nov-2025,DeFi,124121.67,47577.06,75937.25,55472.8,59662.37,1,0.2,0.2,0.386,0.631,87.81,0
C_2025_07302,Nov-2025,NFT,209673.25,46482.36,109269.69,58733.37,71495.14,1,0.2,0.38,0.395,0.576,83.83,0
C_2025_07303,Nov-2025,DeFi,133523.18,53203.23,110865.87,48961.39,71010.16,0,0.0,0.398,0.383,0.629,43.49,0
C_2025_07304,Nov-2025,Marketplace,112207.98,67718.01,81997.52,65052.96,71589.5,2,0.4,0.104,0.353,0.635,65.94,0
C_2025_07305,Nov-2025,Token,59212.47,50048.53,91846.76,57971.68,66622.33,0,0.0,0.272,0.395,0.628,84.1,0
C_2025_07306,Nov-2025,DeFi,99571.92,53569.83,108885.38,53042.06,71832.42,0,0.0,0.365,0.377,0.598,48.27,0
C_2025_07307,Nov-2025,Token,84848.22,62986.56,417800.8695695347,75815.91,95249.39,3,0.0,0.7673997307859256,0.391,0.647,79.41,1
C_2025_07308,Nov-2025,DAO,101688.55,56808.55,141423.38,55135.99,84455.97,2,0.4,0.477,0.364,0.594,83.5,0
C_2025_07309,Nov-2025,DeFi,128161.03,55163.45,112929.14,67039.58,78377.39,0,0.0,0.318,0.398,0.571,90.33,0
C_2025_07310,Nov-2025,Token,67298.11,56405.37,127662.54,53226.31,79098.08,3,0.6,0.434,0.387,0.58,91.89,0
C_2025_07311,Nov-2025,Healthcare,118723.47,47033.21,163648.06560742517,59571.89,54595.16,6,0.2,0.18729431949936612,0.387,0.587,66.39,1
C_2025_07312,Nov-2025,DeFi,128478.55,54486.4,67227.47,60263.66,60659.18,2,0.4,0.086,0.382,0.642,87.25,0
C_2025_07313,Nov-2025,Marketplace,97304.44,54206.7,405386.27778785815,66635.68,80387.75,7,0.4,0.6413598514133546,0.358,0.627,80.55,1
C_2025_07314,Nov-2025,Marketplace,100731.39,67140.77,148423.9,62782.76,92782.48,3,0.6,0.424,0.386,0.594,94.12,0
C_2025_07315,Nov-2025,Token,77582.21,52948.35,69935.01,57454.38,60112.58,0,0.0,0.12,0.356,0.601,59.38,0
C_2025_07316,Nov-2025,DeFi,125453.39,24733.36,121473.24196758562,25879.32,28476.41,9,0.8,0.2562670103312506,0.352,0.611,84.25,1
C_2025_07317,Nov-2025,DeFi,145261.41,68407.2,129329.32,75465.44,91067.32,2,0.4,0.299,0.372,0.603,63.04,0
C_2025_07318,Nov-2025,DAO,104167.77,47281.02,63947.86,48156.43,53128.44,4,0.8,0.144,0.391,0.61,53.9,0
C_2025_07319,Nov-2025,NFT,152003.81,49277.91,95419.77,44803.49,63167.06,0,0.0,0.362,0.386,0.578,63.1,0
C_2025_07320,Nov-2025,DeFi,113685.65,56081.72,130267.07,58366.45,81571.75,1,0.2,0.422,0.379,0.636,62.33,0
C_2025_07321,Nov-2025,DeFi,122607.61,37669.89,89512.2,38943.7,55375.26,1,0.2,0.436,0.384,0.638,72.92,0
C_2025_07322,Nov-2025,Token,66037.96,54574.86,134654.66,64916.37,84715.3,2,0.4,0.42,0.363,0.572,46.1,0
C_2025_07323,Nov-2025,DeFi,117316.09,40266.99,81017.84,48601.68,56628.84,2,0.4,0.31,0.4,0.567,61.99,0
C_2025_07324,Nov-2025,Token,60886.38,55395.97,418782.0777476822,57928.23,77957.04,4,0.0,0.6853186059620181,0.37,0.628,46.16,1
C_2025_07325,Nov-2025,Healthcare,130405.59,50907.54,110827.94,53749.95,71828.48,2,0.4,0.384,0.4,0.592,55.15,0
C_2025_07326,Nov-2025,DeFi,140896.26,59988.96,91210.71,76234.04,75811.23,2,0.4,0.168,0.359,0.614,78.56,0
C_2025_07327,Nov-2025,Token,76881.65,44783.64,111468.13,51267.39,69173.05,2,0.4,0.434,0.398,0.627,78.26,0
C_2025_07328,Nov-2025,DeFi,141277.66,64846.5,130385.62,82182.98,92471.7,0,0.0,0.3,0.358,0.639,40.45,0
C_2025_07329,Nov-2025,Healthcare,113897.85,51856.83,103521.03,59976.39,71784.75,0,0.0,0.316,0.361,0.64,85.3,0
C_2025_07330,Nov-2025,DAO,129064.41,33984.86,45571.22,36005.52,38520.53,2,0.4,0.131,0.377,0.553,48.88,0
C_2025_07331,Nov-2025,Wallet,114275.54,47275.6,68259.94,53036.24,56190.59,1,0.2,0.158,0.38,0.575,67.38,0
C_2025_07332,Nov-2025,Token,77317.38,42335.56,77725.85,43209.87,54423.76,5,1.0,0.303,0.357,0.552,79.93,0
C_2025_07333,Nov-2025,NFT,178431.17,50813.78,115423.94,58732.24,74989.99,0,0.0,0.384,0.38,0.593,52.77,0
C_2025_07334,Nov-2025,Healthcare,104780.55,52970.11,300386.9291748206,60613.78,73517.97,4,0.2,0.5982926172370631,0.356,0.553,40.72,1
C_2025_07335,Nov-2025,NFT,179111.02,48540.64,91226.86,45960.53,61909.34,2,0.4,0.335,0.388,0.597,69.31,0
C_2025_07336,Nov-2025,NFT,159029.58,51783.54,125940.78,51895.23,76539.85,2,0.4,0.456,0.381,0.649,86.85,0
C_2025_07337,Nov-2025,DeFi,125235.02,61692.83,110223.51,67505.28,79807.21,1,0.2,0.271,0.393,0.552,49.35,0
C_2025_07338,Nov-2025,Wallet,89988.76,49021.27,82123.18,50640.6,60595.01,1,0.2,0.251,0.375,0.598,84.66,0
C_2025_07339,Nov-2025,Healthcare,96720.09,42211.71,78335.8,38799.9,53115.8,0,0.0,0.337,0.39,0.599,43.66,0
C_2025_07340,Nov-2025,DeFi,98890.17,40277.14,61220.24,42244.33,47913.91,0,0.0,0.197,0.372,0.591,73.41,0
C_2025_07341,Nov-2025,DeFi,152668.59,33958.16,64897.05,39545.51,46133.57,1,0.2,0.292,0.36,0.563,85.74,0
C_2025_07342,Nov-2025,Marketplace,81042.59,45064.87,108474.26,53352.44,68963.86,1,0.2,0.408,0.36,0.598,75.88,0
C_2025_07343,Nov-2025,DeFi,120355.44,48763.94,101816.06,58980.01,69853.34,2,0.4,0.329,0.396,0.622,43.52,0
C_2025_07344,Nov-2025,DeFi,123757.69,50565.1,75568.59,46943.69,57692.46,0,0.0,0.221,0.374,0.58,44.84,0
C_2025_07345,Nov-2025,Healthcare,132316.58,48719.82,61828.52,61044.04,57197.46,2,0.4,0.105,0.37,0.584,46.37,0
C_2025_07346,Nov-2025,NFT,170357.73,45913.01,94910.61,46618.13,62480.58,2,0.4,0.367,0.372,0.6,53.76,0
C_2025_07347,Nov-2025,DAO,98019.53,50284.51,85624.35,54273.09,63393.98,2,0.4,0.249,0.359,0.553,67.83,0
C_2025_07348,Nov-2025,NFT,215867.14,47483.8,76335.38,43302.67,55707.29,3,0.6,0.264,0.377,0.607,87.71,0
C_2025_07349,Nov-2025,DAO,120405.38,56076.84,73855.94,53759.92,61230.9,3,0.6,0.147,0.378,0.599,87.01,0
C_2025_07350,Nov-2025,Token,60798.61,41311.81,57655.3,44645.39,47870.83,3,0.6,0.147,0.373,0.634,86.06,0
C_2025_07351,Nov-2025,Token,65128.82,52414.08,167415.58692096596,66022.05,60491.39,7,0.6,0.15378642532706338,0.357,0.62,47.72,1
C_2025_07352,Nov-2025,Token,64427.51,54790.64,67943.65,52612.02,58448.77,1,0.2,0.116,0.387,0.571,75.67,0
C_2025_07353,Nov-2025,Marketplace,132224.48,52544.99,125513.04,56491.17,78183.07,0,0.0,0.429,0.396,0.594,67.36,0
C_2025_07354,Nov-2025,NFT,180286.25,58736.82,93502.28,65568.62,72602.57,2,0.4,0.207,0.378,0.642,42.5,0
C_2025_07355,Nov-2025,Marketplace,103349.81,41188.99,85755.84,50940.02,59294.95,0,0.0,0.323,0.362,0.632,48.16,0
C_2025_07356,Nov-2025,NFT,192767.64,42705.73,60471.59,52579.87,51919.07,1,0.2,0.14,0.357,0.618,88.62,0
C_2025_07357,Nov-2025,DeFi,113526.85,59217.13,124855.66,65374.35,83149.04,2,0.4,0.356,0.355,0.578,70.99,0
C_2025_07358,Nov-2025,NFT,134618.96,44584.0,256978.3556668413,48224.43,56891.57,7,0.4,0.5104861328882382,0.397,0.573,81.52,1
C_2025_07359,Nov-2025,DeFi,124844.81,51113.5,109505.47,64425.96,75014.98,3,0.6,0.333,0.358,0.576,69.22,0
C_2025_07360,Nov-2025,DAO,128916.39,40870.53,72724.84,49453.71,54349.69,5,1.0,0.248,0.381,0.552,80.91,0
C_2025_07361,Nov-2025,Marketplace,95855.78,53382.68,282080.29994675575,65696.5,71878.6,5,0.0,0.4307164584021698,0.377,0.55,83.36,1
C_2025_07362,Nov-2025,NFT,165920.45,40169.19,75892.33,38479.86,51513.79,2,0.4,0.335,0.387,0.639,90.2,0
C_2025_07363,Nov-2025,NFT,136288.23,42412.26,102130.2,39067.43,61203.3,1,0.2,0.473,0.373,0.645,71.96,0
C_2025_07364,Nov-2025,Token,59228.16,50308.76,78508.96,45339.28,58052.33,2,0.4,0.252,0.368,0.631,47.72,0
C_2025_07365,Nov-2025,DeFi,133542.1,37693.69,171281.85347620377,39694.57,43241.11,7,0.8,0.27339822692890686,0.392,0.562,90.69,1
C_2025_07366,Nov-2025,Healthcare,103862.27,53705.63,75645.64,50150.95,59834.07,1,0.2,0.188,0.376,0.611,41.71,0
C_2025_07367,Nov-2025,Marketplace,112811.76,45898.68,310228.62982874335,47907.61,66492.65,5,0.0,0.66034501708133,0.365,0.591,74.66,1
C_2025_07368,Nov-2025,DAO,120600.48,48388.71,83304.84,47060.41,59584.65,1,0.2,0.282,0.389,0.637,50.19,0
C_2025_07369,Nov-2025,Healthcare,117595.73,45721.1,87600.36,48539.63,60620.36,0,0.0,0.315,0.384,0.632,65.36,0
C_2025_07370,Nov-2025,Healthcare,128945.23,47345.89,87597.19,57489.51,64144.19,0,0.0,0.266,0.393,0.576,49.31,0
C_2025_07371,Nov-2025,Energy,131309.06,54636.27,117080.25,55569.12,75761.88,4,0.8,0.386,0.379,0.587,62.84,0
C_2025_07372,Nov-2025,DAO,101913.41,35932.45,89346.57,37562.55,54280.52,1,0.2,0.457,0.373,0.558,81.98,0
C_2025_07373,Nov-2025,NFT,150200.04,60473.46,113829.08,75524.62,83275.72,0,0.0,0.27,0.397,0.597,87.28,0
C_2025_07374,Nov-2025,Energy,118564.99,56904.8,71481.05,72622.77,67002.87,1,0.2,0.107,0.356,0.606,43.24,0
C_2025_07375,Nov-2025,DAO,117930.8,61401.92,90350.81,60628.64,70793.79,2,0.4,0.195,0.352,0.637,84.77,0
C_2025_07376,Nov-2025,Marketplace,109943.97,65539.26,91012.06,61665.45,72738.92,3,0.6,0.179,0.387,0.569,66.65,0
C_2025_07377,Nov-2025,Energy,93702.08,44752.3,88476.39,49889.39,61039.36,2,0.4,0.32,0.369,0.582,82.3,0
C_2025_07378,Nov-2025,DeFi,126442.08,53975.66,75429.33,64929.38,64778.12,0,0.0,0.135,0.371,0.636,92.48,0
C_2025_07379,Nov-2025,Token,58340.17,41798.32,80981.16,41406.27,54728.58,0,0.0,0.339,0.371,0.557,89.18,0
C_2025_07380,Nov-2025,DeFi,111581.69,40051.65,89266.52,41518.32,56945.5,1,0.2,0.401,0.376,0.627,64.74,0
C_2025_07381,Nov-2025,Wallet,111704.57,47946.06,88329.76,49219.82,61831.88,2,0.4,0.303,0.38,0.585,42.06,0
C_2025_07382,Nov-2025,NFT,175618.47,48556.55,78475.64,57361.14,61464.45,3,0.6,0.204,0.371,0.649,56.87,0
C_2025_07383,Nov-2025,NFT,231301.36,66091.6,116112.39,62692.25,81632.08,1,0.2,0.299,0.395,0.616,55.83,0
C_2025_07384,Nov-2025,Marketplace,123565.08,51682.99,124802.27,48065.92,74850.39,5,1.0,0.472,0.392,0.58,90.46,0
C_2025_07385,Nov-2025,DeFi,134078.02,70676.84,161592.72,88755.82,107008.46,1,0.2,0.367,0.38,0.632,69.99,0
C_2025_07386,Nov-2025,DAO,80964.51,55973.25,71175.55,64539.35,63896.05,1,0.2,0.097,0.39,0.591,40.86,0
C_2025_07387,Nov-2025,DeFi,132203.58,58759.18,94556.97,67779.8,73698.65,1,0.2,0.206,0.382,0.579,84.2,0
C_2025_07388,Nov-2025,DeFi,127671.04,49585.86,102255.62,51464.4,67768.63,0,0.0,0.36,0.355,0.57,53.06,0
C_2025_07389,Nov-2025,Wallet,117403.72,55144.6,101617.08,61835.3,72865.66,4,0.8,0.282,0.394,0.643,83.92,0
C_2025_07390,Nov-2025,Marketplace,114236.19,62485.11,102465.29,62250.98,75733.79,0,0.0,0.25,0.386,0.628,59.73,0
C_2025_07391,Nov-2025,NFT,183265.1,49561.76,103116.58,47064.11,66580.82,1,0.2,0.388,0.382,0.573,49.73,0
C_2025_07392,Nov-2025,DAO,120695.87,44452.23,170544.47597204175,52485.29,54752.45,5,0.4,0.29864252046139395,0.357,0.581,50.45,1
C_2025_07393,Nov-2025,DeFi,135643.77,35614.49,139499.41338089755,32968.78,37432.23,8,0.6,0.19525795004934066,0.35,0.624,66.19,1
C_2025_07394,Nov-2025,DAO,68238.3,55137.13,124308.57,67349.04,82264.91,1,0.2,0.366,0.382,0.636,87.77,0
C_2025_07395,Nov-2025,DeFi,138754.1,47151.06,113254.13,44503.75,68302.98,2,0.4,0.466,0.385,0.563,85.1,0
C_2025_07396,Nov-2025,Marketplace,110794.67,46797.01,69866.43,54611.52,57091.65,3,0.6,0.168,0.376,0.582,80.08,0
C_2025_07397,Nov-2025,DAO,98413.53,48441.59,99743.42,43811.83,63998.95,2,0.4,0.396,0.375,0.63,89.75,0
C_2025_07398,Nov-2025,DeFi,112481.73,51612.01,410534.0354746566,61919.11,79530.97,4,0.2,0.6675810824419693,0.352,0.569,82.77,1
C_2025_07399,Nov-2025,Token,61540.47,39948.91,57757.83,50404.39,49370.37,3,0.6,0.148,0.35,0.574,54.7,0
C_2025_07400,Nov-2025,DeFi,111815.39,51213.83,66597.43,49705.23,55838.83,1,0.2,0.137,0.36,0.567,82.48,0
C_2025_07401,Nov-2025,DAO,115644.06,45735.41,85096.99,55026.18,61952.86,2,0.4,0.271,0.388,0.566,88.55,0
C_2025_07402,Nov-2025,NFT,174160.49,46279.66,80879.99,53199.23,60119.63,3,0.6,0.249,0.362,0.63,52.54,0
C_2025_07403,Nov-2025,NFT,176808.8,57191.59,74716.45,51945.07,61284.37,2,0.4,0.159,0.362,0.645,76.09,0
C_2025_07404,Nov-2025,NFT,171149.9,40043.61,95446.64,45988.88,60493.04,1,0.2,0.411,0.386,0.578,71.13,0
C_2025_07405,Nov-2025,Healthcare,124116.41,66995.89,101863.28,79276.9,82712.02,2,0.4,0.175,0.367,0.585,83.51,0
C_2025_07406,Nov-2025,Token,71098.56,50189.78,109210.39,55971.74,71790.64,0,0.0,0.37,0.361,0.566,64.36,0
C_2025_07407,Nov-2025,NFT,193728.49,56428.32,74767.33,61978.85,64391.5,1,0.2,0.119,0.365,0.598,68.41,0
C_2025_07408,Nov-2025,DeFi,105018.17,60831.48,147737.2,62993.15,90520.61,3,0.6,0.447,0.393,0.599,77.37,0
C_2025_07409,Nov-2025,DeFi,122413.21,51015.66,72349.16,57827.62,60397.48,3,0.6,0.147,0.358,0.616,70.94,0
C_2025_07410,Nov-2025,Wallet,106481.84,46695.12,81509.59,58158.93,62121.22,0,0.0,0.233,0.359,0.622,93.67,0
C_2025_07411,Nov-2025,DeFi,99692.81,44318.99,67813.5,40768.88,50967.12,0,0.0,0.235,0.355,0.599,93.8,0
C_2025_07412,Nov-2025,NFT,184384.84,60609.59,111074.94,69511.49,80398.67,1,0.2,0.274,0.379,0.603,91.95,0
C_2025_07413,Nov-2025,Token,74642.7,55283.95,73003.13,66582.6,64956.56,4,0.8,0.113,0.391,0.59,63.43,0
C_2025_07414,Nov-2025,Wallet,95168.01,56423.72,140529.84,58211.94,85055.17,0,0.0,0.461,0.366,0.636,57.27,0
C_2025_07415,Nov-2025,Marketplace,117599.84,51296.03,78891.04,48861.84,59682.97,0,0.0,0.228,0.372,0.56,64.96,0
C_2025_07416,Nov-2025,Marketplace,114389.68,53825.35,105293.75,66752.53,75290.55,0,0.0,0.29,0.38,0.562,66.52,0
C_2025_07417,Nov-2025,DeFi,104435.7,47878.75,109106.62,47461.78,68149.05,2,0.4,0.425,0.352,0.62,40.7,0
C_2025_07418,Nov-2025,DeFi,121497.18,56222.58,76238.22,59979.17,64146.66,1,0.2,0.135,0.356,0.552,78.71,0
C_2025_07419,Nov-2025,DAO,108291.92,57934.68,139202.78,62988.89,86708.78,3,0.6,0.429,0.383,0.552,64.1,0
C_2025_07420,Nov-2025,Wallet,95500.18,55536.61,108185.15,59338.52,74353.43,1,0.2,0.322,0.381,0.629,54.82,0
C_2025_07421,Nov-2025,Token,63290.95,52641.77,104362.27,48575.61,68526.55,1,0.2,0.371,0.367,0.636,89.14,0
C_2025_07422,Nov-2025,DAO,102347.59,60307.57,117740.86,59679.86,79242.76,2,0.4,0.344,0.379,0.561,77.77,0
C_2025_07423,Nov-2025,Wallet,112722.53,39372.6,67337.42,44353.15,50354.39,1,0.2,0.242,0.357,0.628,43.86,0
C_2025_07424,Nov-2025,DeFi,116874.1,33006.61,47983.96,34786.61,38592.4,1,0.2,0.173,0.382,0.553,50.87,0
C_2025_07425,Nov-2025,Marketplace,127485.35,61341.32,94762.61,71966.84,76023.59,2,0.4,0.183,0.399,0.624,53.66,0
C_2025_07426,Nov-2025,Token,71037.56,44198.87,75333.19,41396.88,53642.98,0,0.0,0.287,0.371,0.591,78.88,0
C_2025_07427,Nov-2025,Token,76731.74,53247.45,85892.28,61218.62,66786.12,1,0.2,0.208,0.385,0.622,83.67,0
C_2025_07428,Nov-2025,DeFi,121401.03,37312.08,56401.72,38186.41,43966.74,4,0.8,0.2,0.4,0.634,66.55,0
C_2025_07429,Nov-2025,NFT,165223.17,48247.75,87050.52,50370.84,61889.7,1,0.2,0.288,0.392,0.592,65.84,0
C_2025_07430,Nov-2025,Energy,123328.99,47365.43,71459.73,44460.17,54428.45,4,0.8,0.222,0.364,0.593,48.19,0
C_2025_07431,Nov-2025,Wallet,108907.29,36250.5,50324.19,44102.82,43559.17,0,0.0,0.132,0.366,0.602,91.09,0
C_2025_07432,Nov-2025,DeFi,104256.81,54917.1,91044.19,56875.64,67612.31,0,0.0,0.245,0.357,0.598,54.86,0
C_2025_07433,Nov-2025,Token,64288.03,48975.05,91923.42,49110.09,63336.19,1,0.2,0.319,0.384,0.574,65.97,0
C_2025_07434,Nov-2025,NFT,190272.61,58510.87,75483.58,61087.0,65027.15,1,0.2,0.115,0.36,0.613,55.61,0
C_2025_07435,Nov-2025,Wallet,113133.65,33861.8,73674.97,37224.8,48253.86,1,0.2,0.374,0.388,0.604,84.92,0
C_2025_07436,Nov-2025,Token,63449.77,34098.31,77426.24,42033.41,51185.99,2,0.4,0.368,0.37,0.647,41.7,0
C_2025_07437,Nov-2025,DAO,91719.88,42592.71,102924.8,40027.83,61848.45,2,0.4,0.47,0.357,0.555,48.74,0
C_2025_07438,Nov-2025,DeFi,126108.8,56184.88,120440.06,69153.34,81926.09,1,0.2,0.339,0.361,0.644,80.69,0
C_2025_07439,Nov-2025,Token,65427.88,60129.48,102879.91,69779.63,77596.34,1,0.2,0.236,0.367,0.566,69.12,0
C_2025_07440,Nov-2025,Marketplace,140416.15,54433.62,73544.76,68911.28,65629.89,1,0.2,0.124,0.354,0.614,58.78,0
C_2025_07441,Nov-2025,Wallet,120823.36,46159.7,76102.86,53216.26,58492.94,1,0.2,0.219,0.367,0.644,58.23,0
C_2025_07442,Nov-2025,Token,68653.88,52872.36,68329.56,61609.11,60937.01,2,0.4,0.104,0.358,0.582,78.92,0
C_2025_07443,Nov-2025,DeFi,114715.42,52299.52,129936.24,66687.93,82974.56,1,0.2,0.406,0.363,0.606,83.01,0
C_2025_07444,Nov-2025,DeFi,140521.86,34133.99,60944.87,41100.04,45392.97,3,0.6,0.25,0.376,0.596,46.97,0
C_2025_07445,Nov-2025,Marketplace,102876.92,43328.52,86407.16,53344.78,61026.82,3,0.6,0.302,0.37,0.641,65.7,0
C_2025_07446,Nov-2025,DeFi,142313.17,50067.9,77087.93,63679.52,63611.78,0,0.0,0.173,0.354,0.598,45.85,0
C_2025_07447,Nov-2025,Token,59123.36,42035.72,76754.91,44398.36,54396.33,4,0.8,0.291,0.38,0.565,64.9,0
C_2025_07448,Nov-2025,Wallet,132912.95,46901.92,107202.07,48224.6,67442.86,0,0.0,0.417,0.352,0.637,66.75,0
C_2025_07449,Nov-2025,DeFi,113153.09,50712.16,88347.51,56109.52,65056.4,1,0.2,0.255,0.351,0.609,51.02,0
C_2025_07450,Nov-2025,DeFi,133911.52,57603.26,110790.57,63471.52,77288.45,0,0.0,0.308,0.398,0.647,57.67,0
C_2025_07451,Nov-2025,NFT,167000.65,52321.24,115875.19,53081.61,73759.35,1,0.2,0.404,0.37,0.562,72.62,0
C_2025_07452,Nov-2025,DeFi,125802.62,38462.04,57705.13,47809.63,47992.27,2,0.4,0.164,0.359,0.608,70.53,0
C_2025_07453,Nov-2025,DeFi,107394.6,57245.75,323090.1041700292,56957.92,68903.5,7,0.6,0.41732819724459036,0.383,0.626,58.84,1
C_2025_07454,Nov-2025,DeFi,137267.31,43265.38,86292.22,48900.58,59486.06,0,0.0,0.321,0.363,0.612,73.75,0
C_2025_07455,Nov-2025,NFT,205426.29,52483.8,118563.76,53040.43,74696.0,0,0.0,0.415,0.36,0.578,92.13,0
C_2025_07456,Nov-2025,Token,60360.47,40919.5,55799.25,38519.34,45079.36,0,0.0,0.17,0.367,0.602,51.04,0
C_2025_07457,Nov-2025,Marketplace,111662.38,55548.71,130571.92,53300.52,79807.05,0,0.0,0.45,0.392,0.607,91.62,0
C_2025_07458,Nov-2025,DAO,112923.19,54082.7,121649.21,55078.12,76936.68,0,0.0,0.411,0.374,0.649,89.91,0
C_2025_07459,Nov-2025,DeFi,143611.45,45852.37,104182.48,44660.29,64898.38,2,0.4,0.428,0.377,0.579,69.24,0
C_2025_07460,Nov-2025,NFT,166701.58,51408.24,126335.64,49666.61,75803.5,1,0.2,0.471,0.352,0.605,87.85,0
C_2025_07461,Nov-2025,DeFi,125624.23,55384.51,106694.69,67055.08,76378.09,1,0.2,0.288,0.368,0.588,45.18,0
C_2025_07462,Nov-2025,Marketplace,96270.76,47486.96,75582.68,49011.89,57360.51,4,0.8,0.225,0.39,0.633,80.65,0
C_2025_07463,Nov-2025,Token,58129.65,64221.55,124426.62,62775.71,83807.96,4,0.8,0.343,0.385,0.645,90.48,0
C_2025_07464,Nov-2025,Token,59921.43,46425.97,111655.15,55690.55,71257.22,2,0.4,0.404,0.382,0.611,58.72,0
C_2025_07465,Nov-2025,NFT,143178.48,49296.75,102549.53,52614.24,68153.51,0,0.0,0.357,0.398,0.6,78.81,0
C_2025_07466,Nov-2025,Wallet,106278.63,47982.97,113870.71,54526.55,72126.74,2,0.4,0.411,0.396,0.571,48.69,0
C_2025_07467,Nov-2025,Token,64113.11,51573.27,119713.42,62352.35,77879.68,1,0.2,0.384,0.388,0.61,53.97,0
C_2025_07468,Nov-2025,DeFi,134841.65,54567.49,369338.39283578785,58659.4,81070.0,5,0.0,0.8235385854842858,0.396,0.61,73.33,1
C_2025_07469,Nov-2025,NFT,158621.65,69996.81,107204.04,80160.96,85787.27,2,0.4,0.183,0.363,0.628,82.63,0
C_2025_07470,Nov-2025,Token,60306.6,45713.24,76674.01,42292.35,54893.2,3,0.6,0.282,0.382,0.645,92.73,0
C_2025_07471,Nov-2025,Marketplace,110521.2,54525.63,115077.47,68977.04,79526.71,1,0.2,0.325,0.358,0.641,75.62,0
C_2025_07472,Nov-2025,Wallet,112892.75,39687.58,64556.34,38055.34,47433.09,0,0.0,0.256,0.378,0.606,83.45,0
C_2025_07473,Nov-2025,Healthcare,113428.68,48614.7,91113.51,47723.55,62483.92,2,0.4,0.324,0.394,0.566,90.27,0
C_2025_07474,Nov-2025,Token,70568.21,49114.18,114234.78,57168.25,73505.74,1,0.2,0.394,0.38,0.605,58.38,0
C_2025_07475,Nov-2025,DAO,119378.59,50081.9,60443.72,53429.86,54651.83,3,0.6,0.079,0.378,0.64,40.36,0
C_2025_07476,Nov-2025,NFT,166870.94,50426.01,123977.95,51841.16,75415.04,1,0.2,0.455,0.395,0.65,43.76,0
C_2025_07477,Nov-2025,Energy,100598.87,61016.83,84251.72,64810.55,70026.37,2,0.4,0.145,0.392,0.637,58.64,0
C_2025_07478,Nov-2025,NFT,194693.91,39231.74,57542.45,42898.89,46557.69,0,0.0,0.17,0.365,0.58,78.22,0
C_2025_07479,Nov-2025,NFT,185892.9,47619.37,117998.89,44401.48,70006.58,1,0.2,0.485,0.368,0.577,61.05,0
C_2025_07480,Nov-2025,NFT,166307.57,44337.44,96308.16,46005.35,62216.98,0,0.0,0.388,0.355,0.585,75.39,0
C_2025_07481,Nov-2025,Token,61103.7,37606.14,91688.21,42154.42,57149.59,1,0.2,0.429,0.378,0.648,53.96,0
C_2025_07482,Nov-2025,NFT,181234.53,43729.67,66754.77,47129.95,52538.13,2,0.4,0.193,0.365,0.556,90.94,0
C_2025_07483,Nov-2025,NFT,173698.64,58126.59,136445.01,67948.56,87506.72,1,0.2,0.398,0.384,0.609,73.78,0
C_2025_07484,Nov-2025,Token,76955.1,44996.03,58753.37,53566.13,52438.51,2,0.4,0.108,0.376,0.562,55.68,0
C_2025_07485,Nov-2025,DAO,131477.81,43495.09,62780.02,41897.44,49390.85,2,0.4,0.192,0.352,0.565,89.56,0
C_2025_07486,Nov-2025,Wallet,116815.73,51863.16,107052.26,66700.94,75205.45,2,0.4,0.31,0.35,0.553,47.99,0
C_2025_07487,Nov-2025,Wallet,76814.62,53544.17,101823.54,65334.4,73567.37,3,0.6,0.279,0.365,0.584,57.81,0
C_2025_07488,Nov-2025,Wallet,101561.04,48582.91,98305.69,54763.46,67217.36,1,0.2,0.329,0.355,0.605,42.01,0
C_2025_07489,Nov-2025,Healthcare,128648.36,55419.94,98127.48,64673.13,72740.19,4,0.8,0.252,0.374,0.596,61.56,0
C_2025_07490,Nov-2025,Token,70449.04,52325.18,126084.18,59243.86,79217.74,0,0.0,0.42,0.394,0.625,53.83,0
C_2025_07491,Nov-2025,Token,63966.46,61207.67,144074.97,61149.18,88810.61,2,0.4,0.44,0.378,0.622,48.6,0
C_2025_07492,Nov-2025,Token,49821.46,52471.28,110458.81,58560.89,73830.33,1,0.2,0.352,0.357,0.605,49.96,0
C_2025_07493,Nov-2025,Token,80736.72,49891.61,112391.0,47756.39,70013.0,2,0.4,0.428,0.357,0.602,86.07,0
C_2025_07494,Nov-2025,NFT,200819.68,48491.05,118604.44,46738.63,71278.04,1,0.2,0.47,0.357,0.613,45.94,0
C_2025_07495,Nov-2025,NFT,218676.42,45524.56,84198.59,53665.62,61129.59,3,0.6,0.272,0.375,0.589,52.43,0
C_2025_07496,Nov-2025,Token,61630.37,50205.19,250903.1770654042,61684.18,70552.95,5,0.4,0.5785923077421724,0.358,0.564,70.71,1
C_2025_07497,Nov-2025,DeFi,127690.58,45037.38,106385.53,57618.63,69680.51,2,0.4,0.38,0.37,0.582,80.67,0
C_2025_07498,Nov-2025,Token,61133.78,70114.47,256437.24816545757,65034.31,76157.6,6,0.4,0.2935349182846482,0.395,0.632,47.74,1
C_2025_07499,Nov-2025,Wallet,117563.93,58421.31,132992.47,72287.13,87900.3,1,0.2,0.368,0.378,0.58,59.23,0
C_2025_07500,Nov-2025,Token,73249.6,44382.81,110562.28,57149.55,70698.21,2,0.4,0.405,0.393,0.584,45.87,0
C_2025_07501,Nov-2025,NFT,154444.77,40844.14,87162.67,39529.65,55845.49,1,0.2,0.397,0.392,0.622,64.06,0
C_2025_07502,Nov-2025,DeFi,111828.2,47967.0,232786.85050603148,60569.37,63357.13,3,0.0,0.4248268980936668,0.388,0.555,57.14,1
C_2025_07503,Nov-2025,Wallet,107766.56,59389.5,398276.0650928051,55910.26,80273.2,6,0.6,0.6178672946366078,0.395,0.607,84.98,1
C_2025_07504,Nov-2025,Marketplace,102282.18,44911.94,97938.16,52037.4,64962.5,1,0.2,0.362,0.37,0.576,43.75,0
C_2025_07505,Nov-2025,Marketplace,102779.39,46242.36,97383.63,52755.96,65460.65,2,0.4,0.347,0.375,0.568,53.94,0
C_2025_07506,Nov-2025,NFT,194694.57,33193.71,46291.16,41140.9,40208.59,0,0.0,0.134,0.382,0.605,86.71,0
C_2025_07507,Nov-2025,Wallet,96495.27,42152.99,96966.09,41670.86,60263.32,1,0.2,0.431,0.394,0.634,83.31,0
C_2025_07508,Nov-2025,Wallet,103655.33,49922.61,68504.05,54048.32,57491.66,0,0.0,0.139,0.353,0.563,54.35,0
C_2025_07509,Nov-2025,NFT,152457.88,43569.41,86402.84,39551.03,56507.76,0,0.0,0.375,0.355,0.616,58.12,0
C_2025_07510,Nov-2025,Marketplace,117360.17,49318.4,72007.61,45771.36,55699.12,1,0.2,0.209,0.357,0.591,76.83,0
C_2025_07511,Nov-2025,Token,69032.33,47242.01,78950.01,60168.33,62120.11,3,0.6,0.21,0.393,0.588,59.99,0
C_2025_07512,Nov-2025,NFT,161944.02,55935.58,347804.1841895279,52066.79,75755.14,7,0.6,0.8049211473657951,0.377,0.622,59.74,1
C_2025_07513,Nov-2025,Token,65001.06,49746.33,86810.42,55371.71,63976.15,1,0.2,0.255,0.375,0.575,65.26,0
C_2025_07514,Nov-2025,DeFi,111663.15,38390.59,74983.32,45141.36,52838.42,0,0.0,0.301,0.394,0.586,75.4,0
C_2025_07515,Nov-2025,Token,66526.12,41935.25,87309.08,40382.61,56542.31,3,0.6,0.385,0.393,0.557,46.33,0
C_2025_07516,Nov-2025,NFT,153894.79,56796.98,102070.61,63360.67,74076.09,1,0.2,0.27,0.387,0.574,80.62,0
C_2025_07517,Nov-2025,NFT,177203.1,58850.01,124661.34,53834.52,79115.29,0,0.0,0.408,0.36,0.586,50.05,0
C_2025_07518,Nov-2025,DeFi,109288.56,56681.77,401919.8097519643,63724.0,83581.38,7,0.8,0.6373328184965903,0.381,0.587,63.24,1
C_2025_07519,Nov-2025,Token,56590.2,53782.25,122416.96,68597.55,81598.92,0,0.0,0.361,0.351,0.564,81.79,0
C_2025_07520,Nov-2025,DAO,106738.73,43325.62,55546.08,46489.39,48453.7,2,0.4,0.107,0.397,0.603,87.26,0
C_2025_07521,Nov-2025,NFT,178223.52,36176.17,51988.48,40721.7,42962.12,1,0.2,0.155,0.384,0.566,56.46,0
C_2025_07522,Nov-2025,Energy,101419.4,54060.78,102239.1,61395.22,72565.03,0,0.0,0.292,0.364,0.611,65.37,0
C_2025_07523,Nov-2025,DeFi,143692.99,53293.7,73307.85,49470.04,58690.53,3,0.6,0.178,0.38,0.605,66.96,0
C_2025_07524,Nov-2025,Energy,104803.78,53381.45,111330.84,63872.82,76195.04,3,0.6,0.331,0.375,0.623,40.94,0
C_2025_07525,Nov-2025,DeFi,120998.98,44615.14,108026.8,45405.37,66015.77,2,0.4,0.45,0.375,0.606,87.76,0
C_2025_07526,Nov-2025,Marketplace,107966.23,47605.01,93453.89,51120.41,64059.77,1,0.2,0.325,0.398,0.552,48.08,0
C_2025_07527,Nov-2025,Marketplace,110639.12,47804.07,58168.85,51705.19,52559.37,1,0.2,0.081,0.368,0.588,59.92,0
C_2025_07528,Nov-2025,DeFi,138293.38,53652.43,94476.7,67326.43,71818.52,2,0.4,0.236,0.352,0.558,64.31,0
C_2025_07529,Nov-2025,DAO,98078.97,31190.26,57816.35,37682.91,42229.84,0,0.0,0.268,0.366,0.567,88.31,0
C_2025_07530,Nov-2025,Energy,111102.02,48726.18,86326.39,57781.53,64278.03,2,0.4,0.249,0.383,0.65,80.12,0
C_2025_07531,Nov-2025,Token,69255.3,59687.27,100193.36,69348.12,76409.58,0,0.0,0.226,0.374,0.607,89.87,0
C_2025_07532,Nov-2025,DeFi,148027.8,54278.18,102986.5,50927.49,69397.39,1,0.2,0.343,0.383,0.557,70.23,0
C_2025_07533,Nov-2025,DeFi,126430.33,42901.23,75215.43,46364.87,54827.17,1,0.2,0.264,0.363,0.614,91.9,0
C_2025_07534,Nov-2025,Token,72129.82,52246.59,128470.58,65494.32,82070.49,4,0.8,0.405,0.4,0.56,92.7,0
C_2025_07535,Nov-2025,Wallet,105528.82,49568.59,111228.02,53419.41,71405.34,1,0.2,0.395,0.399,0.617,42.64,0
C_2025_07536,Nov-2025,NFT,175435.63,53459.72,88746.48,68191.63,70132.61,3,0.6,0.206,0.366,0.643,60.25,0
C_2025_07537,Nov-2025,Token,68648.84,33765.97,200981.9970455773,41988.63,45309.9,3,0.0,0.422373761131486,0.383,0.62,88.41,1
C_2025_07538,Nov-2025,DeFi,104969.21,44515.67,89678.12,52972.32,62388.71,0,0.0,0.314,0.358,0.576,53.64,0
C_2025_07539,Nov-2025,DeFi,133014.57,63125.76,120704.54,57184.42,80338.24,3,0.6,0.357,0.385,0.604,77.26,0
C_2025_07540,Nov-2025,Marketplace,99266.03,53680.47,87362.44,48693.77,63245.56,3,0.6,0.272,0.375,0.625,45.7,0
C_2025_07541,Nov-2025,DeFi,139618.34,59636.43,147924.7,57033.08,88198.07,3,0.6,0.479,0.356,0.646,43.95,0
C_2025_07542,Nov-2025,Marketplace,112012.2,58899.47,140555.8,63060.58,87505.28,1,0.2,0.429,0.373,0.635,46.51,0
C_2025_07543,Nov-2025,DeFi,123104.82,63318.72,118227.41,71652.27,84399.47,1,0.2,0.286,0.351,0.593,54.79,0
C_2025_07544,Nov-2025,DeFi,151050.68,56911.29,105562.95,65310.52,75928.25,1,0.2,0.28,0.392,0.556,62.57,0
C_2025_07545,Nov-2025,Marketplace,113819.85,43897.22,71256.78,40756.85,51970.29,0,0.0,0.264,0.362,0.617,79.5,0
C_2025_07546,Nov-2025,DeFi,137720.34,50839.47,97549.99,60229.37,69539.61,1,0.2,0.29,0.397,0.557,81.79,0
C_2025_07547,Nov-2025,Token,67000.5,40073.16,89506.86,51285.22,60288.41,2,0.4,0.351,0.388,0.629,44.09,0
C_2025_07548,Nov-2025,DeFi,135735.68,50744.45,112694.98,45818.64,69752.69,1,0.2,0.436,0.385,0.606,44.25,0
C_2025_07549,Nov-2025,Token,70680.82,53996.18,79238.59,50052.81,61095.86,4,0.8,0.212,0.398,0.628,62.66,0
C_2025_07550,Nov-2025,NFT,188209.32,47418.38,59700.53,46742.17,51287.03,0,0.0,0.116,0.368,0.606,79.6,0
C_2025_07551,Nov-2025,Token,76790.47,66875.91,120110.2,78768.66,88584.92,3,0.6,0.258,0.379,0.566,92.73,0
C_2025_07552,Nov-2025,Token,74542.34,53807.94,68418.32,67729.67,63318.64,2,0.4,0.106,0.386,0.558,43.07,0
C_2025_07553,Nov-2025,Marketplace,115965.5,44013.66,100588.96,42772.86,62458.49,3,0.6,0.432,0.353,0.635,59.91,0
C_2025_07554,Nov-2025,DeFi,142392.16,25998.93,59088.21,24189.41,36425.52,2,0.4,0.44,0.367,0.643,54.75,0
C_2025_07555,Nov-2025,DeFi,122739.28,25584.82,54644.64,28337.6,36189.02,2,0.4,0.362,0.373,0.572,84.93,0
C_2025_07556,Nov-2025,DeFi,139450.01,60493.99,113639.86,59489.69,77874.51,1,0.2,0.325,0.369,0.635,72.76,0
C_2025_07557,Nov-2025,DeFi,151134.72,47625.39,118414.26,46459.78,70833.14,0,0.0,0.475,0.373,0.579,76.67,0
C_2025_07558,Nov-2025,Token,59224.01,16738.13,27810.01,16474.83,20340.99,0,0.0,0.26,0.369,0.618,58.54,0
C_2025_07559,Nov-2025,Marketplace,100640.88,35525.87,88392.63,33269.78,52396.09,1,0.2,0.486,0.399,0.591,71.18,0
C_2025_07560,Nov-2025,Marketplace,124523.11,38806.94,81455.87,46628.49,55630.44,1,0.2,0.333,0.354,0.629,63.97,0
C_2025_07561,Nov-2025,DAO,115150.88,43564.97,56078.55,46238.29,48627.27,2,0.4,0.111,0.362,0.559,62.45,0
C_2025_07562,Nov-2025,NFT,195813.6,60212.23,128530.34,63435.17,84059.25,1,0.2,0.374,0.397,0.562,49.8,0
C_2025_07563,Nov-2025,Token,60735.24,58105.99,120034.04,74736.95,84292.33,1,0.2,0.31,0.368,0.625,93.77,0
C_2025_07564,Nov-2025,NFT,155467.32,56808.72,77979.6,62379.6,65722.64,0,0.0,0.136,0.361,0.613,68.32,0
C_2025_07565,Nov-2025,Token,66645.91,52175.46,90744.41,62442.21,68454.03,2,0.4,0.238,0.358,0.558,53.3,0
C_2025_07566,Nov-2025,Wallet,114299.07,46605.72,70466.13,51568.44,56213.43,2,0.4,0.183,0.354,0.641,74.21,0
C_2025_07567,Nov-2025,Wallet,99950.81,62140.66,94086.48,69115.76,75114.3,0,0.0,0.183,0.39,0.615,81.89,0
C_2025_07568,Nov-2025,DAO,132459.58,63310.98,125386.66,76838.23,88511.96,1,0.2,0.301,0.378,0.6,69.75,0
C_2025_07569,Nov-2025,DeFi,133569.62,51185.55,93413.19,63222.38,69273.71,3,0.6,0.256,0.394,0.63,61.89,0
C_2025_07570,Nov-2025,Marketplace,117499.36,57969.62,98176.27,70527.83,75557.91,0,0.0,0.222,0.36,0.603,88.46,0
C_2025_07571,Nov-2025,DeFi,132748.91,41562.04,90566.64,49763.95,60630.87,4,0.8,0.353,0.387,0.596,49.22,0
C_2025_07572,Nov-2025,Marketplace,113899.2,44426.92,75055.68,50068.83,56517.14,3,0.6,0.235,0.389,0.592,91.52,0
C_2025_07573,Nov-2025,DeFi,138199.68,55748.52,225380.42690016248,58263.04,66131.16,4,0.2,0.3852149049093117,0.389,0.59,83.96,1
C_2025_07574,Nov-2025,Wallet,125990.48,70834.88,149608.14,86598.02,102347.02,2,0.4,0.333,0.392,0.602,83.09,0
C_2025_07575,Nov-2025,DAO,118122.16,46716.77,72680.79,46911.13,55436.23,0,0.0,0.22,0.354,0.636,52.69,0
C_2025_07576,Nov-2025,Token,62615.28,43669.64,92911.85,45235.31,60605.6,1,0.2,0.377,0.351,0.599,94.45,0
C_2025_07577,Nov-2025,DeFi,122190.94,66581.3,470818.8070915806,62547.17,93514.18,4,0.2,0.8540537474987825,0.392,0.603,41.08,1
C_2025_07578,Nov-2025,NFT,169939.72,56797.66,71087.09,69720.55,65868.43,1,0.2,0.098,0.39,0.596,73.43,0
C_2025_07579,Nov-2025,NFT,176824.57,60517.46,81312.55,77795.48,73208.5,2,0.4,0.124,0.374,0.62,89.85,0
C_2025_07580,Nov-2025,Token,59280.05,56561.76,85764.36,58973.25,67099.79,0,0.0,0.197,0.383,0.644,75.32,0
C_2025_07581,Nov-2025,Healthcare,113939.16,76168.16,150081.51,90201.77,105483.81,6,1.0,0.304,0.383,0.595,73.97,0
C_2025_07582,Nov-2025,NFT,197705.61,57881.88,134879.49,73162.49,88641.29,3,0.6,0.376,0.352,0.551,72.26,0
C_2025_07583,Nov-2025,NFT,213314.71,51685.28,307297.39254334767,49916.45,73418.14,4,0.2,0.7088769405520953,0.394,0.635,78.33,1
C_2025_07584,Nov-2025,Marketplace,103241.2,47783.89,316287.0375227409,47169.95,66876.18,6,0.4,0.7034200427051244,0.374,0.619,84.77,1
C_2025_07585,Nov-2025,Healthcare,97959.38,58530.07,138281.51,65567.06,87459.55,2,0.4,0.412,0.388,0.592,82.72,0
C_2025_07586,Nov-2025,NFT,158996.96,57463.42,76123.16,71276.66,68287.75,0,0.0,0.116,0.352,0.59,53.98,0
C_2025_07587,Nov-2025,Token,60302.07,45990.91,99982.19,55803.95,67259.02,0,0.0,0.349,0.377,0.564,67.48,0
C_2025_07588,Nov-2025,DAO,96455.93,45395.12,110422.62,58228.25,71348.66,1,0.2,0.394,0.379,0.643,60.78,0
C_2025_07589,Nov-2025,Token,68344.32,43745.04,89815.11,39394.82,57651.66,2,0.4,0.396,0.35,0.647,81.51,0
C_2025_07590,Nov-2025,DeFi,115355.51,34318.13,65222.25,40751.1,46763.83,0,0.0,0.285,0.36,0.555,94.22,0
C_2025_07591,Nov-2025,DeFi,132201.86,58328.15,102619.96,58035.11,72994.4,3,0.6,0.287,0.385,0.637,46.32,0
C_2025_07592,Nov-2025,Token,70525.61,54365.55,84756.99,64414.61,67845.72,0,0.0,0.186,0.382,0.601,86.74,0
C_2025_07593,Nov-2025,DeFi,96954.27,38226.81,92276.47,48689.74,59731.01,0,0.0,0.392,0.374,0.566,55.05,0
C_2025_07594,Nov-2025,Marketplace,100019.56,52981.93,64354.58,63093.5,60143.34,4,0.8,0.085,0.369,0.611,81.2,0
C_2025_07595,Nov-2025,Wallet,95212.52,38209.55,77141.96,41351.78,52234.43,2,0.4,0.338,0.382,0.642,52.99,0
C_2025_07596,Nov-2025,Marketplace,103085.55,40310.74,52254.9,45313.86,45959.83,2,0.4,0.107,0.372,0.628,82.26,0
C_2025_07597,Nov-2025,Healthcare,104521.99,52858.15,325670.1316291775,49565.01,68518.7,5,0.2,0.6072246995277142,0.387,0.617,47.44,1
C_2025_07598,Nov-2025,DeFi,129197.25,44395.73,64560.81,40100.74,49685.76,1,0.2,0.215,0.384,0.636,53.07,0
C_2025_07599,Nov-2025,DAO,103532.99,39361.17,56063.1,50332.15,48585.47,1,0.2,0.143,0.378,0.604,74.76,0
C_2025_07600,Nov-2025,DeFi,129517.37,50680.58,84506.97,52445.09,62544.21,2,0.4,0.249,0.368,0.593,83.59,0
C_2025_07601,Nov-2025,Marketplace,128232.12,56138.78,87562.39,70992.92,71564.7,0,0.0,0.179,0.38,0.631,87.65,0
C_2025_07602,Nov-2025,NFT,166314.25,34423.73,42869.79,41856.02,39716.51,0,0.0,0.095,0.371,0.649,90.48,0
C_2025_07603,Nov-2025,Marketplace,96549.53,44480.01,67929.89,52215.72,54875.21,1,0.2,0.178,0.362,0.582,63.82,0
C_2025_07604,Nov-2025,DeFi,144169.98,52887.5,113198.96,52183.93,72756.8,2,0.4,0.393,0.399,0.564,47.83,0
C_2025_07605,Nov-2025,Marketplace,115426.56,53447.07,66771.12,51700.54,57306.24,2,0.4,0.117,0.363,0.624,90.4,0
C_2025_07606,Nov-2025,DAO,104711.63,45588.41,80873.41,54675.13,60378.98,1,0.2,0.248,0.353,0.575,52.08,0
C_2025_07607,Nov-2025,DeFi,140403.41,45966.79,84133.93,59247.34,63116.02,0,0.0,0.251,0.356,0.55,79.51,0
C_2025_07608,Nov-2025,DeFi,141258.43,46860.81,94843.77,52998.3,64900.96,1,0.2,0.329,0.353,0.594,45.45,0
C_2025_07609,Nov-2025,Wallet,99685.43,67315.37,120525.08,73091.44,86977.3,1,0.2,0.274,0.377,0.631,68.06,0
C_2025_07610,Nov-2025,Wallet,115957.09,51541.95,121735.53,63349.29,78875.59,2,0.4,0.389,0.368,0.608,57.41,0
C_2025_07611,Nov-2025,Token,65076.7,45136.03,65880.78,53758.3,54925.04,0,0.0,0.155,0.398,0.638,88.06,0
C_2025_07612,Nov-2025,Energy,116729.28,59735.09,75831.17,69589.61,68385.29,1,0.2,0.097,0.381,0.598,65.98,0
C_2025_07613,Nov-2025,NFT,187789.5,43578.76,104705.02,52953.48,67079.09,2,0.4,0.401,0.362,0.647,83.44,0
C_2025_07614,Nov-2025,Token,63909.86,50673.96,73458.52,45981.91,56704.8,1,0.2,0.212,0.357,0.568,75.26,0
C_2025_07615,Nov-2025,Wallet,117986.79,49192.4,251252.54098065651,60681.27,64101.12,5,0.4,0.3958588426267084,0.387,0.559,78.01,1
C_2025_07616,Nov-2025,DeFi,106894.75,48434.77,88369.39,60169.12,65657.76,0,0.0,0.255,0.358,0.603,74.39,0
C_2025_07617,Nov-2025,Token,52279.95,45654.84,58773.74,41998.67,48809.08,0,0.0,0.148,0.395,0.563,56.23,0
C_2025_07618,Nov-2025,Marketplace,110772.28,45408.85,236873.11543995625,41850.87,59715.56,8,0.6,0.6446378472695611,0.383,0.624,83.44,1
C_2025_07619,Nov-2025,Marketplace,110723.52,45631.85,84229.48,58958.11,62939.81,1,0.2,0.254,0.375,0.604,76.28,0
C_2025_07620,Nov-2025,Energy,107480.13,50128.09,115135.37,49148.68,71470.71,1,0.2,0.432,0.374,0.607,67.36,0
C_2025_07621,Nov-2025,DeFi,122013.14,29046.17,40182.79,37403.4,35544.12,1,0.2,0.133,0.386,0.638,56.31,0
C_2025_07622,Nov-2025,Token,59740.69,34980.83,51858.27,42813.58,43217.56,1,0.2,0.16,0.4,0.607,88.95,0
C_2025_07623,Nov-2025,NFT,228688.52,50421.48,90295.68,53905.82,64874.33,0,0.0,0.278,0.398,0.568,68.95,0
C_2025_07624,Nov-2025,Token,75544.63,51866.24,100195.59,63380.24,71814.02,2,0.4,0.287,0.35,0.587,92.36,0
C_2025_07625,Nov-2025,DeFi,138538.25,51906.73,229615.11625950373,56913.87,61540.72,4,0.0,0.33322808476618004,0.384,0.628,81.13,1
C_2025_07626,Nov-2025,Token,63507.77,47557.62,321183.3243356829,57240.18,67471.14,5,0.2,0.5554129630442419,0.368,0.55,71.71,1
C_2025_07627,Nov-2025,DeFi,111799.5,57342.7,120082.49,57176.38,78200.53,3,0.6,0.379,0.359,0.632,82.77,0
C_2025_07628,Nov-2025,Marketplace,110642.04,33819.31,67092.66,40494.99,47135.66,2,0.4,0.305,0.36,0.611,70.24,0
C_2025_07629,Nov-2025,DAO,104509.93,35791.59,77365.18,41190.11,51448.96,1,0.2,0.359,0.383,0.613,65.2,0
C_2025_07630,Nov-2025,NFT,161739.36,45734.13,238525.67995236098,57784.43,59526.1,9,0.8,0.39593528260352545,0.358,0.622,63.21,1
C_2025_07631,Nov-2025,Healthcare,107906.55,65380.8,246779.03025431756,80405.71,75002.68,4,0.2,0.15070352594760553,0.365,0.622,43.25,1
C_2025_07632,Nov-2025,DeFi,130538.03,63848.74,141598.29,79306.19,94917.74,1,0.2,0.354,0.373,0.582,67.97,0
C_2025_07633,Nov-2025,NFT,148786.4,48879.18,97302.66,55925.07,67368.97,1,0.2,0.317,0.356,0.613,89.32,0
C_2025_07634,Nov-2025,DeFi,153698.63,48665.44,98612.38,43858.55,63712.12,0,0.0,0.389,0.389,0.554,92.59,0
C_2025_07635,Nov-2025,DAO,106637.94,56417.96,244161.52633011658,64608.31,70497.47,6,0.2,0.3768685322710142,0.361,0.614,84.04,1
C_2025_07636,Nov-2025,Token,69850.69,42601.48,99330.37,40348.8,60760.21,2,0.4,0.449,0.363,0.625,62.04,0
C_2025_07637,Nov-2025,DeFi,119550.52,53077.52,101885.7,55826.1,70263.1,3,0.6,0.319,0.4,0.555,43.9,0
C_2025_07638,Nov-2025,DeFi,132807.69,46613.82,88251.63,53869.48,62911.64,3,0.6,0.289,0.395,0.628,87.57,0
C_2025_07639,Nov-2025,Token,66980.11,66948.17,86391.3,82611.43,78650.3,1,0.2,0.107,0.376,0.613,76.4,0
C_2025_07640,Nov-2025,DeFi,147797.71,60479.68,136118.58,73044.01,89880.75,2,0.4,0.368,0.382,0.571,87.27,0
C_2025_07641,Nov-2025,Token,72452.15,56213.14,88386.66,64826.2,69808.67,1,0.2,0.195,0.391,0.605,50.49,0
C_2025_07642,Nov-2025,DAO,97649.34,44123.87,70868.23,43032.59,52674.9,3,0.6,0.244,0.365,0.55,52.39,0
C_2025_07643,Nov-2025,Wallet,96653.7,31036.9,122586.90279967002,29799.43,36275.51,5,0.4,0.4465012718124083,0.395,0.606,61.36,1
C_2025_07644,Nov-2025,Token,61357.55,37440.05,86876.98,48149.41,57488.81,1,0.2,0.369,0.396,0.564,56.36,0
C_2025_07645,Nov-2025,Healthcare,113688.07,38949.96,67431.48,39529.01,48636.82,3,0.6,0.273,0.392,0.58,40.5,0
C_2025_07646,Nov-2025,Marketplace,110348.78,40416.85,91059.65,37303.34,56259.94,2,0.4,0.438,0.355,0.558,77.34,0
C_2025_07647,Nov-2025,DeFi,100099.08,56895.54,243425.20259216463,60149.55,63950.55,6,0.2,0.237645711198681,0.393,0.556,73.45,1
C_2025_07648,Nov-2025,DeFi,150455.58,40521.61,55002.77,44179.86,46568.08,1,0.2,0.132,0.397,0.585,94.54,0
C_2025_07649,Nov-2025,Token,74699.88,51087.33,84474.11,47710.94,61090.79,0,0.0,0.272,0.379,0.643,43.92,0
C_2025_07650,Nov-2025,Energy,117298.5,64548.08,132189.67,63658.37,86798.71,0,0.0,0.37,0.354,0.575,51.75,0
C_2025_07651,Nov-2025,Token,61994.15,45227.24,85667.89,57882.07,62925.73,2,0.4,0.268,0.4,0.598,93.81,0
C_2025_07652,Nov-2025,Energy,122017.57,50780.56,90459.82,58337.17,66525.85,1,0.2,0.259,0.388,0.555,59.93,0
C_2025_07653,Nov-2025,Marketplace,110095.58,58782.91,76472.98,57784.31,64346.73,0,0.0,0.133,0.364,0.567,79.16,0
C_2025_07654,Nov-2025,Token,58005.39,53055.8,94359.1,54028.66,67147.85,1,0.2,0.287,0.395,0.64,62.72,0
C_2025_07655,Nov-2025,Wallet,114926.51,30485.89,55373.03,28190.73,38016.55,2,0.4,0.324,0.371,0.644,73.05,0
C_2025_07656,Nov-2025,Energy,102099.04,54140.23,251955.9838054141,52925.22,62668.54,4,0.2,0.31202949986398393,0.391,0.586,80.0,1
C_2025_07657,Nov-2025,Token,60207.84,46380.68,73456.4,45193.82,55010.3,2,0.4,0.237,0.379,0.571,50.87,0
C_2025_07658,Nov-2025,DeFi,155507.59,57884.44,268510.22266091063,69771.77,74389.72,7,0.6,0.3324608308870177,0.387,0.561,49.97,1
C_2025_07659,Nov-2025,Wallet,107719.05,46493.14,93819.93,59300.1,66537.72,4,0.8,0.3,0.383,0.617,68.44,0
C_2025_07660,Nov-2025,Token,72399.95,66765.43,135471.45,73580.78,91939.22,0,0.0,0.336,0.385,0.588,47.03,0
C_2025_07661,Nov-2025,DeFi,125370.95,52721.95,100325.74,62657.24,71901.65,1,0.2,0.285,0.36,0.565,43.99,0
C_2025_07662,Nov-2025,Token,66613.34,35514.56,50602.43,45754.96,43957.32,3,0.6,0.143,0.373,0.639,79.71,0
C_2025_07663,Nov-2025,DAO,116909.46,50902.27,353062.36238053016,53929.74,69921.23,3,0.0,0.545676004085205,0.37,0.642,42.46,1
C_2025_07664,Nov-2025,Wallet,115927.69,45962.58,76961.64,44784.07,55902.76,3,0.6,0.267,0.384,0.636,81.26,0
C_2025_07665,Nov-2025,Marketplace,90980.44,59536.56,137603.56,67064.54,88068.22,2,0.4,0.399,0.397,0.587,92.32,0
C_2025_07666,Nov-2025,Token,55535.69,33666.5,75695.14,33811.56,47724.4,1,0.2,0.414,0.38,0.628,41.44,0
C_2025_07667,Nov-2025,DAO,112363.23,51319.82,90868.12,60893.06,67693.67,3,0.6,0.249,0.377,0.583,68.77,0
C_2025_07668,Nov-2025,Token,62659.71,43174.19,181316.67927805003,46681.54,48653.37,4,0.2,0.19183425251725872,0.397,0.558,85.37,1
C_2025_07669,Nov-2025,Token,55841.66,45581.35,70848.31,57467.03,57965.56,1,0.2,0.178,0.357,0.618,57.46,0
C_2025_07670,Nov-2025,Token,63215.87,52178.62,234643.60619074432,66411.49,63809.04,5,0.2,0.22755878470133567,0.384,0.59,88.14,1
C_2025_07671,Nov-2025,Marketplace,108754.77,52275.49,76869.8,48622.6,59255.96,0,0.0,0.212,0.357,0.553,42.57,0
C_2025_07672,Nov-2025,Token,79968.94,50674.54,125583.45,48762.7,75006.9,2,0.4,0.477,0.386,0.574,57.12,0
C_2025_07673,Nov-2025,DeFi,112350.26,46580.09,84878.6,44379.02,58612.57,1,0.2,0.317,0.352,0.586,73.97,0
C_2025_07674,Nov-2025,DAO,118110.63,52280.85,68911.06,54923.51,58705.14,2,0.4,0.124,0.394,0.618,54.54,0
C_2025_07675,Nov-2025,Energy,109958.69,45096.95,95921.24,45433.26,62150.48,0,0.0,0.384,0.354,0.634,43.01,0
C_2025_07676,Nov-2025,NFT,202687.16,54602.71,120924.6,63419.95,79649.09,2,0.4,0.369,0.357,0.604,43.91,0
C_2025_07677,Nov-2025,Healthcare,130770.95,48092.76,85399.36,53061.38,62184.5,2,0.4,0.266,0.377,0.586,51.38,0
C_2025_07678,Nov-2025,DeFi,111867.42,62607.97,137580.94,71035.02,90407.98,0,0.0,0.371,0.368,0.577,48.25,0
C_2025_07679,Nov-2025,NFT,165113.06,59774.33,119383.48,74885.58,84681.13,1,0.2,0.299,0.39,0.594,71.01,0
C_2025_07680,Nov-2025,DeFi,129626.87,57460.85,93954.38,68433.43,73282.89,0,0.0,0.209,0.396,0.642,71.87,0
C_2025_07681,Nov-2025,Marketplace,108024.63,40497.31,70882.31,41279.94,50886.52,0,0.0,0.278,0.363,0.606,77.71,0
C_2025_07682,Nov-2025,DeFi,125721.19,48236.28,116765.16,50780.25,71927.23,2,0.4,0.441,0.364,0.58,55.25,0
C_2025_07683,Nov-2025,DAO,109693.22,27937.39,61061.62,28135.22,39044.74,1,0.2,0.399,0.359,0.597,53.8,0
C_2025_07684,Nov-2025,Token,69589.0,45312.33,96028.6,45308.94,62216.62,1,0.2,0.384,0.353,0.609,60.0,0
C_2025_07685,Nov-2025,Token,62700.33,48253.15,258180.49519287454,48667.35,65827.27,5,0.2,0.7101855711583257,0.362,0.635,71.48,1
C_2025_07686,Nov-2025,NFT,177436.9,42281.95,67675.07,50517.49,53491.5,0,0.0,0.198,0.396,0.598,80.39,0
C_2025_07687,Nov-2025,Wallet,99458.99,54470.02,127684.34,54093.12,78749.16,0,0.0,0.439,0.376,0.648,57.24,0
C_2025_07688,Nov-2025,NFT,173598.53,54011.27,123419.98,60060.19,79163.81,0,0.0,0.397,0.394,0.557,77.55,0
C_2025_07689,Nov-2025,Marketplace,114325.94,52872.95,108489.43,52894.05,71418.81,3,0.6,0.367,0.373,0.583,63.52,0
C_2025_07690,Nov-2025,DAO,103543.83,45172.18,99415.1,49298.69,64628.66,2,0.4,0.381,0.366,0.581,76.26,0
C_2025_07691,Nov-2025,Token,55651.06,70518.03,145858.06,77116.22,97830.77,3,0.6,0.348,0.355,0.616,61.43,0
C_2025_07692,Nov-2025,DeFi,157937.73,46633.68,68966.6,42789.72,52796.67,2,0.4,0.219,0.379,0.571,65.52,0
C_2025_07693,Nov-2025,Token,52306.51,49072.86,69336.79,51040.83,56483.5,0,0.0,0.162,0.358,0.623,75.7,0
C_2025_07694,Nov-2025,NFT,185257.37,34985.9,79704.9,43230.61,52640.47,1,0.2,0.369,0.358,0.579,76.89,0
C_2025_07695,Nov-2025,Wallet,107049.0,36614.57,83231.63,46013.88,55286.69,1,0.2,0.364,0.396,0.618,74.03,0
C_2025_07696,Nov-2025,DeFi,131969.6,49380.72,60371.36,46066.01,51939.36,0,0.0,0.118,0.385,0.612,91.96,0
C_2025_07697,Nov-2025,Energy,94319.65,39640.07,82070.57,38437.5,53382.71,1,0.2,0.38,0.38,0.628,51.21,0
C_2025_07698,Nov-2025,Token,58905.71,46808.03,93633.7,52687.51,64376.41,3,0.6,0.324,0.378,0.629,76.24,0
C_2025_07699,Nov-2025,DeFi,127955.93,57425.81,100795.29,52283.04,70168.05,0,0.0,0.31,0.385,0.597,76.31,0
C_2025_07700,Nov-2025,Token,69317.48,46887.24,111297.36,54619.82,70934.8,1,0.2,0.405,0.381,0.644,71.8,0
C_2025_07701,Nov-2025,DAO,112761.22,59549.61,123683.44,67119.0,83450.68,2,0.4,0.343,0.395,0.636,79.89,0
C_2025_07702,Nov-2025,Token,60636.11,62244.07,142058.66,79239.42,94514.05,1,0.2,0.363,0.389,0.596,73.48,0
C_2025_07703,Nov-2025,Marketplace,94658.73,43459.72,59333.81,42037.26,48276.93,3,0.6,0.162,0.378,0.635,69.67,0
C_2025_07704,Nov-2025,DeFi,142868.56,47214.62,92571.37,51555.46,63780.48,6,1.0,0.32,0.393,0.628,90.97,0
C_2025_07705,Nov-2025,DeFi,138447.23,52856.41,64129.86,68244.08,61743.45,0,0.0,0.105,0.393,0.643,40.12,0
C_2025_07706,Nov-2025,NFT,173617.92,62256.35,95563.24,74861.31,77560.3,3,0.6,0.177,0.363,0.576,58.92,0
C_2025_07707,Nov-2025,Token,70811.44,52453.05,103427.46,62981.46,72953.99,1,0.2,0.301,0.375,0.62,68.49,0
C_2025_07708,Nov-2025,DeFi,112296.06,43888.95,223951.78421766585,56720.05,55936.05,6,0.4,0.2801635962664471,0.354,0.619,65.15,1
C_2025_07709,Nov-2025,DAO,118510.56,54600.22,127308.89,66253.55,82720.89,1,0.2,0.385,0.389,0.582,53.46,0
C_2025_07710,Nov-2025,Marketplace,115133.77,41164.9,62373.99,43220.31,48919.74,2,0.4,0.195,0.392,0.556,94.22,0
C_2025_07711,Nov-2025,Marketplace,88894.74,43321.17,104004.52,41283.15,62869.61,1,0.2,0.463,0.371,0.635,86.72,0
C_2025_07712,Nov-2025,DeFi,137002.56,57098.6,83323.75,63944.28,68122.21,0,0.0,0.163,0.365,0.619,50.14,0
C_2025_07713,Nov-2025,Token,65546.65,42909.75,51544.77,49070.14,47841.55,1,0.2,0.076,0.369,0.642,78.71,0
C_2025_07714,Nov-2025,Marketplace,106190.8,42151.99,92009.1,49145.48,61102.19,0,0.0,0.361,0.353,0.618,73.5,0
C_2025_07715,Nov-2025,DeFi,120226.7,38678.4,55344.03,47628.93,47217.12,1,0.2,0.144,0.364,0.621,69.03,0
C_2025_07716,Nov-2025,Token,52615.49,56926.31,104559.06,62624.56,74703.31,2,0.4,0.284,0.37,0.565,76.55,0
C_2025_07717,Nov-2025,DeFi,137448.38,53407.13,65612.67,56710.37,58576.72,1,0.2,0.088,0.389,0.563,85.36,0
C_2025_07718,Nov-2025,Wallet,124361.99,57327.64,446107.80704510305,73138.23,90698.26,5,0.2,0.6356558020063207,0.37,0.568,60.96,1
C_2025_07719,Nov-2025,NFT,174820.12,53302.29,129971.29,49495.61,77589.73,0,0.0,0.478,0.379,0.624,51.96,0
C_2025_07720,Nov-2025,DeFi,146242.3,50078.01,109682.95,49713.72,69824.89,1,0.2,0.404,0.386,0.647,55.4,0
C_2025_07721,Nov-2025,Token,66324.54,50239.39,70578.98,58460.21,59759.53,2,0.4,0.14,0.373,0.575,41.74,0
C_2025_07722,Nov-2025,Token,65592.99,54032.57,114064.01,62035.33,76710.64,0,0.0,0.347,0.359,0.613,82.89,0
C_2025_07723,Nov-2025,DAO,124845.34,65620.14,142379.38,65452.38,91150.63,2,0.4,0.397,0.364,0.564,41.6,0
C_2025_07724,Nov-2025,Healthcare,103356.64,54435.39,228658.01907622337,65733.02,70403.93,5,0.2,0.32579570420660214,0.36,0.591,71.08,1
C_2025_07725,Nov-2025,DeFi,142217.05,48266.28,58160.11,51201.09,52542.49,3,0.6,0.079,0.379,0.57,77.45,0
C_2025_07726,Nov-2025,NFT,190821.54,44417.52,103300.56,48475.9,65397.99,0,0.0,0.411,0.387,0.597,45.2,0
C_2025_07727,Nov-2025,NFT,150484.49,42090.59,90253.47,45021.22,59121.76,2,0.4,0.373,0.386,0.595,47.43,0
C_2025_07728,Nov-2025,DeFi,112854.98,47521.43,116280.43,60830.17,74877.34,1,0.2,0.398,0.369,0.64,55.84,0
C_2025_07729,Nov-2025,Marketplace,96030.76,53594.15,121804.15,67354.93,80917.74,2,0.4,0.364,0.385,0.598,81.0,0
C_2025_07730,Nov-2025,Energy,114943.66,50119.28,99697.61,46407.89,65408.26,2,0.4,0.371,0.384,0.642,53.83,0
C_2025_07731,Nov-2025,DeFi,106013.67,54824.46,120982.77,62075.77,79294.33,1,0.2,0.374,0.397,0.6,84.23,0
C_2025_07732,Nov-2025,Marketplace,122835.56,47350.19,66671.46,46999.68,53673.78,1,0.2,0.171,0.372,0.599,46.31,0
C_2025_07733,Nov-2025,Marketplace,93941.59,47421.73,110861.35,52340.19,70207.75,2,0.4,0.41,0.367,0.577,83.13,0
C_2025_07734,Nov-2025,Token,57106.16,41909.83,52846.84,53902.1,49552.92,2,0.4,0.109,0.374,0.559,69.22,0
C_2025_07735,Nov-2025,Healthcare,108013.25,42229.62,55495.87,47954.54,48560.01,0,0.0,0.112,0.381,0.621,71.4,0
C_2025_07736,Nov-2025,DeFi,119324.95,49604.5,60257.53,51438.51,53766.85,2,0.4,0.086,0.384,0.607,49.17,0
C_2025_07737,Nov-2025,DeFi,140081.59,54155.92,81359.77,62515.13,66010.27,1,0.2,0.172,0.393,0.632,57.49,0
C_2025_07738,Nov-2025,NFT,198988.53,74439.27,106500.04,71332.89,84090.73,3,0.6,0.189,0.395,0.648,82.66,0
C_2025_07739,Nov-2025,Token,56117.7,36181.7,84322.46,36618.58,52374.25,0,0.0,0.431,0.391,0.569,89.9,0
C_2025_07740,Nov-2025,Healthcare,124767.28,67012.44,393102.1279791747,60752.55,91920.08,6,0.6,0.8628237506142978,0.391,0.575,66.94,1
C_2025_07741,Nov-2025,Marketplace,116545.57,45603.92,70321.39,45714.16,53879.82,3,0.6,0.216,0.352,0.646,44.24,0
C_2025_07742,Nov-2025,DeFi,116679.51,55363.26,126953.39,68924.19,83746.95,1,0.2,0.371,0.39,0.637,80.6,0
C_2025_07743,Nov-2025,NFT,179748.63,56108.51,116235.14,63332.18,78558.61,2,0.4,0.341,0.387,0.643,60.52,0
C_2025_07744,Nov-2025,DeFi,126504.95,49658.57,258130.9001286802,47302.78,63524.98,8,0.6,0.5229684307474293,0.377,0.615,70.51,1
C_2025_07745,Nov-2025,Energy,115276.92,52231.81,99082.09,49313.96,66875.95,0,0.0,0.341,0.369,0.6,52.38,0
C_2025_07746,Nov-2025,DeFi,113478.79,48857.06,73924.6,58314.99,60365.55,1,0.2,0.171,0.367,0.585,52.28,0
C_2025_07747,Nov-2025,Wallet,105548.05,47615.16,113313.08,55221.63,72049.96,1,0.2,0.407,0.379,0.62,53.92,0
C_2025_07748,Nov-2025,DeFi,110360.89,42354.63,55654.87,44667.68,47559.06,2,0.4,0.122,0.399,0.613,88.76,0
C_2025_07749,Nov-2025,Healthcare,104114.9,36868.45,44260.6,39838.67,40322.58,1,0.2,0.075,0.392,0.617,94.95,0
C_2025_07750,Nov-2025,DeFi,98782.28,49841.51,263500.67216696934,53536.98,60093.9,5,0.4,0.31818318923371863,0.351,0.563,89.03,1
C_2025_07751,Nov-2025,Token,73084.34,55520.64,266258.5567911078,63797.74,69691.26,5,0.4,0.3900298712390296,0.381,0.58,42.91,1
C_2025_07752,Nov-2025,Wallet,117393.51,39191.0,77548.79,43230.01,53323.27,1,0.2,0.323,0.357,0.616,87.8,0
C_2025_07753,Nov-2025,Healthcare,92387.3,48514.32,110430.83,49738.43,69561.19,1,0.2,0.416,0.386,0.596,63.28,0
C_2025_07754,Nov-2025,DeFi,129780.79,55973.66,234511.59012606397,71866.17,65409.03,5,0.0,0.20416042692930214,0.377,0.613,89.2,1
C_2025_07755,Nov-2025,Wallet,121967.3,54595.44,120159.07,53799.11,76184.54,2,0.4,0.408,0.356,0.625,93.41,0
C_2025_07756,Nov-2025,DAO,120564.7,56732.44,80373.74,56665.61,64590.6,1,0.2,0.173,0.383,0.564,62.74,0
C_2025_07757,Nov-2025,Token,59465.76,47471.39,92683.27,49583.78,63246.15,0,0.0,0.329,0.372,0.609,47.17,0
C_2025_07758,Nov-2025,DeFi,104706.2,55791.46,85781.75,67964.79,69846.0,1,0.2,0.176,0.391,0.641,57.33,0
C_2025_07759,Nov-2025,DeFi,130864.86,44906.81,95638.03,50974.46,63839.77,4,0.8,0.354,0.373,0.595,65.1,0
C_2025_07760,Nov-2025,DeFi,126949.77,54054.61,108031.11,68029.1,76704.94,0,0.0,0.298,0.394,0.626,51.43,0
C_2025_07761,Nov-2025,DAO,95622.16,41170.03,61248.59,47568.2,49995.61,1,0.2,0.168,0.362,0.579,91.57,0
C_2025_07762,Nov-2025,Wallet,94988.26,54382.39,122098.58,69019.37,81833.45,1,0.2,0.356,0.365,0.572,51.08,0
C_2025_07763,Nov-2025,NFT,175613.95,49785.01,65300.73,53037.95,56041.23,0,0.0,0.119,0.365,0.621,51.16,0
C_2025_07764,Nov-2025,Wallet,114117.8,46521.47,114852.1,59622.16,73665.24,3,0.6,0.402,0.392,0.598,65.12,0
C_2025_07765,Nov-2025,DAO,122953.02,55097.42,89463.83,52411.61,65657.62,1,0.2,0.257,0.388,0.573,47.6,0
C_2025_07766,Nov-2025,NFT,215739.74,42384.29,66344.0,40085.93,49604.74,5,1.0,0.239,0.369,0.61,81.27,0
C_2025_07767,Nov-2025,Marketplace,108092.57,39995.06,56456.26,46128.04,47526.45,3,0.6,0.143,0.391,0.583,85.97,0
C_2025_07768,Nov-2025,NFT,171769.73,36752.81,71651.19,33587.98,47330.66,2,0.4,0.364,0.358,0.619,44.5,0
C_2025_07769,Nov-2025,NFT,205926.07,31516.98,135477.8753703712,29994.08,36294.43,4,0.2,0.43085938704876103,0.357,0.571,65.9,1
C_2025_07770,Nov-2025,Token,59402.47,58838.87,90368.41,73532.0,74246.43,3,0.6,0.174,0.391,0.604,77.27,0
C_2025_07771,Nov-2025,Marketplace,97438.11,45498.0,80339.53,42602.47,56146.67,1,0.2,0.305,0.388,0.644,48.15,0
C_2025_07772,Nov-2025,DeFi,149178.38,43203.97,91972.64,39529.82,58235.48,0,0.0,0.41,0.356,0.607,43.03,0
C_2025_07773,Nov-2025,Token,50921.71,57900.7,119867.98,70222.95,82663.88,1,0.2,0.324,0.397,0.609,89.26,0
C_2025_07774,Nov-2025,DeFi,125048.46,69144.91,148568.01,68299.16,95337.36,0,0.0,0.395,0.355,0.635,90.18,0
C_2025_07775,Nov-2025,Marketplace,110221.19,52743.15,73842.77,60294.42,62293.45,1,0.2,0.14,0.386,0.559,42.06,0
C_2025_07776,Nov-2025,DeFi,113867.49,57021.95,97002.97,58336.48,70787.13,1,0.2,0.262,0.386,0.642,85.99,0
C_2025_07777,Nov-2025,NFT,199351.46,45795.16,84413.0,46157.37,58788.51,1,0.2,0.308,0.355,0.62,55.82,0
C_2025_07778,Nov-2025,NFT,189087.46,47130.47,64861.0,56836.44,56275.97,2,0.4,0.129,0.37,0.593,86.07,0
C_2025_07779,Nov-2025,Token,67384.28,48160.84,81329.44,49874.51,59788.27,3,0.6,0.255,0.381,0.555,92.53,0
C_2025_07780,Nov-2025,NFT,137901.35,46410.99,107627.67,47787.95,67275.54,3,0.6,0.424,0.38,0.566,83.1,0
C_2025_07781,Nov-2025,Token,62072.4,42501.0,215900.89741397247,51939.51,57260.61,5,0.4,0.3889341966193035,0.362,0.588,41.03,1
C_2025_07782,Nov-2025,NFT,166446.35,58701.67,75597.17,73311.71,69203.52,3,0.6,0.108,0.363,0.621,59.58,0
C_2025_07783,Nov-2025,Token,52941.01,56601.42,80326.99,63447.14,66791.85,1,0.2,0.149,0.36,0.628,86.86,0
C_2025_07784,Nov-2025,DeFi,131508.05,58592.9,142746.15,56288.29,85875.78,2,0.4,0.468,0.364,0.645,81.75,0
C_2025_07785,Nov-2025,Wallet,110731.64,44675.62,232168.09455522368,57597.3,64518.18,8,1.0,0.4852039793439905,0.386,0.613,70.39,1
C_2025_07786,Nov-2025,Wallet,117836.6,47724.0,74022.69,45994.28,55913.66,2,0.4,0.229,0.394,0.579,43.51,0
C_2025_07787,Nov-2025,Wallet,93912.44,46338.21,89767.85,50747.49,62284.52,3,0.6,0.313,0.369,0.586,60.19,0
C_2025_07788,Nov-2025,NFT,186732.72,67205.64,146613.47,64597.68,92805.6,2,0.4,0.41,0.381,0.629,61.11,0
C_2025_07789,Nov-2025,Marketplace,114067.94,54414.04,108167.64,53289.25,71956.97,4,0.8,0.356,0.399,0.551,76.52,0
C_2025_07790,Nov-2025,Wallet,116765.64,59514.78,92546.66,73149.79,75070.41,3,0.6,0.181,0.367,0.622,73.39,0
C_2025_07791,Nov-2025,Wallet,108556.82,49080.11,63432.56,57590.84,56701.17,1,0.2,0.104,0.367,0.633,53.62,0
C_2025_07792,Nov-2025,Energy,99054.33,66153.55,126589.1,75303.19,89348.61,1,0.2,0.298,0.378,0.59,50.99,0
C_2025_07793,Nov-2025,Marketplace,113477.17,53893.6,84574.62,60122.78,66197.0,3,0.6,0.2,0.377,0.648,58.35,0
C_2025_07794,Nov-2025,DeFi,116351.83,39936.45,86906.34,41326.34,56056.38,0,0.0,0.389,0.382,0.572,40.23,0
C_2025_07795,Nov-2025,Wallet,116322.0,46027.04,385542.9366855893,53611.43,70376.94,6,0.2,0.6731581654272467,0.36,0.638,76.61,1
C_2025_07796,Nov-2025,Marketplace,107299.91,44378.13,84293.13,54093.93,60921.73,1,0.2,0.279,0.392,0.557,53.23,0
C_2025_07797,Nov-2025,Token,62006.82,55213.48,100688.96,60450.29,72117.58,2,0.4,0.282,0.398,0.609,55.92,0
C_2025_07798,Nov-2025,Token,61168.18,48031.33,92408.87,57132.07,65857.42,2,0.4,0.291,0.367,0.575,53.38,0
C_2025_07799,Nov-2025,Marketplace,114695.65,32289.62,50277.45,30914.55,37827.21,2,0.4,0.233,0.394,0.601,58.44,0
C_2025_07800,Nov-2025,DeFi,124839.94,51981.92,94394.71,58194.23,68190.28,3,0.6,0.274,0.389,0.647,86.46,0
C_2025_07801,Nov-2025,Token,75231.22,39249.5,91419.74,43568.85,58079.36,1,0.2,0.407,0.391,0.626,88.89,0
C_2025_07802,Nov-2025,NFT,188407.34,52990.22,74762.89,64937.33,64230.15,4,0.8,0.139,0.351,0.647,77.57,0
C_2025_07803,Nov-2025,NFT,168502.05,43731.7,95048.34,52484.82,63754.95,0,0.0,0.352,0.374,0.631,93.17,0
C_2025_07804,Nov-2025,Wallet,127916.37,60598.12,321126.4485298891,67604.67,79298.24,3,0.0,0.41319165561570514,0.367,0.601,55.12,1
C_2025_07805,Nov-2025,DAO,112993.6,49406.31,171582.82518856946,50446.68,53158.24,5,0.2,0.15125767301372728,0.384,0.58,75.1,1
C_2025_07806,Nov-2025,DAO,115088.43,57481.12,72704.99,70016.91,66734.34,0,0.0,0.099,0.382,0.615,84.21,0
C_2025_07807,Nov-2025,NFT,127842.95,50885.55,95330.85,56905.45,67707.28,1,0.2,0.291,0.392,0.587,80.91,0
C_2025_07808,Nov-2025,Wallet,124997.55,42136.33,94340.42,47328.63,61268.46,3,0.6,0.383,0.392,0.572,51.81,0
C_2025_07809,Nov-2025,DAO,115184.61,54873.63,134072.13,49675.16,79540.31,0,0.0,0.486,0.376,0.636,94.52,0
C_2025_07810,Nov-2025,Marketplace,108366.71,49577.32,72093.38,62011.52,61227.41,2,0.4,0.15,0.353,0.612,63.96,0
C_2025_07811,Nov-2025,Token,70244.12,49899.0,89528.66,60807.47,66745.05,0,0.0,0.25,0.374,0.609,46.23,0
C_2025_07812,Nov-2025,Wallet,122768.22,42973.86,61842.76,40884.49,48567.04,2,0.4,0.194,0.389,0.582,45.44,0
C_2025_07813,Nov-2025,Healthcare,110965.77,46504.0,98261.62,48882.98,64549.53,1,0.2,0.37,0.368,0.623,79.5,0
C_2025_07814,Nov-2025,Wallet,115327.27,47987.28,89518.64,52770.31,63425.41,2,0.4,0.293,0.381,0.582,90.34,0
C_2025_07815,Nov-2025,DeFi,137578.25,42414.78,74153.17,49391.55,55319.83,0,0.0,0.246,0.37,0.561,93.28,0
C_2025_07816,Nov-2025,Marketplace,101284.11,48894.68,59790.75,55719.53,54801.65,2,0.4,0.082,0.367,0.586,78.76,0
C_2025_07817,Nov-2025,NFT,207997.01,35321.87,55534.08,42046.9,44300.95,0,0.0,0.19,0.399,0.614,48.19,0
C_2025_07818,Nov-2025,Token,72312.59,55550.1,123608.69,56010.77,78389.85,1,0.2,0.408,0.369,0.56,61.17,0
C_2025_07819,Nov-2025,Marketplace,111984.69,45959.1,58882.78,52684.7,52508.86,1,0.2,0.101,0.367,0.614,71.8,0
C_2025_07820,Nov-2025,NFT,186123.76,51916.58,76021.14,55308.95,61082.22,1,0.2,0.174,0.364,0.606,85.27,0
C_2025_07821,Nov-2025,Token,74752.43,51469.38,102668.83,64239.97,72792.73,3,0.6,0.299,0.385,0.554,93.18,0
C_2025_07822,Nov-2025,Marketplace,98239.66,42090.49,72537.96,52700.49,55776.31,2,0.4,0.226,0.374,0.615,51.76,0
C_2025_07823,Nov-2025,DeFi,138142.26,48846.98,102102.83,58599.39,69849.73,2,0.4,0.331,0.368,0.568,82.15,0
C_2025_07824,Nov-2025,DeFi,128763.91,48515.53,95561.58,50013.4,64696.84,0,0.0,0.337,0.377,0.602,79.04,0
C_2025_07825,Nov-2025,Wallet,112873.66,49231.33,95641.25,57024.38,67298.99,1,0.2,0.302,0.371,0.644,84.53,0
C_2025_07826,Nov-2025,DeFi,125953.24,45254.1,57581.09,50082.88,50972.69,1,0.2,0.099,0.389,0.559,54.94,0
C_2025_07827,Nov-2025,DeFi,130996.63,62477.23,141339.16,66587.77,90134.72,2,0.4,0.402,0.374,0.605,73.67,0
C_2025_07828,Nov-2025,DeFi,151483.8,54820.49,441565.3133024647,60857.46,81628.88,3,0.0,0.6657373823575332,0.391,0.641,45.85,1
C_2025_07829,Nov-2025,DeFi,137060.38,47260.13,287304.4201550797,45730.8,59821.56,7,0.6,0.6284526513920933,0.368,0.567,42.74,1
C_2025_07830,Nov-2025,Token,71455.95,45436.08,70307.92,53548.11,56430.7,2,0.4,0.184,0.381,0.566,52.14,0
C_2025_07831,Nov-2025,Marketplace,124328.76,51211.22,71594.06,48279.8,57028.36,1,0.2,0.182,0.4,0.55,64.69,0
C_2025_07832,Nov-2025,NFT,184766.24,42719.86,86258.86,52239.0,60405.91,1,0.2,0.309,0.353,0.622,64.2,0
C_2025_07833,Nov-2025,Token,59216.42,43526.41,60664.27,44111.06,49433.91,4,0.8,0.161,0.36,0.609,73.46,0
C_2025_07834,Nov-2025,Wallet,96862.69,46494.84,289734.96958934446,51629.92,61444.64,8,0.6,0.5473164811482689,0.387,0.602,64.05,1
C_2025_07835,Nov-2025,Token,65150.52,67657.93,127424.8,61521.29,85534.67,2,0.4,0.348,0.369,0.605,42.97,0
C_2025_07836,Nov-2025,Energy,128679.8,41429.2,100257.83,51358.62,64348.55,3,0.6,0.4,0.356,0.575,54.91,0
C_2025_07837,Nov-2025,DAO,133192.28,39848.62,79867.0,43124.85,54280.16,1,0.2,0.334,0.399,0.644,50.06,0
C_2025_07838,Nov-2025,Token,52466.58,56464.39,82029.04,66275.9,68256.44,2,0.4,0.154,0.37,0.603,89.13,0
C_2025_07839,Nov-2025,DeFi,149313.38,57673.01,213867.22981797843,68521.8,70198.23,7,0.4,0.26226825242312807,0.376,0.571,55.73,1
C_2025_07840,Nov-2025,DeFi,137674.21,57240.27,122896.83,53085.48,77740.86,2,0.4,0.411,0.371,0.635,49.76,0
C_2025_07841,Nov-2025,Marketplace,104051.54,36956.9,52534.17,35038.13,41509.73,3,0.6,0.189,0.362,0.649,74.58,0
C_2025_07842,Nov-2025,DeFi,123422.48,59224.39,136025.71,70414.97,88555.02,3,0.6,0.383,0.377,0.647,85.18,0
C_2025_07843,Nov-2025,NFT,162070.88,51445.96,88909.95,59693.07,66683.0,3,0.6,0.241,0.375,0.588,72.66,0
C_2025_07844,Nov-2025,Token,52600.67,47472.09,101670.14,44750.25,64630.83,1,0.2,0.406,0.398,0.58,58.75,0
C_2025_07845,Nov-2025,NFT,160949.74,53132.64,86181.81,62609.69,67308.04,0,0.0,0.206,0.366,0.551,48.26,0
C_2025_07846,Nov-2025,Energy,98766.09,68028.41,95432.55,63348.75,75603.24,0,0.0,0.187,0.354,0.56,44.75,0
C_2025_07847,Nov-2025,DeFi,132002.53,47588.29,115337.19,59123.28,74016.25,1,0.2,0.4,0.352,0.566,71.23,0
C_2025_07848,Nov-2025,DAO,77889.68,54173.01,75418.23,57826.25,62472.5,2,0.4,0.148,0.391,0.601,66.01,0
C_2025_07849,Nov-2025,NFT,156588.92,45526.73,54715.17,46839.69,49027.2,2,0.4,0.083,0.389,0.573,77.32,0
C_2025_07850,Nov-2025,Token,52019.26,58639.78,87027.7,65974.21,70547.23,1,0.2,0.171,0.398,0.596,79.05,0
C_2025_07851,Nov-2025,Token,61602.9,52955.7,66641.86,50381.88,56659.81,2,0.4,0.126,0.396,0.606,45.63,0
C_2025_07852,Nov-2025,DeFi,136953.23,43198.46,86007.67,41772.15,56992.76,1,0.2,0.36,0.376,0.603,87.88,0
C_2025_07853,Nov-2025,Token,54738.4,54989.75,107211.9,66705.03,76302.23,3,0.6,0.293,0.351,0.56,85.29,0
C_2025_07854,Nov-2025,Wallet,123690.62,47451.26,90715.83,46452.8,61539.96,2,0.4,0.335,0.354,0.56,50.37,0
C_2025_07855,Nov-2025,Wallet,124284.97,57224.05,115603.49,59221.59,77349.71,2,0.4,0.35,0.389,0.574,40.25,0
C_2025_07856,Nov-2025,DAO,99987.46,39750.7,97336.25,39237.64,58774.86,2,0.4,0.464,0.37,0.601,58.93,0
C_2025_07857,Nov-2025,Wallet,101132.47,43449.64,85194.64,51063.86,59902.71,4,0.8,0.303,0.351,0.609,85.0,0
C_2025_07858,Nov-2025,Token,84264.66,60365.6,148949.84,63170.0,90828.48,2,0.4,0.453,0.357,0.625,85.28,0
C_2025_07859,Nov-2025,NFT,205148.64,46836.87,91587.5,46978.4,61800.92,3,0.6,0.341,0.396,0.586,40.52,0
C_2025_07860,Nov-2025,DAO,103136.29,45725.2,58311.62,57529.48,53855.43,3,0.6,0.107,0.371,0.576,73.45,0
C_2025_07861,Nov-2025,NFT,178449.28,46168.74,86243.88,56630.95,63014.52,4,0.8,0.269,0.383,0.57,41.11,0
C_2025_07862,Nov-2025,DAO,87008.11,60602.76,141739.21,70196.91,90846.29,2,0.4,0.398,0.398,0.572,87.94,0
C_2025_07863,Nov-2025,Wallet,126052.12,55655.84,135799.1,55686.53,82380.49,2,0.4,0.459,0.393,0.59,75.19,0
C_2025_07864,Nov-2025,Token,50254.63,48473.98,118528.39,59040.0,75347.46,2,0.4,0.409,0.39,0.589,66.45,0
C_2025_07865,Nov-2025,DAO,138456.48,55061.47,112598.6,64548.6,77402.89,1,0.2,0.325,0.396,0.633,40.19,0
C_2025_07866,Nov-2025,DeFi,103293.28,50816.67,103439.76,55952.0,70069.48,0,0.0,0.338,0.386,0.578,54.31,0
C_2025_07867,Nov-2025,Token,60914.66,71249.61,481641.2838539599,73967.64,97771.2,5,0.2,0.5789848344909492,0.353,0.606,52.17,1
C_2025_07868,Nov-2025,Healthcare,106271.58,62905.9,95964.09,71922.73,76930.91,0,0.0,0.181,0.388,0.595,84.7,0
C_2025_07869,Nov-2025,DAO,106127.8,42046.14,60295.79,38870.75,47070.89,3,0.6,0.201,0.36,0.554,45.65,0
C_2025_07870,Nov-2025,Marketplace,113586.0,44290.34,87390.14,49927.49,60535.99,1,0.2,0.316,0.367,0.563,72.32,0
C_2025_07871,Nov-2025,DeFi,160369.64,56160.28,139839.18,62166.16,86055.21,2,0.4,0.443,0.397,0.561,78.73,0
C_2025_07872,Nov-2025,DeFi,135194.91,48189.65,70387.52,46070.74,54882.64,1,0.2,0.2,0.391,0.626,58.05,0
C_2025_07873,Nov-2025,Marketplace,125089.97,34904.17,66913.01,43449.37,48422.18,2,0.4,0.279,0.393,0.58,83.41,0
C_2025_07874,Nov-2025,Token,73209.62,51429.34,77176.41,60717.46,63107.74,4,0.8,0.169,0.361,0.577,85.54,0
C_2025_07875,Nov-2025,DeFi,122207.95,43126.82,103356.2,51842.49,66108.5,3,0.6,0.402,0.354,0.608,64.87,0
C_2025_07876,Nov-2025,Token,62437.32,43647.62,103149.65,53314.74,66704.0,3,0.6,0.391,0.355,0.575,57.28,0
C_2025_07877,Nov-2025,Token,72585.35,52151.82,122971.37,61171.1,78764.76,1,0.2,0.4,0.397,0.617,69.34,0
C_2025_07878,Nov-2025,DeFi,141060.46,47776.31,67791.68,43927.36,53165.12,1,0.2,0.197,0.353,0.621,54.16,0
C_2025_07879,Nov-2025,Wallet,121774.36,65387.24,90429.15,68938.53,74918.31,0,0.0,0.148,0.371,0.568,45.3,0
C_2025_07880,Nov-2025,DeFi,120563.34,53795.38,108321.71,66331.47,76149.52,3,0.6,0.306,0.375,0.605,76.86,0
C_2025_07881,Nov-2025,Wallet,123189.22,55235.35,110582.66,69212.85,78343.62,5,1.0,0.3,0.359,0.558,57.37,0
C_2025_07882,Nov-2025,Token,72759.48,42529.03,58880.84,45232.75,48880.88,0,0.0,0.146,0.35,0.611,66.45,0
C_2025_07883,Nov-2025,DAO,100822.0,48789.4,95854.89,59132.77,67925.69,0,0.0,0.297,0.371,0.581,89.05,0
C_2025_07884,Nov-2025,Energy,136096.23,47739.25,94093.75,55935.71,65922.9,2,0.4,0.306,0.355,0.648,75.86,0
C_2025_07885,Nov-2025,NFT,195909.04,54193.24,94722.96,57146.46,68687.56,2,0.4,0.269,0.365,0.637,45.22,0
C_2025_07886,Nov-2025,Token,57126.49,57304.11,124321.34,63368.13,81664.53,1,0.2,0.371,0.358,0.556,85.41,0
C_2025_07887,Nov-2025,DeFi,114731.97,58294.14,133376.25,71904.57,87858.32,0,0.0,0.372,0.386,0.579,65.7,0
C_2025_07888,Nov-2025,Wallet,133372.57,39135.33,64623.06,36368.52,46708.97,4,0.8,0.272,0.381,0.611,74.03,0
C_2025_07889,Nov-2025,NFT,181400.44,54643.08,121221.28,56027.49,77297.28,1,0.2,0.402,0.389,0.62,58.82,0
C_2025_07890,Nov-2025,Marketplace,110752.73,49480.48,84095.11,48287.98,60621.19,0,0.0,0.274,0.396,0.563,59.78,0
C_2025_07891,Nov-2025,Marketplace,95414.41,63983.27,116494.25,78126.69,86201.4,2,0.4,0.257,0.37,0.587,66.06,0
C_2025_07892,Nov-2025,Token,61377.66,33828.69,82173.08,34318.71,50106.83,3,0.6,0.453,0.358,0.637,77.17,0
C_2025_07893,Nov-2025,DeFi,149132.14,50797.32,125420.69,54036.15,76751.39,2,0.4,0.449,0.354,0.585,84.47,0
C_2025_07894,Nov-2025,DAO,118850.4,53361.09,74204.71,53231.35,60265.72,0,0.0,0.164,0.399,0.567,72.89,0
C_2025_07895,Nov-2025,DeFi,150308.48,62108.43,130375.64,67919.83,86801.3,0,0.0,0.356,0.385,0.578,44.17,0
C_2025_07896,Nov-2025,DeFi,122018.97,43394.26,76468.12,54005.43,57955.94,2,0.4,0.238,0.398,0.641,84.88,0
C_2025_07897,Nov-2025,DAO,117826.27,35027.64,59739.67,37170.13,43979.15,0,0.0,0.254,0.357,0.646,73.55,0
C_2025_07898,Nov-2025,Token,67012.14,46008.13,92343.08,42565.82,60305.68,1,0.2,0.376,0.353,0.555,54.05,0
C_2025_07899,Nov-2025,Token,60748.0,59328.74,120520.38,56358.72,78735.94,2,0.4,0.376,0.377,0.568,50.77,0
C_2025_07900,Nov-2025,Token,53964.28,54048.38,79892.99,60338.75,64760.04,1,0.2,0.17,0.37,0.555,89.79,0
C_2025_07901,Nov-2025,DeFi,125611.63,49767.05,74254.81,63857.45,62626.44,1,0.2,0.16,0.366,0.592,51.65,0
C_2025_07902,Nov-2025,Token,65444.78,63341.71,137886.27,63452.72,88226.9,0,0.0,0.398,0.398,0.601,44.39,0
C_2025_07903,Nov-2025,Token,63781.66,42609.44,89643.58,45108.77,59120.6,2,0.4,0.365,0.35,0.636,94.15,0
C_2025_07904,Nov-2025,NFT,188573.52,45111.49,112660.52,49370.27,69047.43,0,0.0,0.447,0.392,0.589,55.0,0
C_2025_07905,Nov-2025,DAO,123986.77,49748.84,211748.80273049953,53208.07,59241.5,7,0.6,0.35945318531854276,0.385,0.609,47.28,1
C_2025_07906,Nov-2025,Marketplace,114399.19,59102.19,124795.63,71602.25,85166.69,1,0.2,0.334,0.377,0.584,54.22,0
C_2025_07907,Nov-2025,DAO,118676.75,56311.14,128464.8,66372.7,83716.21,1,0.2,0.381,0.376,0.634,59.05,0
C_2025_07908,Nov-2025,DeFi,118564.86,58347.05,95694.0,70071.67,74704.24,1,0.2,0.209,0.391,0.628,83.86,0
C_2025_07909,Nov-2025,DeFi,99621.47,47196.75,366505.99563022546,53581.77,69851.21,7,0.6,0.7342891052599858,0.369,0.574,93.08,1
C_2025_07910,Nov-2025,Marketplace,109605.08,45451.45,76136.92,43801.81,55130.06,2,0.4,0.27,0.375,0.608,61.48,0
C_2025_07911,Nov-2025,DAO,109109.53,56502.6,139991.66,57524.29,84672.85,0,0.0,0.462,0.379,0.632,61.36,0
C_2025_07912,Nov-2025,DAO,117035.27,43800.61,67985.14,52906.54,54897.43,1,0.2,0.182,0.394,0.57,85.14,0
C_2025_07913,Nov-2025,Token,71793.22,40081.92,60797.32,37910.59,46263.27,2,0.4,0.223,0.352,0.598,48.18,0
C_2025_07914,Nov-2025,DeFi,146522.46,35633.85,86275.18,39358.47,53755.83,0,0.0,0.429,0.397,0.553,75.36,0
C_2025_07915,Nov-2025,Token,72011.93,43530.0,70979.59,46642.34,53717.31,2,0.4,0.228,0.365,0.55,87.11,0
C_2025_07916,Nov-2025,Wallet,109430.97,50769.06,86303.41,54403.24,63825.23,1,0.2,0.25,0.374,0.565,43.17,0
C_2025_07917,Nov-2025,Token,70901.19,53806.12,121238.67,61912.04,78985.61,1,0.2,0.381,0.366,0.581,59.23,0
C_2025_07918,Nov-2025,DeFi,121569.05,59083.33,111384.4,67684.44,79384.06,2,0.4,0.288,0.385,0.602,69.06,0
C_2025_07919,Nov-2025,Token,54068.13,42012.13,55894.66,41148.97,46351.92,2,0.4,0.146,0.377,0.606,42.6,0
C_2025_07920,Nov-2025,Marketplace,119049.23,57109.7,141080.92,55617.79,84602.8,2,0.4,0.472,0.389,0.577,55.45,0
C_2025_07921,Nov-2025,NFT,172124.57,52753.56,347347.2478119012,56764.79,70963.14,3,0.0,0.5628280836350189,0.398,0.571,54.72,1
C_2025_07922,Nov-2025,NFT,174434.7,31040.44,43070.83,35757.8,36623.03,1,0.2,0.135,0.385,0.601,86.24,0
C_2025_07923,Nov-2025,NFT,172019.0,44559.15,82522.42,44270.58,57117.38,1,0.2,0.315,0.371,0.569,77.52,0
C_2025_07924,Nov-2025,DeFi,140580.96,53105.41,239202.5120512563,64259.89,69775.3,7,0.4,0.4634193450431293,0.373,0.565,83.47,1
C_2025_07925,Nov-2025,Wallet,109665.48,56219.34,139466.02,60784.28,85489.88,2,0.4,0.447,0.357,0.616,68.09,0
C_2025_07926,Nov-2025,Token,54322.46,51521.22,310407.93291870557,62040.61,72244.58,4,0.2,0.47002630659103783,0.371,0.625,72.99,1
C_2025_07927,Nov-2025,Energy,111882.02,56572.03,125064.92,51366.74,77667.9,0,0.0,0.432,0.388,0.561,42.35,0
C_2025_07928,Nov-2025,Marketplace,105284.11,50781.1,73025.66,47327.62,57044.79,2,0.4,0.2,0.373,0.552,54.56,0
C_2025_07929,Nov-2025,Token,61791.72,46922.73,70033.39,57346.03,58100.72,2,0.4,0.163,0.381,0.623,46.11,0
C_2025_07930,Nov-2025,Token,60203.44,36225.06,58102.86,40113.0,44813.64,0,0.0,0.213,0.372,0.623,65.35,0
C_2025_07931,Nov-2025,Energy,117309.98,45329.08,205103.2197659234,48503.79,57156.21,4,0.2,0.4912086477499863,0.38,0.569,82.31,1
C_2025_07932,Nov-2025,DeFi,145393.95,49608.31,120079.79,52246.93,73978.34,0,0.0,0.441,0.375,0.577,63.46,0
C_2025_07933,Nov-2025,Token,58085.31,32889.53,60784.31,37854.92,43842.92,0,0.0,0.277,0.363,0.567,79.07,0
C_2025_07934,Nov-2025,NFT,185513.02,56190.32,453887.2790454982,52307.51,82374.29,5,0.4,0.8229853871127406,0.39,0.606,93.82,1
C_2025_07935,Nov-2025,Token,55598.79,35361.47,49963.93,34083.36,39802.92,2,0.4,0.181,0.388,0.594,92.46,0
C_2025_07936,Nov-2025,DAO,112119.0,53436.6,133258.59,48149.55,78281.58,0,0.0,0.497,0.353,0.644,73.27,0
C_2025_07937,Nov-2025,Healthcare,110549.58,46038.2,65732.67,57268.47,56346.45,2,0.4,0.143,0.376,0.618,58.45,0
C_2025_07938,Nov-2025,DeFi,128117.76,54524.36,93643.15,64500.63,70889.38,3,0.6,0.234,0.355,0.561,59.89,0
C_2025_07939,Nov-2025,DeFi,163481.81,47029.05,108874.31,60941.0,72281.45,1,0.2,0.366,0.38,0.606,44.97,0
C_2025_07940,Nov-2025,Marketplace,124231.6,59319.11,134014.69,55383.68,82905.82,1,0.2,0.436,0.383,0.571,78.07,0
C_2025_07941,Nov-2025,Wallet,96656.47,33543.01,75921.81,34860.14,48108.32,1,0.2,0.409,0.384,0.59,67.42,0
C_2025_07942,Nov-2025,Token,70440.36,33836.68,46704.93,42477.79,41006.47,1,0.2,0.131,0.379,0.566,44.32,0
C_2025_07943,Nov-2025,NFT,159824.6,50680.17,104357.06,61834.7,72290.64,3,0.6,0.32,0.378,0.566,53.48,0
C_2025_07944,Nov-2025,DAO,99218.6,56820.08,81466.08,59589.38,65958.52,0,0.0,0.167,0.357,0.565,52.43,0
C_2025_07945,Nov-2025,DeFi,124088.91,55707.41,86682.31,52944.06,65111.26,0,0.0,0.235,0.358,0.622,93.34,0
C_2025_07946,Nov-2025,DAO,117717.78,53551.44,119032.51,54537.91,75707.29,2,0.4,0.405,0.396,0.65,70.87,0
C_2025_07947,Nov-2025,Token,56406.56,38931.2,76195.24,35159.23,50095.22,1,0.2,0.37,0.381,0.61,72.51,0
C_2025_07948,Nov-2025,DAO,139173.37,61917.1,118109.16,68713.44,82913.23,3,0.6,0.302,0.363,0.569,64.16,0
C_2025_07949,Nov-2025,Token,78724.11,36061.94,68739.98,37755.43,47519.12,1,0.2,0.316,0.394,0.573,59.69,0
C_2025_07950,Nov-2025,Healthcare,104764.26,49960.26,76266.95,62535.51,62920.91,2,0.4,0.171,0.374,0.633,42.22,0
C_2025_07951,Nov-2025,Token,66968.8,53723.73,124790.98,48715.23,75743.31,0,0.0,0.459,0.36,0.609,45.08,0
C_2025_07952,Nov-2025,Marketplace,110753.1,50871.56,114454.66,57664.95,74330.39,1,0.2,0.384,0.396,0.615,62.98,0
C_2025_07953,Nov-2025,Energy,97215.01,35048.06,45944.77,43846.21,41613.01,6,1.0,0.113,0.354,0.612,48.53,0
C_2025_07954,Nov-2025,Energy,106126.59,46297.83,93187.93,55099.19,64861.65,1,0.2,0.314,0.365,0.617,80.95,0
C_2025_07955,Nov-2025,Wallet,98149.53,40412.53,72665.26,43649.04,52242.27,3,0.6,0.278,0.385,0.626,74.67,0
C_2025_07956,Nov-2025,Healthcare,93807.56,44083.66,87531.05,51289.24,60967.98,1,0.2,0.312,0.393,0.631,50.11,0
C_2025_07957,Nov-2025,NFT,178605.51,54881.47,101299.18,53802.82,69994.49,2,0.4,0.316,0.376,0.638,92.39,0
C_2025_07958,Nov-2025,Token,67685.61,35855.5,79558.06,40088.38,51833.98,0,0.0,0.38,0.38,0.562,59.11,0
C_2025_07959,Nov-2025,DAO,112424.36,50191.52,271158.5297258429,51261.66,69704.82,5,0.2,0.7263681223667537,0.369,0.615,62.58,1
C_2025_07960,Nov-2025,Marketplace,120192.15,60357.55,124787.42,64468.24,83204.4,0,0.0,0.354,0.394,0.557,65.52,0
C_2025_07961,Nov-2025,Token,56375.64,41613.17,62195.52,41973.58,48594.09,4,0.8,0.198,0.39,0.567,47.84,0
C_2025_07962,Nov-2025,NFT,137843.05,42597.91,56468.96,40858.79,46641.89,3,0.6,0.15,0.371,0.613,83.14,0
C_2025_07963,Nov-2025,Marketplace,113483.89,39401.01,95352.07,42593.15,59115.41,1,0.2,0.434,0.391,0.611,61.0,0
C_2025_07964,Nov-2025,Energy,132481.24,53279.91,78724.61,55228.78,62411.1,2,0.4,0.185,0.353,0.586,69.59,0
C_2025_07965,Nov-2025,Token,71973.89,46656.93,66262.1,48796.17,53905.06,1,0.2,0.163,0.365,0.645,68.61,0
C_2025_07966,Nov-2025,Token,61858.1,55035.94,109856.15,66334.7,77075.6,3,0.6,0.307,0.368,0.632,52.7,0
C_2025_07967,Nov-2025,NFT,135343.71,64360.28,132863.2,75121.46,90781.65,2,0.4,0.331,0.392,0.599,76.4,0
C_2025_07968,Nov-2025,Marketplace,104292.06,47876.2,368158.46081727115,47909.73,67213.69,5,0.2,0.8129127488131427,0.383,0.619,89.59,1
C_2025_07969,Nov-2025,NFT,181551.23,54995.06,89024.24,57736.59,67251.97,1,0.2,0.23,0.397,0.632,47.99,0
C_2025_07970,Nov-2025,NFT,170507.54,53511.33,87557.42,58218.73,66429.16,1,0.2,0.227,0.35,0.638,48.93,0
C_2025_07971,Nov-2025,Wallet,119404.61,50012.4,113391.97,60537.5,74647.29,2,0.4,0.372,0.354,0.556,86.39,0
C_2025_07972,Nov-2025,Wallet,102799.96,49016.84,101071.28,57512.49,69200.2,1,0.2,0.33,0.379,0.61,68.11,0
C_2025_07973,Nov-2025,NFT,162887.47,48474.02,190802.23871777244,52536.82,53527.97,5,0.0,0.14877715121142193,0.397,0.614,72.2,1
C_2025_07974,Nov-2025,DeFi,104431.52,42524.95,60970.16,39295.49,47596.86,7,1.0,0.201,0.361,0.561,94.67,0
C_2025_07975,Nov-2025,NFT,203665.22,44964.63,106028.39,49057.56,66683.52,2,0.4,0.418,0.354,0.639,76.07,0
C_2025_07976,Nov-2025,NFT,133237.82,48104.1,73314.56,53046.47,58155.04,0,0.0,0.188,0.381,0.588,87.21,0
C_2025_07977,Nov-2025,DeFi,128523.66,39886.84,82018.68,47307.8,56404.44,1,0.2,0.326,0.351,0.61,79.81,0
C_2025_07978,Nov-2025,NFT,164816.54,53392.03,131310.05,52952.7,79218.26,1,0.2,0.465,0.352,0.631,40.31,0
C_2025_07979,Nov-2025,Marketplace,99326.67,49368.37,62116.96,62888.53,58124.62,2,0.4,0.107,0.393,0.63,78.04,0
C_2025_07980,Nov-2025,Marketplace,137647.65,56250.69,330383.90959253645,62507.95,71674.72,7,0.4,0.4575274804807087,0.362,0.571,71.85,1
C_2025_07981,Nov-2025,Token,56622.84,56251.94,117006.85,64759.29,79339.36,1,0.2,0.339,0.394,0.607,78.71,0
C_2025_07982,Nov-2025,Token,58199.36,34495.38,51838.37,42642.09,42991.94,0,0.0,0.165,0.362,0.569,92.44,0
C_2025_07983,Nov-2025,Token,76446.87,56742.39,76088.56,55471.6,62767.51,2,0.4,0.15,0.378,0.598,48.45,0
C_2025_07984,Nov-2025,Token,55413.66,52731.49,118903.45,60503.88,77379.61,2,0.4,0.382,0.388,0.605,71.46,0
C_2025_07985,Nov-2025,DeFi,122808.97,73555.36,165308.76,80475.79,106446.64,5,1.0,0.392,0.362,0.557,77.68,0
C_2025_07986,Nov-2025,DeFi,144440.76,38648.65,50266.92,49557.58,46157.71,1,0.2,0.115,0.374,0.629,87.59,0
C_2025_07987,Nov-2025,DeFi,114073.81,49120.35,116809.23,63486.49,76472.02,0,0.0,0.381,0.354,0.607,69.36,0
C_2025_07988,Nov-2025,DeFi,104386.88,56621.85,71651.89,64103.88,64125.87,0,0.0,0.096,0.367,0.608,51.47,0
C_2025_07989,Nov-2025,DeFi,156748.96,52821.27,67902.51,60627.67,60450.48,1,0.2,0.102,0.385,0.581,50.03,0
C_2025_07990,Nov-2025,Token,67991.71,35912.87,221270.65700300815,34758.65,46949.29,5,0.4,0.6044100505004006,0.359,0.562,94.01,1
C_2025_07991,Nov-2025,Token,73615.75,55244.66,95127.6,58882.21,69751.49,1,0.2,0.258,0.366,0.57,55.54,0
C_2025_07992,Nov-2025,DeFi,111109.86,58624.35,137074.28,53902.76,83200.46,2,0.4,0.458,0.389,0.582,60.31,0
C_2025_07993,Nov-2025,Marketplace,113672.16,53808.13,91449.0,53062.52,66106.55,0,0.0,0.271,0.393,0.62,73.4,0
C_2025_07994,Nov-2025,Token,65675.28,50450.07,110488.98,53893.98,71611.01,0,0.0,0.384,0.386,0.575,83.04,0
C_2025_07995,Nov-2025,Token,57385.72,46422.35,202192.19248034546,46731.3,54742.72,6,0.2,0.39768371174422945,0.361,0.589,87.75,1
C_2025_07996,Nov-2025,Marketplace,107690.66,46754.47,90282.93,58433.37,65156.93,1,0.2,0.282,0.39,0.587,86.84,0
C_2025_07997,Nov-2025,DeFi,163826.23,38321.53,73927.81,36318.18,49522.51,1,0.2,0.349,0.384,0.643,51.68,0
C_2025_07998,Nov-2025,DAO,110173.65,42820.51,73141.19,39150.24,51703.98,3,0.6,0.295,0.356,0.609,55.48,0
C_2025_07999,Nov-2025,Marketplace,116621.79,40681.32,88501.89,45193.41,58125.54,1,0.2,0.371,0.38,0.555,64.41,0
C_2025_08000,Nov-2025,Energy,98043.23,52115.46,92947.26,54131.89,66398.2,2,0.4,0.283,0.362,0.646,92.86,0
